INSERT INTO public.tenants VALUES ('beefa9d8-2a7d-4b37-9fec-3f2a433e7050', 'asgard', 'asgard');



INSERT INTO public.contractor VALUES ('383fbe30-2eef-441f-898e-b07f8c53bb68', 'Kiewit Power', 'beefa9d8-2a7d-4b37-9fec-3f2a433e7050', false);
INSERT INTO public.contractor VALUES ('841b37e4-f9ac-42a1-b273-ce0c7eed6678', 'Kiewit Energy Group Inc. And Subsidiaries', 'beefa9d8-2a7d-4b37-9fec-3f2a433e7050', false);
INSERT INTO public.contractor VALUES ('d09325dc-ff71-43f9-8495-d07690f75fa5', 'Feeney Brothers', 'beefa9d8-2a7d-4b37-9fec-3f2a433e7050', false);
INSERT INTO public.contractor VALUES ('071af55d-0b58-4309-b6ca-3676c49276b9', 'NEUCO', 'beefa9d8-2a7d-4b37-9fec-3f2a433e7050', false);
INSERT INTO public.contractor VALUES ('9c78fc54-7321-4252-b38d-5889c9e21f70', 'CHI Engineering Services', 'beefa9d8-2a7d-4b37-9fec-3f2a433e7050', false);
INSERT INTO public.contractor VALUES ('fbf1c60d-0eee-41d2-851c-cf8199abbb37', 'RH White Construction', 'beefa9d8-2a7d-4b37-9fec-3f2a433e7050', false);
INSERT INTO public.contractor VALUES ('f7303fa9-dd72-437c-8fba-6a65472cfb8d', 'Bond Brothers Inc.', 'beefa9d8-2a7d-4b37-9fec-3f2a433e7050', false);
INSERT INTO public.contractor VALUES ('9afbb0b0-7b68-475f-ad7a-3cad9f38f646', 'Fraser Engineering Company Inc.', 'beefa9d8-2a7d-4b37-9fec-3f2a433e7050', false);
INSERT INTO public.contractor VALUES ('4b7ad271-cb74-47d7-b498-70d8cd1760d0', 'Lewis Tree Services', 'beefa9d8-2a7d-4b37-9fec-3f2a433e7050', false);
INSERT INTO public.contractor VALUES ('100faf19-b58b-43de-88bb-ba8e4b75dc26', 'Arden Engineering Constructors LLC', 'beefa9d8-2a7d-4b37-9fec-3f2a433e7050', false);
INSERT INTO public.contractor VALUES ('3feb41e9-e355-48ad-8fd1-1960e70cf6c8', 'GPL Construction Inc', 'beefa9d8-2a7d-4b37-9fec-3f2a433e7050', false);
INSERT INTO public.contractor VALUES ('8074395d-467c-45dc-a66f-4f64a16bbb4e', 'Hallen Construction Co. Inc.', 'beefa9d8-2a7d-4b37-9fec-3f2a433e7050', false);
INSERT INTO public.contractor VALUES ('2614296d-6622-402b-b176-177ccc2d8abd', 'Sapphire Gas Solutions', 'beefa9d8-2a7d-4b37-9fec-3f2a433e7050', false);
INSERT INTO public.contractor VALUES ('46217c83-40b8-433d-af42-db4e0aec3acc', 'Bancker Construction Corp.', 'beefa9d8-2a7d-4b37-9fec-3f2a433e7050', false);
INSERT INTO public.contractor VALUES ('543155bb-c749-4845-8190-9a1632649d94', 'IPC', 'beefa9d8-2a7d-4b37-9fec-3f2a433e7050', false);
INSERT INTO public.contractor VALUES ('17b7a25f-a5cf-4df8-b3bb-45cbc7e4ca2b', 'Sky Testing Services Inc.', 'beefa9d8-2a7d-4b37-9fec-3f2a433e7050', false);
INSERT INTO public.contractor VALUES ('98eb14a1-d924-4ce1-b4fe-e5ae1fae9600', 'AccuWeld Technologies Inc', 'beefa9d8-2a7d-4b37-9fec-3f2a433e7050', false);
INSERT INTO public.contractor VALUES ('8977ac78-bada-4282-80e4-9b28a4a50fb7', 'Safeway Construction Enterprises, LLC', 'beefa9d8-2a7d-4b37-9fec-3f2a433e7050', false);
INSERT INTO public.contractor VALUES ('76bc4a92-35b2-4cf2-86b1-ba3bc94fc9e9', 'Burns & McDonnell Engineering Inc.', 'beefa9d8-2a7d-4b37-9fec-3f2a433e7050', false);
INSERT INTO public.contractor VALUES ('ef9c1a1d-6edb-4389-ad0a-0f652b15781c', 'AGI Construction', 'beefa9d8-2a7d-4b37-9fec-3f2a433e7050', false);
INSERT INTO public.contractor VALUES ('98c4edfe-5925-4c20-9cd3-a72d890f8a2e', 'Alliance Integrated Systems Inc.', 'beefa9d8-2a7d-4b37-9fec-3f2a433e7050', false);
INSERT INTO public.contractor VALUES ('e9880591-9886-4b49-b041-caabc81dbb48', 'Mass Bay Electrical Corporation', 'beefa9d8-2a7d-4b37-9fec-3f2a433e7050', false);
INSERT INTO public.contractor VALUES ('a1d50a05-61b8-4875-9fe8-74d0e0192fed', 'McDonough Electric Construction Corporation', 'beefa9d8-2a7d-4b37-9fec-3f2a433e7050', false);
INSERT INTO public.contractor VALUES ('199f703e-5b4f-4da0-90f5-dbf082a8c7d0', 'One Source Power LLC', 'beefa9d8-2a7d-4b37-9fec-3f2a433e7050', false);
INSERT INTO public.contractor VALUES ('d3eb75b6-655c-4a1a-a304-61ae6944f0fd', 'Alliance Power Group', 'beefa9d8-2a7d-4b37-9fec-3f2a433e7050', false);
INSERT INTO public.contractor VALUES ('8c51ca12-7c08-4332-9131-f4004bddfb2f', 'Robert J. Devereaux Corp.', 'beefa9d8-2a7d-4b37-9fec-3f2a433e7050', false);
INSERT INTO public.contractor VALUES ('cfa6f2e5-b72f-45f7-803b-65c67227072a', 'McGrath Fence Company Inc.', 'beefa9d8-2a7d-4b37-9fec-3f2a433e7050', false);
INSERT INTO public.contractor VALUES ('d31bcd4d-2c62-4c92-bc8a-30168338b9de', 'Murphy Electric & Industrial Control', 'beefa9d8-2a7d-4b37-9fec-3f2a433e7050', false);
INSERT INTO public.contractor VALUES ('dbbfb7a5-87c4-4e5e-b631-c0297beda377', 'CCS & Sons Inc.', 'beefa9d8-2a7d-4b37-9fec-3f2a433e7050', false);
INSERT INTO public.contractor VALUES ('1eb12570-5a8d-49b1-bed2-e13061d977f4', 'Riley Brothers', 'beefa9d8-2a7d-4b37-9fec-3f2a433e7050', false);
INSERT INTO public.contractor VALUES ('bb52ee9b-a470-4c54-8521-d8b19ebd0abc', 'P.J. Keating Co', 'beefa9d8-2a7d-4b37-9fec-3f2a433e7050', false);
INSERT INTO public.contractor VALUES ('404e45f5-f09b-4669-8c2a-c41d1e86bb6f', 'Stuart Irby Co.', 'beefa9d8-2a7d-4b37-9fec-3f2a433e7050', false);
INSERT INTO public.contractor VALUES ('97ccdac4-1a14-4496-a5ed-660397fde3ff', 'Capital Fence Co Inc', 'beefa9d8-2a7d-4b37-9fec-3f2a433e7050', false);
INSERT INTO public.contractor VALUES ('5cbfa0d7-5a61-449e-94ba-f4116c57dc63', 'CW Wright Construction Company', 'beefa9d8-2a7d-4b37-9fec-3f2a433e7050', false);
INSERT INTO public.contractor VALUES ('af5b5037-c888-4ccf-8192-36d0bcefd9df', 'Davis H Elliot Construction Company Inc.', 'beefa9d8-2a7d-4b37-9fec-3f2a433e7050', false);
INSERT INTO public.contractor VALUES ('3c640551-d5e0-4de3-8c5c-00a07f2d21a4', 'ELDOR CONTRACTING CORP', 'beefa9d8-2a7d-4b37-9fec-3f2a433e7050', false);
INSERT INTO public.contractor VALUES ('05550944-a870-42ec-a68b-40c9d666a105', 'TRC Companies', 'beefa9d8-2a7d-4b37-9fec-3f2a433e7050', false);
INSERT INTO public.contractor VALUES ('3d28aa81-2657-4b80-9e91-3476028d9aa8', 'K Electric Inc.', 'beefa9d8-2a7d-4b37-9fec-3f2a433e7050', false);
INSERT INTO public.contractor VALUES ('b0624204-b4c0-4c34-8400-4da360fdddf6', 'Midway Utility Contractors', 'beefa9d8-2a7d-4b37-9fec-3f2a433e7050', false);
INSERT INTO public.contractor VALUES ('44bd2691-7144-4a68-8b0e-59100c329772', 'BSC Companies, Inc.', 'beefa9d8-2a7d-4b37-9fec-3f2a433e7050', false);
INSERT INTO public.contractor VALUES ('10c85019-3d80-4b6a-8f32-f64130e8aeda', 'CHA Consulting Inc.', 'beefa9d8-2a7d-4b37-9fec-3f2a433e7050', false);
INSERT INTO public.contractor VALUES ('f143ea1b-8ccd-41f9-9f8a-0927b4439ea7', 'New England Utility Constructors Inc', 'beefa9d8-2a7d-4b37-9fec-3f2a433e7050', false);
INSERT INTO public.contractor VALUES ('4995e66b-813f-48ac-a2cb-386f2f0a7434', 'Hiller New England Fire Protection Inc.', 'beefa9d8-2a7d-4b37-9fec-3f2a433e7050', false);
INSERT INTO public.contractor VALUES ('2f09122d-e6ec-4830-b6cd-74503626a25d', 'Bay State Piping Co. Inc.', 'beefa9d8-2a7d-4b37-9fec-3f2a433e7050', false);
INSERT INTO public.contractor VALUES ('e4deaa3c-a2c7-472b-bf46-8b5209206141', 'Lawrence Lynch', 'beefa9d8-2a7d-4b37-9fec-3f2a433e7050', false);
INSERT INTO public.contractor VALUES ('42e045e7-197d-45df-86e6-b3bcaad75eef', 'Process Pipeline Services', 'beefa9d8-2a7d-4b37-9fec-3f2a433e7050', false);
INSERT INTO public.contractor VALUES ('e9060a36-63c8-4260-8fac-c86319c5a485', 'United Site Services, Inc. (Inactive)', 'beefa9d8-2a7d-4b37-9fec-3f2a433e7050', false);
INSERT INTO public.contractor VALUES ('954393eb-b0c3-4cb2-a358-87aabc005dd9', 'Vanderwiel Engineering (NEPA)', 'beefa9d8-2a7d-4b37-9fec-3f2a433e7050', false);
INSERT INTO public.contractor VALUES ('120c6332-7bc1-4c1b-9349-778b384e45af', 'Riggs Distler', 'beefa9d8-2a7d-4b37-9fec-3f2a433e7050', false);
INSERT INTO public.contractor VALUES ('8b3fcad5-8309-4a58-a48b-d37bb9dd374d', 'Atlantic Detroit Diesel Allison LLC', 'beefa9d8-2a7d-4b37-9fec-3f2a433e7050', false);
INSERT INTO public.contractor VALUES ('46429146-8f0f-441a-8675-3104c68f3417', 'Anchor Insulation', 'beefa9d8-2a7d-4b37-9fec-3f2a433e7050', false);
INSERT INTO public.contractor VALUES ('a8917c2f-06ee-4d56-bd02-80941c7077b1', 'CitiWorks Fence Company', 'beefa9d8-2a7d-4b37-9fec-3f2a433e7050', false);
INSERT INTO public.contractor VALUES ('67b94657-af6d-4163-951b-df81aae0edaa', 'Analytical Testing Consultants Inc.', 'beefa9d8-2a7d-4b37-9fec-3f2a433e7050', false);
INSERT INTO public.contractor VALUES ('c1b7c2de-1459-4bda-ad7e-79ca7cd673aa', 'Costello Dismantling Company Inc.', 'beefa9d8-2a7d-4b37-9fec-3f2a433e7050', false);
INSERT INTO public.contractor VALUES ('176dc111-c1a7-4b09-b014-a32a47b621a5', 'Badger Daylighting Corp', 'beefa9d8-2a7d-4b37-9fec-3f2a433e7050', false);
INSERT INTO public.contractor VALUES ('ca29f285-fff6-4544-bfa7-88c6f5c994c6', 'GZA GeoEnvironmental Inc.', 'beefa9d8-2a7d-4b37-9fec-3f2a433e7050', false);
INSERT INTO public.contractor VALUES ('97e98bb3-7124-45a9-a92f-4957b16756ec', 'M&X Utility Co., Inc.', 'beefa9d8-2a7d-4b37-9fec-3f2a433e7050', false);









INSERT INTO public.library_asset_types VALUES ('f0f767af-9d13-49dc-8ed7-51ba299fe570', 'CNG');
INSERT INTO public.library_asset_types VALUES ('cee934b3-9d42-4cfe-9e70-e82d202f16ef', 'Distribution Piping');
INSERT INTO public.library_asset_types VALUES ('95eb51f8-8641-465f-8ebf-3817f71c9751', 'Fire Water Main');
INSERT INTO public.library_asset_types VALUES ('71537ee0-c3dc-46fc-97ef-a94178e88717', 'Global Application');
INSERT INTO public.library_asset_types VALUES ('4536f29b-8597-446f-8dbc-7bc632160c87', 'LNG (Liquefied Natural Gas)');
INSERT INTO public.library_asset_types VALUES ('faf17502-1048-467b-a140-a95a3d19173a', 'Metering');
INSERT INTO public.library_asset_types VALUES ('96fcafbe-b6a6-4d2b-89a1-3179e0891a7d', 'Pipe Lining');
INSERT INTO public.library_asset_types VALUES ('0897dcf7-c041-401b-b486-6d36d1a618fe', 'Regulator Stations');
INSERT INTO public.library_asset_types VALUES ('452dd3d4-d4f5-4144-9adc-1863349ce56a', 'Tie-in');
INSERT INTO public.library_asset_types VALUES ('fb9dd57f-4ce1-49f1-8f28-d56c11adbe46', 'Transmission Piping');



INSERT INTO public.library_divisions VALUES ('3784b32f-006d-4b22-b87e-6d04a32ed33c', 'Gas');
INSERT INTO public.library_divisions VALUES ('8cc132b0-33e1-4541-b5b8-1fccc85a797c', 'Electric');
INSERT INTO public.library_divisions VALUES ('8f94ea19-bb4b-46e9-976c-f461c174b23d', 'Zone 2 - Southern');
INSERT INTO public.library_divisions VALUES ('c80625e3-5a19-4aa6-bb9d-783461d2023c', 'Zone 7 - Northern');
INSERT INTO public.library_divisions VALUES ('7cdb9f05-e9c2-4316-af8d-be1e217bbc47', 'Zone 6 - Northern');
INSERT INTO public.library_divisions VALUES ('4d863807-91a1-42e9-be8c-988d9d11238e', 'Zone 3B - Eastern');
INSERT INTO public.library_divisions VALUES ('70161eab-9508-4d8e-bf1c-be49bd2c07f9', 'Zone 4 - Eastern');
INSERT INTO public.library_divisions VALUES ('8a88a392-01ae-4658-9f56-688300827f37', 'Zone 1 - Southern');
INSERT INTO public.library_divisions VALUES ('c6f7e8fe-c8ae-443e-b1d1-06de7664223a', 'Zone 3A - Central');
INSERT INTO public.library_divisions VALUES ('c103f290-990e-4644-8bb1-99cf9f443450', 'Zone 5 - Central');
INSERT INTO public.library_divisions VALUES ('eba82bf6-ca14-487e-b8bc-0b15211841f7', 'Zone 8');



INSERT INTO public.library_project_types VALUES ('9aebe333-a793-4ec4-8dc6-7845e0edd773', 'LNG/CNG');
INSERT INTO public.library_project_types VALUES ('0b982026-69f5-44dc-99f1-0c3cb0176a15', 'Distribution');
INSERT INTO public.library_project_types VALUES ('00d803b2-b928-4ba2-8c60-b46b222c7d77', 'Lining');
INSERT INTO public.library_project_types VALUES ('723ee7a6-258d-4b2a-a694-9f836d4e25e4', 'Reg Stations / Heaters');
INSERT INTO public.library_project_types VALUES ('02099c38-4654-45e8-9b4c-1b19bfadc24f', 'Transmission');
INSERT INTO public.library_project_types VALUES ('3ca5a15e-f5b3-4e7f-ab94-52c8e6512a26', 'Facilities');
INSERT INTO public.library_project_types VALUES ('5a17baad-0c66-41b9-b7e3-971aad0ead5b', 'Other');



INSERT INTO public.library_regions VALUES ('6bf37c9c-0f5f-4b4e-997f-beb3f5329db4', 'DNY (Downstate New York)');
INSERT INTO public.library_regions VALUES ('a2030bdf-8a9e-40a6-b477-7cd1f7089193', 'UNY (Upstate New York)');
INSERT INTO public.library_regions VALUES ('4ac410e1-8d66-4c2a-bc9c-1a481931ec29', 'NE (New England)');
INSERT INTO public.library_regions VALUES ('241041b0-1eef-4b85-b415-ca7e57cd12db', 'Sudbury');
INSERT INTO public.library_regions VALUES ('e598a9a6-bed2-4f66-a49f-30d5ee393c66', 'Listowell');
INSERT INTO public.library_regions VALUES ('9591e189-be1d-4274-a7c7-51ee26314398', 'Perth');
INSERT INTO public.library_regions VALUES ('12b0676b-c84b-4fce-9af3-6c57596df49d', 'Barrie');
INSERT INTO public.library_regions VALUES ('a396e022-0566-400a-98de-0787a49814a3', 'Eary Falls');
INSERT INTO public.library_regions VALUES ('df2cf003-2003-4d7f-af6a-f72220ec961b', 'Thunder Bay');
INSERT INTO public.library_regions VALUES ('a9bf12eb-71a7-4854-80e1-afba5c190c0f', 'North Bay');
INSERT INTO public.library_regions VALUES ('45f81fe9-e913-43eb-9f38-c2341b86b173', 'Orleans');
INSERT INTO public.library_regions VALUES ('107bd5c0-601a-42f0-aa77-426c078f1b7d', 'Beachville');
INSERT INTO public.library_regions VALUES ('ec40e6ad-c127-4567-8490-872b1e05bc5d', 'Kirkland Lake');
INSERT INTO public.library_regions VALUES ('cf757018-ac33-496e-a3f5-6e1ca30dcbcc', 'Huntsville');
INSERT INTO public.library_regions VALUES ('f4a62b59-58fd-4875-b35e-0a3345220bc4', 'Cobden');
INSERT INTO public.library_regions VALUES ('2a465529-9dd5-44ed-97d1-cc6526a6af92', 'Newmarket');
INSERT INTO public.library_regions VALUES ('349e81b3-71ba-486a-a84b-bbd7418958ca', 'Lions Head');
INSERT INTO public.library_regions VALUES ('d32b20e7-7653-4ca0-a6d9-abd93b831c3c', 'Haldimand');
INSERT INTO public.library_regions VALUES ('b8c40b69-7981-4d67-952c-f77d74033f7d', 'Kapuskasing');
INSERT INTO public.library_regions VALUES ('ab308d81-4303-4330-ae61-8b6e91bc096a', 'Dundas');
INSERT INTO public.library_regions VALUES ('0b6ff73a-e5e0-4c5c-bed2-d89e011ca5dd', 'New Liskeard');
INSERT INTO public.library_regions VALUES ('e44512fb-70be-4bf3-997e-dbaa05ac4118', 'Clinton');
INSERT INTO public.library_regions VALUES ('77cb94da-07c8-4e76-8f71-40b4fbca02f8', 'Lampton');
INSERT INTO public.library_regions VALUES ('0260659a-0a53-49cd-b9d3-9edf34a7b6a5', 'Picton');
INSERT INTO public.library_regions VALUES ('8caa42b8-35d3-47a4-8704-c799cb7bd015', 'Project');
INSERT INTO public.library_regions VALUES ('00254f09-dbb4-4dbf-bf0f-93e4e3422074', 'Peterborough');
INSERT INTO public.library_regions VALUES ('d8274785-c095-494c-a046-b5a9978207c1', 'Bracebridge');
INSERT INTO public.library_regions VALUES ('fa708166-7388-4897-ad2d-9ebd96a2f4b6', 'Dryden');
INSERT INTO public.library_regions VALUES ('991ba367-6791-4f9a-b86f-bfcbcc7545ab', 'Manitoulin');
INSERT INTO public.library_regions VALUES ('9f9111e0-e952-4df7-b9d3-53c5aedb541e', 'Owend Sound');
INSERT INTO public.library_regions VALUES ('98cde154-a5d1-43fd-b707-e1f43cec8217', 'Arnprior');
INSERT INTO public.library_regions VALUES ('1137a9ee-ef9c-4b84-b09f-c2fe74e59dff', 'Minden');
INSERT INTO public.library_regions VALUES ('e07ceeba-a225-44de-87bf-b8fb09d1c9f6', 'Parry Sound');
INSERT INTO public.library_regions VALUES ('f64e6164-671b-4feb-a03e-7465af67beed', 'Nipigon');
INSERT INTO public.library_regions VALUES ('7d3ff63e-783d-43af-a266-e6060971a679', 'Aylmer');
INSERT INTO public.library_regions VALUES ('96c11986-ceba-4089-80df-1bfc19652e42', 'Kenora');
INSERT INTO public.library_regions VALUES ('608960eb-08c2-4ccd-83c4-1345c02b62a8', 'Alliston');
INSERT INTO public.library_regions VALUES ('d3488dbf-d70e-4e8a-82f6-8e1ba99ed3e6', 'Barrys Bay');
INSERT INTO public.library_regions VALUES ('1bfdc316-ba71-47b9-b2d2-1bb3e92782a5', 'Woodstock');
INSERT INTO public.library_regions VALUES ('ec3f9e80-924f-41be-a371-21796761bbf1', 'Bolton');
INSERT INTO public.library_regions VALUES ('6ad8bbbf-aae6-4f24-839a-6b802177a3d5', 'Fenelon Falls');
INSERT INTO public.library_regions VALUES ('e73d7cc7-e400-4f5e-a170-178e3f29cc34', 'Kingston');
INSERT INTO public.library_regions VALUES ('dc6784f2-857d-401d-8261-d92095cac8f9', 'Trenton');
INSERT INTO public.library_regions VALUES ('e32ab559-d2d5-4d10-ac7d-f715dfb10b0c', 'Vankleek Hill');
INSERT INTO public.library_regions VALUES ('0a3a34bb-e949-4f45-954e-e3a7d7474750', 'Guelph');
INSERT INTO public.library_regions VALUES ('5ad56100-f4ef-4285-950f-5b88c9c7e136', 'Strathroy');
INSERT INTO public.library_regions VALUES ('722528cc-2d47-4b6c-b95c-abe85c92786d', 'Winchester');
INSERT INTO public.library_regions VALUES ('eb622170-2d54-4f01-8547-765b8aa36b55', 'Penetang');
INSERT INTO public.library_regions VALUES ('74f1deef-15a8-4169-bbaa-b5a4674e332e', 'Tweed');
INSERT INTO public.library_regions VALUES ('add1277b-1c68-4d30-8607-152f0b10603c', 'Bowmanville');
INSERT INTO public.library_regions VALUES ('c992c1b8-5cd4-4598-a186-5f09b4def999', 'Timmins');
INSERT INTO public.library_regions VALUES ('dec72613-6253-4013-8237-7050ce1af0d8', 'Brockville');
INSERT INTO public.library_regions VALUES ('81b9fc72-ef83-4977-ad27-0a9abfa5f8d4', 'Geraldine');
INSERT INTO public.library_regions VALUES ('322bdd89-2982-45c4-b4a9-401377038f64', 'Fort Frances');
INSERT INTO public.library_regions VALUES ('bb64f991-de87-4b12-afd5-f804949248b9', 'Marathon');
INSERT INTO public.library_regions VALUES ('f9797e45-7a9c-423a-9b20-2349ef77cb19', 'Walkerton');
INSERT INTO public.library_regions VALUES ('4421b4bf-dd88-4d15-abfa-cf4deb0a6ffc', 'Orangeville');
INSERT INTO public.library_regions VALUES ('ec413835-98a5-4429-954d-340726ff5d95', 'Thorold');
INSERT INTO public.library_regions VALUES ('01229ac4-00b0-43dc-b638-1b3931002bd7', 'Bancroft');
INSERT INTO public.library_regions VALUES ('18440667-71c4-4df7-b389-63ce0682e58f', 'Essex');
INSERT INTO public.library_regions VALUES ('36317467-19ac-424a-bb87-b43b989e35a0', 'Campbellford');
INSERT INTO public.library_regions VALUES ('49b67ecd-e4ed-4507-a09f-e1210580da44', 'Kent');
INSERT INTO public.library_regions VALUES ('a5e093c2-4fcb-49db-bd50-1b3aa8a1bad1', 'Algoma');
INSERT INTO public.library_regions VALUES ('212a3e6e-7011-4541-9d6e-382d10255004', 'Orillia');
INSERT INTO public.library_regions VALUES ('01d4c965-1c56-463b-803f-cffe007ae08a', 'Simcoe');
INSERT INTO public.library_regions VALUES ('c8bb95bb-3f5a-4749-b0b9-23449e136552', 'NA');



INSERT INTO public.users VALUES ('107aa47c-be70-4a31-a499-76bc131afa8a', '3d318ad4-f5e4-42b6-96ab-d2c5c84569a9', 'Undefined', '', NULL, '', 'beefa9d8-2a7d-4b37-9fec-3f2a433e7050');
INSERT INTO public.users VALUES ('e34c14ae-1738-485c-8b04-6a81423b268b', '135c435d-b0a5-412f-a765-eea2ce3cb4b9', 'Super', 'User', 'administrator', 'super@email.local.urbinternal.com', 'beefa9d8-2a7d-4b37-9fec-3f2a433e7050');

































INSERT INTO public.configurations VALUES ('64b80131-c341-4ed9-9a89-23ef4a195b4b', 'APP.WORK_PACKAGE.LABELS', NULL, '{"key": "workPackage", "label": "Work Package", "labelPlural": "Work Packages"}');
INSERT INTO public.configurations VALUES ('01390a4f-b011-42af-9571-746f4343f17c', 'APP.ACTIVITY.ATTRIBUTES', NULL, '{"attributes": [{"key": "name", "label": "Activity Name", "labelPlural": "Activity Names", "visible": true, "required": true, "filterable": true, "mappings": null}, {"key": "startDate", "label": "Start Date", "labelPlural": "Start Dates", "visible": true, "required": true, "filterable": false, "mappings": null}, {"key": "endDate", "label": "End Date", "labelPlural": "End Dates", "visible": true, "required": true, "filterable": false, "mappings": null}, {"key": "status", "label": "Status", "labelPlural": "Statuses", "visible": true, "required": true, "filterable": false, "mappings": {"not_started": ["Not started"], "in_progress": ["In progress"], "complete": ["Complete"], "not_completed": ["Not completed"]}}, {"key": "crew", "label": "Crew", "labelPlural": "Crews", "visible": false, "required": false, "filterable": false, "mappings": null}, {"key": "libraryActivityType", "label": "Activity type", "labelPlural": "Activity types", "visible": false, "required": false, "filterable": false, "mappings": null}]}');
INSERT INTO public.configurations VALUES ('d81ec32c-44f3-4eba-a909-7411435e7863', 'APP.LOCATION.LABELS', NULL, '{"key": "location", "label": "Location", "labelPlural": "Locations"}');
INSERT INTO public.configurations VALUES ('88c39423-0041-44c9-92fa-4fd3655f83cb', 'RISK_MODEL.TOTAL_PROJECT_RISK_SCORE_METRIC.THRESHOLDS', NULL, '{"low": 100.0, "medium": 250.0}');
INSERT INTO public.configurations VALUES ('c12d5bdd-3753-4e29-b48e-2da2f6fdfef5', 'APP.ACTIVITY.LABELS', NULL, '{"key": "activity", "label": "Activity", "labelPlural": "Activities"}');
INSERT INTO public.configurations VALUES ('c4a4907a-c2bb-475a-bb02-0e37cf893fb7', 'APP.LOCATION.ATTRIBUTES', NULL, '{"attributes": [{"key": "name", "label": "Location Name", "labelPlural": "Location Names", "visible": true, "required": true, "filterable": true, "mappings": null}, {"key": "primaryAssignedPerson", "label": "Primary Assigned Person", "labelPlural": "Primary Assigned Persons", "visible": true, "required": true, "filterable": true, "mappings": null}, {"key": "additionalAssignedPerson", "label": "Additional Assigned Person", "labelPlural": "Additional Assigned Persons", "visible": true, "required": false, "filterable": false, "mappings": null}, {"key": "externalKey", "label": "External Reference ID", "labelPlural": "External Reference IDs", "visible": false, "required": false, "filterable": false, "mappings": null}]}');
INSERT INTO public.configurations VALUES ('9da835d3-b8f6-4704-979f-f935ccd42c67', 'APP.TASK.LABELS', NULL, '{"key": "task", "label": "Task", "labelPlural": "Tasks"}');
INSERT INTO public.configurations VALUES ('88480e72-f2e0-4fdb-b3b7-714207088498', 'APP.TASK.ATTRIBUTES', NULL, '{"attributes": []}');
INSERT INTO public.configurations VALUES ('043cab2d-8d6e-445a-bba4-b977ed653376', 'APP.SITE_CONDITION.LABELS', NULL, '{"key": "siteCondition", "label": "Site Condition", "labelPlural": "Site Conditions"}');
INSERT INTO public.configurations VALUES ('d5ba4ffd-2121-455d-b5c5-1ed042192d07', 'APP.SITE_CONDITION.ATTRIBUTES', NULL, '{"attributes": []}');
INSERT INTO public.configurations VALUES ('ecd90740-517e-4375-973c-e610d9e4cbfb', 'APP.HAZARD.LABELS', NULL, '{"key": "hazard", "label": "Hazard", "labelPlural": "Hazards"}');
INSERT INTO public.configurations VALUES ('6eef4d5b-43a2-450d-8499-b99924ce485f', 'APP.HAZARD.ATTRIBUTES', NULL, '{"attributes": []}');
INSERT INTO public.configurations VALUES ('1c4fb2ac-f965-49b1-8a5d-31689249d6e9', 'APP.CONTROL.LABELS', NULL, '{"key": "control", "label": "Control", "labelPlural": "Controls"}');
INSERT INTO public.configurations VALUES ('12244aca-2dde-42d4-af66-1fe8ceacc61f', 'APP.CONTROL.ATTRIBUTES', NULL, '{"attributes": []}');
INSERT INTO public.configurations VALUES ('aee36280-b66c-4b41-a96f-5c90bf893904', 'APP.WORK_PACKAGE.ATTRIBUTES', NULL, '{"attributes": [{"key": "name", "label": "Work Package Name", "labelPlural": "Work Package Names", "visible": true, "required": true, "filterable": true, "mappings": null}, {"key": "externalKey", "label": "External Key", "labelPlural": "External Keys", "visible": true, "required": true, "filterable": false, "mappings": null}, {"key": "workPackageType", "label": "Work Package Type", "labelPlural": "Work Package Types", "visible": true, "required": true, "filterable": true, "mappings": null}, {"key": "status", "label": "Status", "labelPlural": "Statuses", "visible": true, "required": true, "filterable": false, "mappings": {"pending": ["Pending"], "active": ["Active"], "completed": ["Completed"]}}, {"key": "primeContractor", "label": "Prime Contractor", "labelPlural": "Prime Contractor", "visible": true, "required": true, "filterable": true, "mappings": null}, {"key": "otherContractor", "label": "Other Contractor", "labelPlural": "Other Contractors", "visible": true, "required": false, "filterable": false, "mappings": null}, {"key": "startDate", "label": "Start Date", "labelPlural": "Start Dates", "visible": true, "required": true, "filterable": false, "mappings": null}, {"key": "endDate", "label": "End Date", "labelPlural": "End Dates", "visible": true, "required": true, "filterable": false, "mappings": null}, {"key": "division", "label": "Division", "labelPlural": "Divisions", "visible": true, "required": true, "filterable": true, "mappings": null}, {"key": "region", "label": "Region", "labelPlural": "Regions", "visible": true, "required": true, "filterable": true, "mappings": null}, {"key": "zipCode", "label": "Work Package Zip Code", "labelPlural": "Work Package Zip Codes", "visible": true, "required": false, "filterable": false, "mappings": null}, {"key": "description", "label": "Description", "labelPlural": "Descriptions", "visible": true, "required": false, "filterable": false, "mappings": null}, {"key": "assetType", "label": "Asset Type", "labelPlural": "Asset Types", "visible": true, "required": false, "filterable": false, "mappings": null}, {"key": "projectManager", "label": "Project Manager", "labelPlural": "Project Managers", "visible": true, "required": true, "filterable": false, "mappings": null}, {"key": "primaryAssignedPerson", "label": "Primary Assigned Person", "labelPlural": "Primary Assigned Persons", "visible": true, "required": true, "filterable": true, "mappings": null}, {"key": "additionalAssignedPerson", "label": "Additional Assigned Person", "labelPlural": "Additional Assigned Persons", "visible": true, "required": false, "filterable": false, "mappings": null}, {"key": "contractName", "label": "Contract Name", "labelPlural": "Contract names", "visible": true, "required": false, "filterable": false, "mappings": null}, {"key": "contractReferenceNumber", "label": "Contract Reference Number", "labelPlural": "Contract Reference Numbers", "visible": true, "required": false, "filterable": false, "mappings": null}]}');
INSERT INTO public.configurations VALUES ('b381db87-f883-4800-8d6d-4199d15cc223', 'RISK_MODEL.TOTAL_PROJECT_RISK_SCORE_METRIC.TYPE', NULL, '"RULE_BASED_ENGINE"');
INSERT INTO public.configurations VALUES ('2bd40d72-112f-40ca-a404-39343890ea5c', 'RISK_MODEL.PROJECT_TOTAL_TASK_RISK_SCORE_METRIC.TYPE', NULL, '"RULE_BASED_ENGINE"');
INSERT INTO public.configurations VALUES ('aa70bdc7-76cb-4267-a91a-e9090d5ca9fb', 'RISK_MODEL.TASK_SPECIFIC_RISK_SCORE_METRIC.TYPE', NULL, '"RULE_BASED_ENGINE"');
INSERT INTO public.configurations VALUES ('56a2c7ce-5481-4461-9947-20130fa6d311', 'RISK_MODEL.PROJECT_TOTAL_TASK_RISK_SCORE_METRIC.THRESHOLDS', NULL, '{"low": 85.0, "medium": 210.0}');
INSERT INTO public.configurations VALUES ('27d112c1-c3d5-4c13-9dfc-ff575ef8b92e', 'RISK_MODEL.TASK_SPECIFIC_RISK_SCORE_METRIC.THRESHOLDS', NULL, '{"low": 85.0, "medium": 210.0}');
INSERT INTO public.configurations VALUES ('282455ba-f973-474d-be2b-cc8037328173', 'RISK_MODEL.TOTAL_PROJECT_RISK_SCORE_METRIC.WEIGHTS', NULL, '{"low": 1.0, "medium": 1.5, "high": 2.0}');
INSERT INTO public.configurations VALUES ('82cb3a7b-7738-425e-ac95-a2911500a3ef', 'RISK_MODEL.PROJECT_TOTAL_TASK_RISK_SCORE_METRIC.WEIGHTS', NULL, '{"low": 1.0, "medium": 1.5, "high": 2.0}');
INSERT INTO public.configurations VALUES ('8a2192a4-9e1a-471a-aff9-51f56df01c7a', 'RISK_MODEL.TOTAL_LOCATION_RISK_SCORE_METRIC.THRESHOLDS', NULL, '{"low": 100.0, "medium": 250.0}');
INSERT INTO public.configurations VALUES ('9b405deb-50fa-4093-95c4-d1a77609dd76', 'RISK_MODEL.TOTAL_LOCATION_RISK_SCORE_METRIC.TYPE', NULL, '"RULE_BASED_ENGINE"');
INSERT INTO public.configurations VALUES ('a02846cc-42b3-4dff-bbe8-675d0d32e112', 'RISK_MODEL.LOCATION_TOTAL_TASK_RISK_SCORE_METRIC.TYPE', NULL, '"RULE_BASED_ENGINE"');
INSERT INTO public.configurations VALUES ('8d665c54-fbb0-4765-8b25-c38d9782f13b', 'RISK_MODEL.LOCATION_TOTAL_TASK_RISK_SCORE_METRIC.THRESHOLDS', NULL, '{"low": 85.0, "medium": 210.0}');
INSERT INTO public.configurations VALUES ('685a9424-70fa-4429-bc62-abfebc2afbc4', 'RISK_MODEL.LOCATION_TOTAL_TASK_RISK_SCORE_METRIC.WEIGHTS', NULL, '{"low": 1.0, "medium": 1.5, "high": 2.0}');
INSERT INTO public.configurations VALUES ('3061c17b-707c-4425-b4da-1d00f2512880', 'RISK_MODEL.SUPERVISOR_RISK_SCORE_METRIC.TYPE', NULL, '"RULE_BASED_ENGINE"');
INSERT INTO public.configurations VALUES ('ba0cc450-827a-4502-886f-6f9fa74e57e3', 'FEATURES.IS_ARCHIVE_ALL_WORK_PACKAGES_ENABLED', NULL, 'false');
INSERT INTO public.configurations VALUES ('abf1a31c-18dd-4298-8d4e-90161fa62267', 'RISK_MODEL.TASK_SPECIFIC_RISK_SCORE_METRIC.WEIGHTS', NULL, '{"low": 1.0, "medium": 1.5, "high": 2.0}');
INSERT INTO public.configurations VALUES ('cc9167a1-648c-47ea-9432-d676c905d34f', 'RISK_MODEL.TOTAL_ACTIVITY_RISK_SCORE_METRIC.WEIGHTS', NULL, '{"low": 1.0, "medium": 1.5, "high": 2.0}');
INSERT INTO public.configurations VALUES ('0e25821a-6967-4039-8bf2-005d6813d50a', 'RISK_MODEL.TOTAL_LOCATION_RISK_SCORE_METRIC.WEIGHTS', NULL, '{"low": 1.0, "medium": 1.5, "high": 2.0}');
INSERT INTO public.configurations VALUES ('f77e50c3-e0f6-4904-a404-3636745e2a4a', 'RISK_MODEL.ACTIVITY_TOTAL_TASK_RISK_SCORE_METRIC.TYPE', NULL, '"DISABLED"');
INSERT INTO public.configurations VALUES ('d25b3945-94ec-4fa6-a480-f6ee1bc219c2', 'RISK_MODEL.TOTAL_ACTIVITY_RISK_SCORE_METRIC.TYPE', NULL, '"DISABLED"');
INSERT INTO public.configurations VALUES ('a4f4a781-9669-4b97-8038-61d5e836e12a', 'RISK_MODEL.TOTAL_ACTIVITY_RISK_SCORE_METRIC.THRESHOLDS', NULL, '{"low": 85.0, "medium": 210.0}');



INSERT INTO public.contractor_aliases VALUES ('383fbe30-2eef-441f-898e-b07f8c53bb68', 'Kiewit Power', NULL, '55fb329a-27b4-40ab-9c23-fba98fa5b552');
INSERT INTO public.contractor_aliases VALUES ('841b37e4-f9ac-42a1-b273-ce0c7eed6678', 'Kiewit Energy Group Inc. And Subsidiaries', NULL, 'ed430bef-7360-4458-aa4e-982b469ebc68');
INSERT INTO public.contractor_aliases VALUES ('d09325dc-ff71-43f9-8495-d07690f75fa5', 'Feeney Brothers', NULL, '5c35e0b0-03bc-48d3-80dc-84ede66323fa');
INSERT INTO public.contractor_aliases VALUES ('071af55d-0b58-4309-b6ca-3676c49276b9', 'NEUCO', NULL, 'd1966330-e11c-4a5b-ac04-7fcbd9ac652e');
INSERT INTO public.contractor_aliases VALUES ('9c78fc54-7321-4252-b38d-5889c9e21f70', 'CHI Engineering Services', NULL, '82f3bac5-5e4e-4d76-ae70-9992dd5cb13d');
INSERT INTO public.contractor_aliases VALUES ('fbf1c60d-0eee-41d2-851c-cf8199abbb37', 'RH White Construction', NULL, '4e7e4d80-51ff-4501-9262-9b585c7fdd47');
INSERT INTO public.contractor_aliases VALUES ('f7303fa9-dd72-437c-8fba-6a65472cfb8d', 'Bond Brothers Inc.', NULL, '1c4a2d6c-1e57-4580-b31f-b240b63df45a');
INSERT INTO public.contractor_aliases VALUES ('9afbb0b0-7b68-475f-ad7a-3cad9f38f646', 'Fraser Engineering Company Inc.', NULL, '09e30837-c597-4416-a002-a82fe2359de1');
INSERT INTO public.contractor_aliases VALUES ('4b7ad271-cb74-47d7-b498-70d8cd1760d0', 'Lewis Tree Services', NULL, '2892b44a-ce34-428e-ae14-bf42c8d68eef');
INSERT INTO public.contractor_aliases VALUES ('100faf19-b58b-43de-88bb-ba8e4b75dc26', 'Arden Engineering Constructors LLC', NULL, '2d0dfddf-2f59-4b55-9c99-c58d507f5940');
INSERT INTO public.contractor_aliases VALUES ('3feb41e9-e355-48ad-8fd1-1960e70cf6c8', 'GPL Construction Inc', NULL, 'e8192a7d-b0d8-4ee2-8827-5a0206b8c6f8');
INSERT INTO public.contractor_aliases VALUES ('8074395d-467c-45dc-a66f-4f64a16bbb4e', 'Hallen Construction Co. Inc.', NULL, '3d948c06-d88f-4667-8278-10fa77d23737');
INSERT INTO public.contractor_aliases VALUES ('2614296d-6622-402b-b176-177ccc2d8abd', 'Sapphire Gas Solutions', NULL, '78fa9023-509b-4431-bb2d-f9f850f5ff9a');
INSERT INTO public.contractor_aliases VALUES ('46217c83-40b8-433d-af42-db4e0aec3acc', 'Bancker Construction Corp.', NULL, '227c3f39-173d-45d6-a6ea-3f986d6a1d82');
INSERT INTO public.contractor_aliases VALUES ('543155bb-c749-4845-8190-9a1632649d94', 'IPC', NULL, 'b996889c-9582-4fcc-a000-b61c55737e17');
INSERT INTO public.contractor_aliases VALUES ('17b7a25f-a5cf-4df8-b3bb-45cbc7e4ca2b', 'Sky Testing Services Inc.', NULL, 'b07ea708-f653-46b5-b2fe-f17c867f9851');
INSERT INTO public.contractor_aliases VALUES ('98eb14a1-d924-4ce1-b4fe-e5ae1fae9600', 'AccuWeld Technologies Inc', NULL, 'ca51c24a-3fc0-472f-9a50-ade16d0dc8f7');
INSERT INTO public.contractor_aliases VALUES ('8977ac78-bada-4282-80e4-9b28a4a50fb7', 'Safeway Construction Enterprises, LLC', NULL, 'b8104f29-9fcf-470a-9134-7e93ee4f553e');
INSERT INTO public.contractor_aliases VALUES ('76bc4a92-35b2-4cf2-86b1-ba3bc94fc9e9', 'Burns & McDonnell Engineering Inc.', NULL, '027409c1-ccbc-44d3-a6c9-c5ec639e49d1');
INSERT INTO public.contractor_aliases VALUES ('ef9c1a1d-6edb-4389-ad0a-0f652b15781c', 'AGI Construction', NULL, '787faeff-deb0-4e61-8b0f-f51d3e91301c');
INSERT INTO public.contractor_aliases VALUES ('98c4edfe-5925-4c20-9cd3-a72d890f8a2e', 'Alliance Integrated Systems Inc.', NULL, '866ac973-d4f8-429c-8625-a22413a8ba6b');
INSERT INTO public.contractor_aliases VALUES ('e9880591-9886-4b49-b041-caabc81dbb48', 'Mass Bay Electrical Corporation', NULL, 'c46c1455-9cd6-4c63-9f0a-dba047d97102');
INSERT INTO public.contractor_aliases VALUES ('a1d50a05-61b8-4875-9fe8-74d0e0192fed', 'McDonough Electric Construction Corporation', NULL, '76352da0-9f40-42c6-be90-762b84270e2f');
INSERT INTO public.contractor_aliases VALUES ('199f703e-5b4f-4da0-90f5-dbf082a8c7d0', 'One Source Power LLC', NULL, '7d6d192e-0647-49ab-b729-3ed7f63eabc5');
INSERT INTO public.contractor_aliases VALUES ('d3eb75b6-655c-4a1a-a304-61ae6944f0fd', 'Alliance Power Group', NULL, '36e1eea4-5ab2-4ece-9233-8533331582dd');
INSERT INTO public.contractor_aliases VALUES ('8c51ca12-7c08-4332-9131-f4004bddfb2f', 'Robert J. Devereaux Corp.', NULL, '81463a7d-fa01-44d8-9d20-a7c2880c7bc9');
INSERT INTO public.contractor_aliases VALUES ('cfa6f2e5-b72f-45f7-803b-65c67227072a', 'McGrath Fence Company Inc.', NULL, 'fdde19ab-5f60-4806-8102-f7edba46a659');
INSERT INTO public.contractor_aliases VALUES ('d31bcd4d-2c62-4c92-bc8a-30168338b9de', 'Murphy Electric & Industrial Control', NULL, 'c9a8546a-89ca-4d35-9158-bb7faae153af');
INSERT INTO public.contractor_aliases VALUES ('dbbfb7a5-87c4-4e5e-b631-c0297beda377', 'CCS & Sons Inc.', NULL, '0c99ff61-b72b-4d67-b794-dd9911d71879');
INSERT INTO public.contractor_aliases VALUES ('1eb12570-5a8d-49b1-bed2-e13061d977f4', 'Riley Brothers', NULL, 'd015bc21-6bd7-458c-a693-5df2a7313a51');
INSERT INTO public.contractor_aliases VALUES ('bb52ee9b-a470-4c54-8521-d8b19ebd0abc', 'P.J. Keating Co', NULL, '8cb41add-9022-4213-b083-2cfeb8d39fa5');
INSERT INTO public.contractor_aliases VALUES ('404e45f5-f09b-4669-8c2a-c41d1e86bb6f', 'Stuart Irby Co.', NULL, '83a77652-116a-4b7e-a5a3-4e514f0c2ebc');
INSERT INTO public.contractor_aliases VALUES ('97ccdac4-1a14-4496-a5ed-660397fde3ff', 'Capital Fence Co Inc', NULL, '8b48056b-b0d3-47df-8d82-0143e1aefb38');
INSERT INTO public.contractor_aliases VALUES ('5cbfa0d7-5a61-449e-94ba-f4116c57dc63', 'CW Wright Construction Company', NULL, 'a933aba0-9347-4586-a15f-546c9595c8b2');
INSERT INTO public.contractor_aliases VALUES ('af5b5037-c888-4ccf-8192-36d0bcefd9df', 'Davis H Elliot Construction Company Inc.', NULL, '4dffe6dc-4b65-4760-9a2d-6c2400d04491');
INSERT INTO public.contractor_aliases VALUES ('3c640551-d5e0-4de3-8c5c-00a07f2d21a4', 'ELDOR CONTRACTING CORP', NULL, 'ba1f8e46-08a4-4253-9ea1-d0f5c4294d73');
INSERT INTO public.contractor_aliases VALUES ('05550944-a870-42ec-a68b-40c9d666a105', 'TRC Companies', NULL, '9c7ee479-764a-4757-ad4c-f8ba4837f121');
INSERT INTO public.contractor_aliases VALUES ('3d28aa81-2657-4b80-9e91-3476028d9aa8', 'K Electric Inc.', NULL, '4758c5fe-0fa8-4975-a259-223c39219d36');
INSERT INTO public.contractor_aliases VALUES ('b0624204-b4c0-4c34-8400-4da360fdddf6', 'Midway Utility Contractors', NULL, 'a2212855-ad2c-455a-922b-1ea5f30bdc5d');
INSERT INTO public.contractor_aliases VALUES ('44bd2691-7144-4a68-8b0e-59100c329772', 'BSC Companies, Inc.', NULL, '4788c9b7-2740-4f01-a294-3f624bab3072');
INSERT INTO public.contractor_aliases VALUES ('10c85019-3d80-4b6a-8f32-f64130e8aeda', 'CHA Consulting Inc.', NULL, '929653ac-08ae-4013-bb3e-027946719365');
INSERT INTO public.contractor_aliases VALUES ('f143ea1b-8ccd-41f9-9f8a-0927b4439ea7', 'New England Utility Constructors Inc', NULL, '30bf9700-6744-4049-86d9-0b1d779ac8df');
INSERT INTO public.contractor_aliases VALUES ('4995e66b-813f-48ac-a2cb-386f2f0a7434', 'Hiller New England Fire Protection Inc.', NULL, '468a74b5-c764-4914-a1de-83e947705d08');
INSERT INTO public.contractor_aliases VALUES ('2f09122d-e6ec-4830-b6cd-74503626a25d', 'Bay State Piping Co. Inc.', NULL, '6886d864-043a-4cf5-86b4-05508ce88869');
INSERT INTO public.contractor_aliases VALUES ('e4deaa3c-a2c7-472b-bf46-8b5209206141', 'Lawrence Lynch', NULL, '3a727327-dede-44de-9b64-cbfaec0612d1');
INSERT INTO public.contractor_aliases VALUES ('120c6332-7bc1-4c1b-9349-778b384e45af', 'Riggs Distler', NULL, 'ccaa4572-c356-4a4b-bf6f-bf5fdd6d4efd');
INSERT INTO public.contractor_aliases VALUES ('42e045e7-197d-45df-86e6-b3bcaad75eef', 'Process Pipeline Services', NULL, 'a6fb8a9c-4251-4d09-a383-9b6f7d2f33bd');
INSERT INTO public.contractor_aliases VALUES ('e9060a36-63c8-4260-8fac-c86319c5a485', 'United Site Services, Inc. (Inactive)', NULL, '854e4ef7-e2f3-4b91-adf2-4d6ce668ed9a');
INSERT INTO public.contractor_aliases VALUES ('954393eb-b0c3-4cb2-a358-87aabc005dd9', 'Vanderwiel Engineering (NEPA)', NULL, '96756926-6f72-4627-addc-5e15a3fb88e8');
INSERT INTO public.contractor_aliases VALUES ('8b3fcad5-8309-4a58-a48b-d37bb9dd374d', 'Atlantic Detroit Diesel Allison LLC', NULL, '595492fe-1c82-466e-88e3-bc4a160d4bd1');
INSERT INTO public.contractor_aliases VALUES ('46429146-8f0f-441a-8675-3104c68f3417', 'Anchor Insulation', NULL, '250b1782-dac0-42f9-bde2-92ed869b30cf');
INSERT INTO public.contractor_aliases VALUES ('a8917c2f-06ee-4d56-bd02-80941c7077b1', 'CitiWorks Fence Company', NULL, 'e9e6c3c5-4a51-450b-a265-c2011d217183');
INSERT INTO public.contractor_aliases VALUES ('67b94657-af6d-4163-951b-df81aae0edaa', 'Analytical Testing Consultants Inc.', NULL, '2eee9e46-71bb-4690-a3b3-46a2321ca0f4');
INSERT INTO public.contractor_aliases VALUES ('c1b7c2de-1459-4bda-ad7e-79ca7cd673aa', 'Costello Dismantling Company Inc.', NULL, 'c305274a-db9e-4a9e-bd13-f0c23af44144');
INSERT INTO public.contractor_aliases VALUES ('176dc111-c1a7-4b09-b014-a32a47b621a5', 'Badger Daylighting Corp', NULL, '412f382e-7b9a-4300-8428-4abb8c0098df');
INSERT INTO public.contractor_aliases VALUES ('ca29f285-fff6-4544-bfa7-88c6f5c994c6', 'GZA GeoEnvironmental Inc.', NULL, '3ff70dea-0c42-4879-a37c-3568b312593c');
INSERT INTO public.contractor_aliases VALUES ('97e98bb3-7124-45a9-a92f-4957b16756ec', 'M&X Utility Co., Inc.', NULL, 'a4f81d2e-5d1d-49bd-b9a8-dc1734bd17c7');






INSERT INTO public.work_types VALUES ('5f12b55b-710f-4613-92f6-48bf0448c025', 'Gas Transmission Construction');
INSERT INTO public.work_types VALUES ('43974dda-0338-4e76-9856-2a76a472fda5', 'General');
INSERT INTO public.work_types VALUES ('33377fa1-dfc5-4149-94a7-feefb6467e75', 'Electric Distribution');



INSERT INTO public.library_tasks VALUES ('a36c2136-e8ad-45e7-a32e-1f515edca089', 'Above-ground welding - Above ground weld', 134, 'Welding / joining', 'GASTRANS027', '5f12b55b-710f-4613-92f6-48bf0448c025', NULL);
INSERT INTO public.library_tasks VALUES ('b48e5589-9674-41eb-91f0-e4e7777cf4b2', 'Above-ground welding - Pipe face beveling', 23, 'Welding / joining', 'GASTRANS024', '5f12b55b-710f-4613-92f6-48bf0448c025', NULL);
INSERT INTO public.library_tasks VALUES ('9464aee6-1ddb-4e65-94e2-6007fabeea02', 'Above-ground welding - Preheating with blankets', 46, 'Welding / joining', 'GASTRANS033', '5f12b55b-710f-4613-92f6-48bf0448c025', NULL);
INSERT INTO public.library_tasks VALUES ('ec04a3b9-8029-428d-95fe-62ae33873cd2', 'Applying corrosion wrap (e.g. clock spring)', 165, 'Field coating', 'GASTRANS043', '5f12b55b-710f-4613-92f6-48bf0448c025', NULL);
INSERT INTO public.library_tasks VALUES ('238d46eb-72ba-47ee-8742-99ed25567366', 'Backfill', 122, 'Trenching / excavating', 'GASTRANS014', '5f12b55b-710f-4613-92f6-48bf0448c025', NULL);
INSERT INTO public.library_tasks VALUES ('01baa494-99c5-43bf-aa8a-53a6f4732924', 'Cable tray and support install - Above ground', 66, 'Electrical work', 'GASTRANS071', '5f12b55b-710f-4613-92f6-48bf0448c025', NULL);
INSERT INTO public.library_tasks VALUES ('9071983c-5123-475f-9f1c-351c6756a5a5', 'Coating pipe or welds with epoxy', 22, 'Field coating', 'GASTRANS042', '5f12b55b-710f-4613-92f6-48bf0448c025', NULL);
INSERT INTO public.library_tasks VALUES ('f4202f63-3ec3-442a-8c44-788d8d9c8fee', 'Concrete formwork install / strip', 54, 'Civil work', 'GASTRANS068', '5f12b55b-710f-4613-92f6-48bf0448c025', NULL);
INSERT INTO public.library_tasks VALUES ('29a8acf6-8312-4f26-b773-7908d67d437f', 'Concrete replacement', 111, 'Site restoration', 'GASTRANS058', '5f12b55b-710f-4613-92f6-48bf0448c025', NULL);
INSERT INTO public.library_tasks VALUES ('b0702e49-5604-4c8a-a0b6-8bd51ba1db68', 'Concrete work', 51, 'Civil work', 'GASTRANS066', '5f12b55b-710f-4613-92f6-48bf0448c025', NULL);
INSERT INTO public.library_tasks VALUES ('d8217652-973e-4216-aea5-28ced89eac26', 'Conduit work - Underground', 47, 'Electrical work', 'GASTRANS070', '5f12b55b-710f-4613-92f6-48bf0448c025', NULL);
INSERT INTO public.library_tasks VALUES ('f89ac6f3-7598-490c-98e8-07b5986fcd0c', 'Control line installation', 57, 'Regulator / gate station installation', 'GASTRANS054', '5f12b55b-710f-4613-92f6-48bf0448c025', NULL);
INSERT INTO public.library_tasks VALUES ('e0d4426a-400b-48b3-abdc-940648d53c28', 'Corrosion system install - Anode', 66, 'Electrical work', 'GASTRANS074', '5f12b55b-710f-4613-92f6-48bf0448c025', NULL);
INSERT INTO public.library_tasks VALUES ('9d37a2f3-d5c4-4cbf-839c-96ef5fc4c497', 'Corrosion system install - Rectifier', 66, 'Electrical work', 'GASTRANS075', '5f12b55b-710f-4613-92f6-48bf0448c025', NULL);
INSERT INTO public.library_tasks VALUES ('590f0c15-1ff2-4de1-9488-124388f94fd3', 'Electrical testing', 66, 'Electrical work', 'GASTRANS073', '5f12b55b-710f-4613-92f6-48bf0448c025', NULL);
INSERT INTO public.library_tasks VALUES ('eebe5e56-d8c2-4816-b819-3ba0da0d6566', 'Fusion of plastic pipe', 330, 'Welding / joining', 'GASTRANS029', '5f12b55b-710f-4613-92f6-48bf0448c025', NULL);
INSERT INTO public.library_tasks VALUES ('3fc9c105-f594-41be-9f24-c5c74cb495ad', 'Gassing-in', 226, 'Commissioning of facility', 'GASTRANS076', '5f12b55b-710f-4613-92f6-48bf0448c025', NULL);
INSERT INTO public.library_tasks VALUES ('24a278d2-7563-4030-8d0e-c68c67523290', 'Heater installation', 57, 'Regulator / gate station installation', 'GASTRANS053', '5f12b55b-710f-4613-92f6-48bf0448c025', NULL);
INSERT INTO public.library_tasks VALUES ('ed0a3403-fa19-460b-b2fe-32ca0d1063e1', 'Masonry work', 138, 'Civil work', 'GASTRANS067', '5f12b55b-710f-4613-92f6-48bf0448c025', NULL);
INSERT INTO public.library_tasks VALUES ('aa5c660c-2a51-40c4-bbf4-4543052ec064', 'In-trench welding - Pipe face alignment', 123, 'Welding / joining', 'GASTRANS031', '5f12b55b-710f-4613-92f6-48bf0448c025', NULL);
INSERT INTO public.library_tasks VALUES ('77cc07b4-fdcf-4a2b-a5e0-cc77e8c4ecc4', 'In-trench welding - Pipe face preheating', 145, 'Welding / joining', 'GASTRANS032', '5f12b55b-710f-4613-92f6-48bf0448c025', NULL);
INSERT INTO public.library_tasks VALUES ('9748890b-d2da-4371-b324-a6570a4d22f2', 'In-trench welding - Preheating with blankets', 146, 'Welding / joining', 'GASTRANS034', '5f12b55b-710f-4613-92f6-48bf0448c025', NULL);
INSERT INTO public.library_tasks VALUES ('199ce778-1eed-4a6f-9401-3fefe1b1baac', 'Install insulating kit', 43, 'Mechanical work', 'GASTRANS023', '5f12b55b-710f-4613-92f6-48bf0448c025', NULL);
INSERT INTO public.library_tasks VALUES ('88b99733-ead6-4278-917f-bc1b72442a35', 'Keeping - Above ground', 38, 'Field coating', 'GASTRANS047', '5f12b55b-710f-4613-92f6-48bf0448c025', NULL);
INSERT INTO public.library_tasks VALUES ('1e2a329c-a413-41a4-90f3-9c2d6f3fe6b3', 'Keeping - In-trench', 118, 'Field coating', 'GASTRANS046', '5f12b55b-710f-4613-92f6-48bf0448c025', NULL);
INSERT INTO public.library_tasks VALUES ('69bfb299-4543-4292-98bd-c52d05319666', 'Magnetic particle inspection (MPI), ultrasonic testing, liquid/dye penetrant', 55, 'Non-destructive examination (NDE)', 'GASTRANS038', '5f12b55b-710f-4613-92f6-48bf0448c025', NULL);
INSERT INTO public.library_tasks VALUES ('ef47dd41-2502-4659-98b4-9bfe12d2198b', 'Material handling', 140, 'Material handling', 'GASTRANS016-ARCHIVED', '5f12b55b-710f-4613-92f6-48bf0448c025', NULL);
INSERT INTO public.library_tasks VALUES ('85c2c126-7d1c-4e39-8d73-03ebbf894804', 'Vault installation', 316, 'Regulator / gate station installation', 'GASTRANS052', '5f12b55b-710f-4613-92f6-48bf0448c025', NULL);
INSERT INTO public.library_tasks VALUES ('8d379ebc-493e-48ab-a519-a201359d0ad7', 'Modular shoring system install / removal', 204, 'Trenching / excavating', 'GASTRANS011', '5f12b55b-710f-4613-92f6-48bf0448c025', NULL);
INSERT INTO public.library_tasks VALUES ('3dc04aa4-58b9-40b2-a34b-bb3c59d91120', 'Paving / asphalt replacement', 122, 'Site restoration', 'GASTRANS059', '5f12b55b-710f-4613-92f6-48bf0448c025', NULL);
INSERT INTO public.library_tasks VALUES ('c7f383d0-c01e-43fc-8d62-c262862aca69', 'Pigging', 147, 'Pigging', 'GASTRANS056', '5f12b55b-710f-4613-92f6-48bf0448c025', NULL);
INSERT INTO public.library_tasks VALUES ('48253a67-cad2-4fe0-bce8-9089465936e0', 'Pipe surface preparation - Abrasive blasting', 48, 'Field coating', 'GASTRANS040', '5f12b55b-710f-4613-92f6-48bf0448c025', NULL);
INSERT INTO public.library_tasks VALUES ('66ef2d32-22fe-4a07-8d6c-2dde41a9df50', 'Pipe surface preparation - Power tools', 66, 'Field coating', 'GASTRANS041', '5f12b55b-710f-4613-92f6-48bf0448c025', NULL);
INSERT INTO public.library_tasks VALUES ('8e0a24ec-0575-4a33-a4bd-ff1795b390f3', 'Pipe threading', 21, 'Pipe installation', 'GASTRANS051', '5f12b55b-710f-4613-92f6-48bf0448c025', NULL);
INSERT INTO public.library_tasks VALUES ('27a4547a-3167-4087-be03-cc7568097936', 'Plumbing', 55, 'Plumbing work', 'GASTRANS077', '5f12b55b-710f-4613-92f6-48bf0448c025', NULL);
INSERT INTO public.library_tasks VALUES ('9ef25e64-91ba-430d-9e24-e0d6f9ad561b', 'Pressure test (hydrostatic / pneumatic)', 140, 'Pressure test', 'GASTRANS055', '5f12b55b-710f-4613-92f6-48bf0448c025', NULL);
INSERT INTO public.library_tasks VALUES ('d280ee9d-ad2d-4a83-8af8-f61bca0a7057', 'Rebar install', 51, 'Civil work', 'GASTRANS069', '5f12b55b-710f-4613-92f6-48bf0448c025', NULL);
INSERT INTO public.library_tasks VALUES ('422df780-6c14-4321-8525-32853c93b712', 'Remove corrosion wrap - Above ground', 26, 'Field coating', 'GASTRANS044', '5f12b55b-710f-4613-92f6-48bf0448c025', NULL);
INSERT INTO public.library_tasks VALUES ('a1b21057-f86f-466a-bdce-1a2fafc4bfdd', 'Remove corrosion wrap - In-trench', 114, 'Field coating', 'GASTRANS045', '5f12b55b-710f-4613-92f6-48bf0448c025', NULL);
INSERT INTO public.library_tasks VALUES ('a6c64af7-4968-452e-9501-b2b1f050cbf6', 'Road plate install / removal', 313, 'Trenching / excavating', 'GASTRANS006', '5f12b55b-710f-4613-92f6-48bf0448c025', NULL);
INSERT INTO public.library_tasks VALUES ('4609fbd4-c55b-4cdc-9302-7c0a8794643f', 'Scaffold assembly/demo', 146, 'Structural work', 'GASTRANS064', '5f12b55b-710f-4613-92f6-48bf0448c025', NULL);
INSERT INTO public.library_tasks VALUES ('9d9464e3-c15d-4653-b2dc-25959015bb61', 'Soft surface (seeding, mulch, lime, sod, etc.)', 32, 'Site restoration', 'GASTRANS060', '5f12b55b-710f-4613-92f6-48bf0448c025', NULL);
INSERT INTO public.library_tasks VALUES ('195f89bf-b80a-4853-8c73-972017ba8a50', 'Vertical drilling / core sampling', 155, 'Trenching / excavating', 'GASTRANS013', '5f12b55b-710f-4613-92f6-48bf0448c025', NULL);
INSERT INTO public.library_tasks VALUES ('07236ab1-19c5-439d-8403-d5d544f31ab5', 'Weld X-ray / radiography - Above ground', 113, 'Non-destructive examination (NDE)', 'GASTRANS037', '5f12b55b-710f-4613-92f6-48bf0448c025', NULL);
INSERT INTO public.library_tasks VALUES ('beb35c74-0e4e-443c-8061-b91eb35d4bed', 'Weld X-ray / radiography - In-trench', 213, 'Non-destructive examination (NDE)', 'GASTRANS039', '5f12b55b-710f-4613-92f6-48bf0448c025', NULL);
INSERT INTO public.library_tasks VALUES ('335ca6b6-798b-4a21-9825-5cb499154f45', 'Wiring work', 66, 'Electrical work', 'GASTRANS072', '5f12b55b-710f-4613-92f6-48bf0448c025', NULL);
INSERT INTO public.library_tasks VALUES ('a180f2d7-213c-4b12-8bfe-6640e4c47e98', 'Material handling - Loading / unloading materials (e.g., pipe, fittings, valves, etc) during receiving / staging / demobilization', 131, 'Material handling', 'GASTRANS016', '5f12b55b-710f-4613-92f6-48bf0448c025', NULL);
INSERT INTO public.library_tasks VALUES ('f859c660-0513-4470-9d86-06c5c9643314', 'Above-ground welding - Pipe face preheating / Post weld heat treatment', 46, 'Welding / joining', 'GASTRANS025', '5f12b55b-710f-4613-92f6-48bf0448c025', NULL);
INSERT INTO public.library_tasks VALUES ('7b79a1b8-fe2c-4fe5-94a0-81409c033212', 'Matting install / removal', 305, 'Trenching / excavating', 'GASTRANS007', '5f12b55b-710f-4613-92f6-48bf0448c025', NULL);
INSERT INTO public.library_tasks VALUES ('35a07126-c052-4f57-b386-95581220cf05', 'Excavation of road / subsurface', 31, 'Trenching / excavating', 'GASTRANS008', '5f12b55b-710f-4613-92f6-48bf0448c025', NULL);
INSERT INTO public.library_tasks VALUES ('1d4de35b-2025-4fd4-b9f9-e6f29548c304', 'Excavation of soil (using means other than hydro-vac)', 230, 'Trenching / excavating', 'GASTRANS009', '5f12b55b-710f-4613-92f6-48bf0448c025', NULL);
INSERT INTO public.library_tasks VALUES ('e7c23039-78b3-46be-ab03-844a3140f358', 'Timber shoring install / removal', 203, 'Trenching / excavating', 'GASTRANS010', '5f12b55b-710f-4613-92f6-48bf0448c025', NULL);
INSERT INTO public.library_tasks VALUES ('a3de1387-17a5-4b9f-a6ea-391990d4a199', 'Excavation of soil using hydro-vac', 54, 'Trenching / excavating', 'GASTRANS012', '5f12b55b-710f-4613-92f6-48bf0448c025', NULL);
INSERT INTO public.library_tasks VALUES ('c0406c51-8e6f-4e27-bf72-cf80ac508277', 'Tieback install/removal', 245, 'Trenching / excavating', 'GASTRANS015', '5f12b55b-710f-4613-92f6-48bf0448c025', NULL);
INSERT INTO public.library_tasks VALUES ('13973c9b-95e5-424c-b2ca-930682b57cbd', 'Rigging and lifting activities - Non-critical lift', 141, 'Material handling', 'GASTRANS017', '5f12b55b-710f-4613-92f6-48bf0448c025', NULL);
INSERT INTO public.library_tasks VALUES ('20758fec-c71a-4954-b1fa-6284e6782afc', 'Rigging and lifting activities - Critical lift', 321, 'Material handling', 'GASTRANS018', '5f12b55b-710f-4613-92f6-48bf0448c025', NULL);
INSERT INTO public.library_tasks VALUES ('bf77f03b-0088-4161-b20d-2e12681693a5', 'Field bending pipe', 147, 'Material handling', 'GASTRANS019', '5f12b55b-710f-4613-92f6-48bf0448c025', NULL);
INSERT INTO public.library_tasks VALUES ('2593f81a-3c6a-4916-8590-51fc9b934207', 'Torquing / bolt up (Using wrench tool)', 66, 'Mechanical work', 'GASTRANS020', '5f12b55b-710f-4613-92f6-48bf0448c025', NULL);
INSERT INTO public.library_tasks VALUES ('9c924f91-1675-42e7-b62d-8cca55a6e4c0', 'High Torque / bolt up (Using high torque machine)', 93, 'Mechanical work', 'GASTRANS021', '5f12b55b-710f-4613-92f6-48bf0448c025', NULL);
INSERT INTO public.library_tasks VALUES ('7a16673f-0ef8-4d12-8d33-9586cbfe1f54', 'Cut and remove existing pipe', 172, 'Mechanical work', 'GASTRANS022', '5f12b55b-710f-4613-92f6-48bf0448c025', NULL);
INSERT INTO public.library_tasks VALUES ('7a91aaf5-b54f-4586-ab38-66d0bb3b22bd', 'Above-ground welding - Pipe face alignment', 15, 'Welding / joining', 'GASTRANS026', '5f12b55b-710f-4613-92f6-48bf0448c025', NULL);
INSERT INTO public.library_tasks VALUES ('ee5fe360-3225-4deb-a51e-441ccddce65d', 'In- trench welding', 323, 'Welding / joining', 'GASTRANS028', '5f12b55b-710f-4613-92f6-48bf0448c025', NULL);
INSERT INTO public.library_tasks VALUES ('ff20527c-5375-4bb6-91e0-b280e9d6ffca', 'Grinding', 66, 'Welding / joining', 'GASTRANS030', '5f12b55b-710f-4613-92f6-48bf0448c025', NULL);
INSERT INTO public.library_tasks VALUES ('c0e9be57-d54a-4b59-8710-3ff9d964e414', 'Tie-ins / hot tapping (Steel, cast iron, plastic)', 252, 'Live gas work', 'GASTRANS035', '5f12b55b-710f-4613-92f6-48bf0448c025', NULL);
INSERT INTO public.library_tasks VALUES ('22232ece-c66b-45db-9dd1-162c3c92d017', 'Purging gas', 165, 'Live gas work', 'GASTRANS036', '5f12b55b-710f-4613-92f6-48bf0448c025', NULL);
INSERT INTO public.library_tasks VALUES ('c2fed5e6-58c5-4b6b-b299-09d617f99f39', 'Install pipe - Boring / HDD', 402, 'Pipe installation', 'GASTRANS048', '5f12b55b-710f-4613-92f6-48bf0448c025', NULL);
INSERT INTO public.library_tasks VALUES ('637eba71-e353-42cc-8be8-7f40ad440514', 'Install large diameter pipe (>12") - Open trench / above ground', 302, 'Pipe installation', 'GASTRANS049', '5f12b55b-710f-4613-92f6-48bf0448c025', NULL);
INSERT INTO public.library_tasks VALUES ('4880814a-ec17-4825-8757-67d8ff7862df', 'Install small diameter pipe / fittings (<=12") - Open trench / above ground', 104, 'Pipe installation', 'GASTRANS050', '5f12b55b-710f-4613-92f6-48bf0448c025', NULL);
INSERT INTO public.library_tasks VALUES ('ac1e15a5-7021-48a6-a88d-b9799b6355ea', 'Confined space entry', 138, 'Confined space entry', 'GASTRANS057', '5f12b55b-710f-4613-92f6-48bf0448c025', NULL);
INSERT INTO public.library_tasks VALUES ('2ce1dddc-72d6-4fae-b639-f855171abf00', 'Install fences and/or barricades', 23, 'Site restoration', 'GASTRANS061', '5f12b55b-710f-4613-92f6-48bf0448c025', NULL);
INSERT INTO public.library_tasks VALUES ('7b9bcd4f-cc64-48eb-8d38-ab8988dda7f6', 'Demo of retired facilities', 84, 'Structural work', 'GASTRANS062', '5f12b55b-710f-4613-92f6-48bf0448c025', NULL);
INSERT INTO public.library_tasks VALUES ('23631748-7c0c-48f0-b0f8-e7e7bc676c18', 'Structural fabrication / assembly', 246, 'Structural work', 'GASTRANS063', '5f12b55b-710f-4613-92f6-48bf0448c025', NULL);
INSERT INTO public.library_tasks VALUES ('450a47f4-a174-47d4-8c46-54d2fc12555f', 'Micropile installation', 237, 'Structural work', 'GASTRANS065', '5f12b55b-710f-4613-92f6-48bf0448c025', NULL);
INSERT INTO public.library_tasks VALUES ('37a72bab-91b2-41b4-bd83-107a5a4b4951', 'Locates / Mark-outs', 23, 'Civil work', 'GENERAL003', '43974dda-0338-4e76-9856-2a76a472fda5', NULL);
INSERT INTO public.library_tasks VALUES ('ed717165-b18b-4f07-ba6a-f4a4e046123b', 'Surveying & staking', 11, 'Civil work', 'GENERAL006', '43974dda-0338-4e76-9856-2a76a472fda5', NULL);
INSERT INTO public.library_tasks VALUES ('223b04e9-62fa-4cf9-97f7-42d7e63994f0', 'Clearing & grading', 110, 'Civil work', 'GENERAL007', '43974dda-0338-4e76-9856-2a76a472fda5', NULL);
INSERT INTO public.library_tasks VALUES ('ad7a3d5c-ea72-45ed-a849-96540c68d337', 'Driving equipment and vehicles', 123, 'Traffic control', 'GENERAL001', '43974dda-0338-4e76-9856-2a76a472fda5', NULL);
INSERT INTO public.library_tasks VALUES ('b1738bbd-1570-482d-91ee-ad64ccfb3aea', 'Traffic control (Site set-up)', 120, 'Traffic control', 'GENERAL002', '43974dda-0338-4e76-9856-2a76a472fda5', NULL);
INSERT INTO public.library_tasks VALUES ('07a3c9b1-b4aa-4b67-a6ff-dbd3603c1b51', 'Site set-up', 143, 'Mobilization', 'GENERAL004', '43974dda-0338-4e76-9856-2a76a472fda5', NULL);
INSERT INTO public.library_tasks VALUES ('860ed6da-9864-44e5-b6bf-f06192638566', 'General labor/emergent work', 20, 'General Work Considerations - Maintenance', 'GENERAL005', '43974dda-0338-4e76-9856-2a76a472fda5', NULL);
INSERT INTO public.library_tasks VALUES ('be7221c1-f6b2-4bd0-b7ab-bfdd5913d044', 'Work area Prep - Matting install/removal', 300, 'Civil work', 'GENERAL008', '43974dda-0338-4e76-9856-2a76a472fda5', NULL);
INSERT INTO public.library_tasks VALUES ('f8e7acfa-cc2d-46f2-9100-2a82a01654d5', 'Excavation - D-Line Grading', 210, 'CIVIL', 'ELECDIST009', '33377fa1-dfc5-4149-94a7-feefb6467e75', NULL);
INSERT INTO public.library_tasks VALUES ('7ebf6ae3-0cbe-455c-a677-396b132c0563', 'Excavation - Excavation of soil', 223, 'CIVIL', 'ELECDIST010', '33377fa1-dfc5-4149-94a7-feefb6467e75', NULL);
INSERT INTO public.library_tasks VALUES ('68d4fe67-2873-42c1-81cf-38d941b365d8', 'Excavation - Soil Management /Disposal', 210, 'CIVIL', 'ELECDIST011', '33377fa1-dfc5-4149-94a7-feefb6467e75', NULL);
INSERT INTO public.library_tasks VALUES ('61584f3f-39ca-4968-b1f9-75df32e5ad42', 'Receiving , transporting and staging Material (e.g., poles, insulators, airbreaks, primary and secondary conductors, pole top reclosers, etc) - loading/transporting/unloading', 140, 'Material handling', 'ELECDIST012', '33377fa1-dfc5-4149-94a7-feefb6467e75', NULL);
INSERT INTO public.library_tasks VALUES ('707c89f3-69f5-44ef-855d-1285c37bc19b', 'Hydro-vac', 201, 'CIVIL', 'ELECDIST013', '33377fa1-dfc5-4149-94a7-feefb6467e75', NULL);
INSERT INTO public.library_tasks VALUES ('e76ac93a-3460-40e0-9c67-2ba771be2306', 'Excavation/Vertical drilling', 302, 'CIVIL', 'ELECDIST014', '33377fa1-dfc5-4149-94a7-feefb6467e75', NULL);
INSERT INTO public.library_tasks VALUES ('47946e56-d353-4d09-ba02-948403fe4acc', 'Take a Clearance -Red Tag Air Gap/Switch(s) to ensure new circuit line isolated from system', 10, 'Switching and Tagging/C&C (Clerance and Control)', 'ELECDIST015', '33377fa1-dfc5-4149-94a7-feefb6467e75', NULL);
INSERT INTO public.library_tasks VALUES ('f422cab2-a7be-4015-80d4-ddfc2a30e717', 'Installing new wood poles (various lengths) - Hoisting & Rigging loads', 200, 'Overhead Construction', 'ELECDIST016', '33377fa1-dfc5-4149-94a7-feefb6467e75', NULL);
INSERT INTO public.library_tasks VALUES ('527054e9-88e8-44e9-b006-f72eb7934436', 'Installing new wood poles - Tamping', 300, 'Overhead Construction', 'ELECDIST017', '33377fa1-dfc5-4149-94a7-feefb6467e75', NULL);
INSERT INTO public.library_tasks VALUES ('58e446e5-f278-4a65-aea1-a1e2604da5bb', 'Install anchors/guys - Rigging loads', 310, 'Overhead Construction', 'ELECDIST018', '33377fa1-dfc5-4149-94a7-feefb6467e75', NULL);
INSERT INTO public.library_tasks VALUES ('b7975a77-1cc9-45c4-8e90-9173f2e2ce5f', 'Install line hardware: insulators, airbreaks, pole top reclosers, vibration dampers, bird diverters.', 301, 'Overhead Construction - Replace', 'ELECDIST019', '33377fa1-dfc5-4149-94a7-feefb6467e75', NULL);
INSERT INTO public.library_tasks VALUES ('8fa3aba3-66fe-41ea-b315-ba070785bbcf', 'Running primary conductor (477 Spacer Cable/15kv for example) - Rigging & Hoisting', 200, 'Overhead Construction', 'ELECDIST020', '33377fa1-dfc5-4149-94a7-feefb6467e75', NULL);
INSERT INTO public.library_tasks VALUES ('831d5978-5338-449b-97b1-feededfa0238', 'Running/securing primary conductor - Rigging & Hoisting', 200, 'Overhead Construction', 'ELECDIST021', '33377fa1-dfc5-4149-94a7-feefb6467e75', NULL);
INSERT INTO public.library_tasks VALUES ('1867f569-da9d-4428-8081-189b9ff10c60', 'Running/securing secondary conductor - Hoisting & Rig', 200, 'Overhead Construction', 'ELECDIST022', '33377fa1-dfc5-4149-94a7-feefb6467e75', NULL);
INSERT INTO public.library_tasks VALUES ('3ddc633b-f712-4f39-aa6b-ababefb6fbce', 'Terminating primary conductors to equipment (i.e./xfmr/recloser/airbreak) - Strip/prep/Pressing/bolting connectors', 300, 'Overhead Construction', 'ELECDIST023', '33377fa1-dfc5-4149-94a7-feefb6467e75', NULL);
INSERT INTO public.library_tasks VALUES ('598bf4fd-4c5f-4bce-919b-1aa56929f4b8', 'terminating secondary conductors to equipment (i.e -xformer/disc sw/metering) - Strip/prep/Pressing/bolting connectors', 300, 'Overhead Construction', 'ELECDIST024', '33377fa1-dfc5-4149-94a7-feefb6467e75', NULL);
INSERT INTO public.library_tasks VALUES ('92ca4761-59c8-4682-96f1-e4942f1dc400', 'Torquing/bolt up - Securement', 120, 'Overhead Construction', 'ELECDIST025', '33377fa1-dfc5-4149-94a7-feefb6467e75', NULL);
INSERT INTO public.library_tasks VALUES ('065b1971-6107-4e99-b84b-a44662262866', 'Release Clearance for testing/phasing', 10, 'Switching and Tagging/C&C (Clerance and Control)', 'ELECDIST026', '33377fa1-dfc5-4149-94a7-feefb6467e75', NULL);
INSERT INTO public.library_tasks VALUES ('abf3d9dc-2de8-4ea5-9f26-16c3b1fd55a5', 'Switching for Phasing', 132, 'Switching and Tagging/C&C (Clerance and Control)', 'ELECDIST027', '33377fa1-dfc5-4149-94a7-feefb6467e75', NULL);
INSERT INTO public.library_tasks VALUES ('ba3283c2-4a73-4306-bc01-ecb61a69b982', 'Phasing', 130, 'Testing', 'ELECDIST028', '33377fa1-dfc5-4149-94a7-feefb6467e75', NULL);
INSERT INTO public.library_tasks VALUES ('a5ae7d47-0f09-4636-9d96-b998b62f8f5d', 'Load Checks', 131, 'Switching and Tagging/C&C (Clerance and Control)', 'ELECDIST029', '33377fa1-dfc5-4149-94a7-feefb6467e75', NULL);
INSERT INTO public.library_tasks VALUES ('ba622c1d-dee9-4b51-a0e4-d98acefd1092', 'Energize new circuit', 122, 'Switching and Tagging/C&C (Clerance and Control)', 'ELECDIST030', '33377fa1-dfc5-4149-94a7-feefb6467e75', NULL);
INSERT INTO public.library_tasks VALUES ('1b6fad18-62cc-4eec-af79-fba6bcb65cdd', 'Site restoration (Backfilling, Grading) - Grading', 120, 'CIVIL', 'ELECDIST031', '33377fa1-dfc5-4149-94a7-feefb6467e75', NULL);
INSERT INTO public.library_tasks VALUES ('a27c5ce6-d0ba-428f-af2e-1b01768df242', 'Rigging/Securing/Transporting', 310, 'Demobilization', 'ELECDIST032', '33377fa1-dfc5-4149-94a7-feefb6467e75', NULL);
INSERT INTO public.library_tasks VALUES ('7da1893e-0657-4c7c-ab14-043f3f731691', 'Re-tensioning guy wires', 100, 'Overhead Construction - Replace', 'ELECDIST034', '33377fa1-dfc5-4149-94a7-feefb6467e75', NULL);
INSERT INTO public.library_tasks VALUES ('4643f8d2-0379-4119-b30e-10086ce2bc14', 'Install switches, fuses, pole mounted transformers', 301, 'Overhead Construction - Replace', 'ELECDIST037', '33377fa1-dfc5-4149-94a7-feefb6467e75', NULL);
INSERT INTO public.library_tasks VALUES ('f5304c43-efbb-4767-84ba-a679c428b0d1', 'Install overhead ground wire and neutral', 300, 'Overhead Construction - Replace', 'ELECDIST038', '33377fa1-dfc5-4149-94a7-feefb6467e75', NULL);
INSERT INTO public.library_tasks VALUES ('43974f5a-8576-49e4-a2b3-7c2caa56b8e2', 'Build duct bank - Concreting', 231, 'Underground - Civil', 'ELECDIST039', '33377fa1-dfc5-4149-94a7-feefb6467e75', NULL);
INSERT INTO public.library_tasks VALUES ('65f285d4-cf2f-4ff5-b490-1deeeea38d94', 'Install vaults/manholes', 400, 'Underground - Civil', 'ELECDIST040', '33377fa1-dfc5-4149-94a7-feefb6467e75', NULL);
INSERT INTO public.library_tasks VALUES ('2b09776f-7c33-46e9-b90c-e28df4320e49', 'Laying conduit', 220, 'Underground - Civil', 'ELECDIST041', '33377fa1-dfc5-4149-94a7-feefb6467e75', NULL);
INSERT INTO public.library_tasks VALUES ('e9ba4860-d0c2-4b84-a4af-4d2b29dc8da3', 'Pulling cable', 210, 'Underground - Civil', 'ELECDIST042', '33377fa1-dfc5-4149-94a7-feefb6467e75', NULL);
INSERT INTO public.library_tasks VALUES ('e57a4ddb-dec3-4aac-836b-b5661428d788', 'Install Ground Fault Indicators', 201, 'Underground - Civil', 'ELECDIST043', '33377fa1-dfc5-4149-94a7-feefb6467e75', NULL);
INSERT INTO public.library_tasks VALUES ('0d43e37f-0c51-4315-9dc4-56d0c6028bba', 'Cut Meter Seal', 320, 'Metering', 'ELECDIST044', '33377fa1-dfc5-4149-94a7-feefb6467e75', NULL);
INSERT INTO public.library_tasks VALUES ('e95730a6-1ca7-4582-95f3-d0fca91644f7', 'Remove Meter', 320, 'Metering', 'ELECDIST045', '33377fa1-dfc5-4149-94a7-feefb6467e75', NULL);
INSERT INTO public.library_tasks VALUES ('3ccbb149-9243-4377-835c-c2ffb7963775', 'Voltage Test', 320, 'Metering', 'ELECDIST046', '33377fa1-dfc5-4149-94a7-feefb6467e75', NULL);
INSERT INTO public.library_tasks VALUES ('744eaba2-7220-4ce1-9b0c-eb1850898926', 'Install meter', 320, 'Metering', 'ELECDIST047', '33377fa1-dfc5-4149-94a7-feefb6467e75', NULL);
INSERT INTO public.library_tasks VALUES ('c28d58f4-d149-4970-b224-7c6350b03972', 'Remove Seal', 320, 'Metering', 'ELECDIST048', '33377fa1-dfc5-4149-94a7-feefb6467e75', NULL);
INSERT INTO public.library_tasks VALUES ('002ddb94-2cc9-4fb5-92a9-76d6f2581e31', 'Install new seal', 320, 'Metering', 'ELECDIST049', '33377fa1-dfc5-4149-94a7-feefb6467e75', NULL);
INSERT INTO public.library_tasks VALUES ('33cb8b7f-fd2f-4b3a-b253-e04c1cc10b27', 'Test/Survey Meter', 320, 'Metering', 'ELECDIST050', '33377fa1-dfc5-4149-94a7-feefb6467e75', NULL);

































INSERT INTO public.library_activity_groups VALUES ('8cfa3513-a393-4834-98e7-f2f279fc8ac1', 'Above-ground Welding', NULL);
INSERT INTO public.library_activity_groups VALUES ('10821d15-975a-4698-8c9d-b4a1936609dd', 'In-trench Welding', NULL);
INSERT INTO public.library_activity_groups VALUES ('13e0a520-8de1-4579-9d77-c76c54982828', 'Confined Space Entry', NULL);
INSERT INTO public.library_activity_groups VALUES ('6693defe-d58d-4f5a-a7da-b269d4a581d9', 'Demolition', NULL);
INSERT INTO public.library_activity_groups VALUES ('ba227d34-44bc-4384-8da8-3d58cc4fc075', 'Drilling', NULL);
INSERT INTO public.library_activity_groups VALUES ('a0da67f3-8c07-46b1-a527-3eb761c61f5f', 'Driving', NULL);
INSERT INTO public.library_activity_groups VALUES ('3d62c233-1c09-499c-a7ac-bb4f895cda04', 'Electrical', NULL);
INSERT INTO public.library_activity_groups VALUES ('524bcf3a-1ddb-4b2d-91e6-97013241689b', 'Excavation', NULL);
INSERT INTO public.library_activity_groups VALUES ('3a522493-0a25-4719-b7ce-8d87b91c7452', 'Field coating - Install/Remove', NULL);
INSERT INTO public.library_activity_groups VALUES ('1e4c6c0a-c675-4be0-a451-2692467fd25a', 'Install Equipment', NULL);
INSERT INTO public.library_activity_groups VALUES ('66958300-e5ee-4809-b6bc-34d74338eab3', 'Labor', NULL);
INSERT INTO public.library_activity_groups VALUES ('a53c4860-62f2-40b9-89cb-4e89c0480a29', 'Material Bending', NULL);
INSERT INTO public.library_activity_groups VALUES ('314350b9-79e3-43ea-8167-4ede2a4eca4a', 'Material Handling', NULL);
INSERT INTO public.library_activity_groups VALUES ('7ce5d4ec-e20d-4703-bedd-eb1ae870a580', 'Non-destructive Examination', NULL);
INSERT INTO public.library_activity_groups VALUES ('313e6685-b8c0-460e-b384-9ef415311a03', 'Other Field Work', NULL);
INSERT INTO public.library_activity_groups VALUES ('d5f625a0-ea44-4dc9-990c-e94b25877ff1', 'Pigging', NULL);
INSERT INTO public.library_activity_groups VALUES ('c3d0d6ee-33f2-43bd-8acf-b8486a78c94c', 'Retire/Remove', NULL);
INSERT INTO public.library_activity_groups VALUES ('cc13a4a3-00fa-43af-9709-bf5767d99a24', 'Pipe Fusion', NULL);
INSERT INTO public.library_activity_groups VALUES ('989a3cae-4be2-4ac6-aa3b-a5ebbd459f79', 'Pipe Installation', NULL);
INSERT INTO public.library_activity_groups VALUES ('4d4b0fd2-7a93-4478-874a-db5b542a0f36', 'Plumbing', NULL);
INSERT INTO public.library_activity_groups VALUES ('44965da2-5d7c-412f-97ee-c6b4c0ade8ff', 'Pressure Test', NULL);
INSERT INTO public.library_activity_groups VALUES ('1255dac3-e7b2-421c-b532-dfb53268e09b', 'Purging', NULL);
INSERT INTO public.library_activity_groups VALUES ('22172a0d-dfcb-46b6-b543-3593d5084873', 'Purging/Gas-in', NULL);
INSERT INTO public.library_activity_groups VALUES ('263b01e7-f705-44a2-a8c1-82290b713ec8', 'Site Setup/Mobilization', NULL);
INSERT INTO public.library_activity_groups VALUES ('2c227a95-c883-4758-8350-92c5528ee6cf', 'Site Prep/Restoration', NULL);
INSERT INTO public.library_activity_groups VALUES ('b5d41b25-58c6-4b0d-9f31-1d3df4ce5ce4', 'Site Restoration', NULL);
INSERT INTO public.library_activity_groups VALUES ('eedcdbc9-f25f-45f1-b2c3-87e7aa5b80f1', 'Tie-in', NULL);
INSERT INTO public.library_activity_groups VALUES ('c0d44bd5-d17c-4d45-9452-dc195e432e71', 'Torquing/Bolt up', NULL);
INSERT INTO public.library_activity_groups VALUES ('0416f434-43d5-45c8-a032-e10dc53a96e7', 'Corrosion', NULL);
INSERT INTO public.library_activity_groups VALUES ('1f8e5b52-31dc-45e7-8b50-cdf0fd0a3223', 'Clearance', NULL);
INSERT INTO public.library_activity_groups VALUES ('00ef4058-ad6e-4781-ae1e-4fcd72839e32', 'Phasing', NULL);
INSERT INTO public.library_activity_groups VALUES ('b37ff0fd-9c8e-474b-a412-39dcdc357a89', 'Site Prep', NULL);
INSERT INTO public.library_activity_groups VALUES ('6c26e14a-43ca-4657-af27-65df8d630e59', 'Switching', NULL);
INSERT INTO public.library_activity_groups VALUES ('6cd56ae8-b45f-4ebc-9e7f-5a0e4e705472', 'Work Method', NULL);






INSERT INTO public.library_controls VALUES ('0b2da794-4f9a-4ec2-adc6-ddd15342ca5e', 'Cutting goggles', true, false, NULL, NULL, NULL, NULL);
INSERT INTO public.library_controls VALUES ('9e21d7c7-3276-406e-951e-a710c5c3f35a', 'Housekeeping', true, false, NULL, NULL, NULL, NULL);
INSERT INTO public.library_controls VALUES ('730d586c-f9fc-48c2-bab9-018e5474b81c', 'Cut resistant gloves', true, false, NULL, NULL, NULL, NULL);
INSERT INTO public.library_controls VALUES ('0707486a-fd22-4959-887c-a0cd930ec087', 'Chaps', true, false, NULL, NULL, NULL, NULL);
INSERT INTO public.library_controls VALUES ('c2efdade-aac5-40c6-aa29-34687d2114f3', 'Hard hat', true, false, NULL, NULL, NULL, NULL);
INSERT INTO public.library_controls VALUES ('6c9d1d49-53f1-4baf-a382-abcb11d9f40d', 'Hydro-vac', true, false, NULL, NULL, NULL, NULL);
INSERT INTO public.library_controls VALUES ('8b1698a3-a055-499c-95e5-56059e3cdd89', 'Fill in gaps and holes in mats', true, false, NULL, NULL, NULL, NULL);
INSERT INTO public.library_controls VALUES ('25ae5c04-3dab-4c7d-bf0d-2317fd997619', 'Face shield', true, false, NULL, NULL, NULL, NULL);
INSERT INTO public.library_controls VALUES ('23d96813-1901-4a25-b6d7-5579a2799a10', 'Asbestos abatement', true, false, NULL, NULL, NULL, NULL);
INSERT INTO public.library_controls VALUES ('7bd1b8f8-020a-46bd-bff0-d4fba5910cac', 'Impact rated gloves', true, false, NULL, NULL, NULL, NULL);
INSERT INTO public.library_controls VALUES ('a1944ad5-2895-436f-afa9-9a752dd81ecc', 'Isotopes stored and handled properly', true, false, NULL, NULL, NULL, NULL);
INSERT INTO public.library_controls VALUES ('058e7079-eb40-4b9d-a02a-126102ea8322', 'Life jacket / buoyancy aid', false, true, NULL, NULL, NULL, NULL);
INSERT INTO public.library_controls VALUES ('d8251088-33df-44b9-8286-3e11d80645d1', 'Hearing protection', true, true, NULL, NULL, NULL, NULL);
INSERT INTO public.library_controls VALUES ('1f482f5a-820b-4710-8ecf-d6a816d6e96b', '3 points of contact', true, true, NULL, NULL, NULL, NULL);
INSERT INTO public.library_controls VALUES ('873def37-dd23-4abe-acdb-81eab0602c08', 'Work rest cycle', true, true, NULL, NULL, NULL, NULL);
INSERT INTO public.library_controls VALUES ('f52b676d-516e-4068-8878-050dfb32313f', 'Police detail', true, true, NULL, NULL, NULL, NULL);
INSERT INTO public.library_controls VALUES ('7d39bcf4-6f3d-4daa-914d-6335018fbcf8', 'Stretch and flex', true, false, NULL, NULL, NULL, NULL);
INSERT INTO public.library_controls VALUES ('f03198ec-d56a-434b-aa72-f21a7e80eed2', 'Mechanical steak driver', true, false, NULL, NULL, NULL, NULL);
INSERT INTO public.library_controls VALUES ('cf25cc91-be50-4117-aced-c8a8f83db846', 'Work positioning device/restraint', true, true, NULL, NULL, NULL, NULL);
INSERT INTO public.library_controls VALUES ('ef04b4a5-9196-4122-b6f4-0b787190dff0', '360 walk around', false, false, NULL, NULL, NULL, NULL);
INSERT INTO public.library_controls VALUES ('9445a787-c4cb-4fb2-8a49-1b9947f55876', 'Machine guards', true, false, NULL, NULL, NULL, NULL);
INSERT INTO public.library_controls VALUES ('6abcda1e-947c-4f1e-b913-18bc96c23334', 'Safety glasses', true, true, NULL, NULL, NULL, NULL);
INSERT INTO public.library_controls VALUES ('5ddd6a21-1f39-45fc-af9d-1dc783eba9a5', 'Respirator', true, true, NULL, NULL, NULL, NULL);
INSERT INTO public.library_controls VALUES ('610c3314-762f-4985-9701-6cfe44059cd8', 'Pressure relief devices', true, false, NULL, NULL, NULL, NULL);
INSERT INTO public.library_controls VALUES ('8b781386-e309-44d5-9b8d-35230f80119a', 'PPE as directed by SDS', true, false, NULL, NULL, NULL, NULL);
INSERT INTO public.library_controls VALUES ('496344fb-1c4d-4b89-bc32-9ba7b50f619e', 'Stairways, ladders, ramps placed no more than 25 laterally from one another', true, false, NULL, NULL, NULL, NULL);
INSERT INTO public.library_controls VALUES ('42c7d15f-00c4-49cc-bcce-7e58927d09b6', 'Automatic shut-off', true, false, NULL, NULL, NULL, NULL);
INSERT INTO public.library_controls VALUES ('6f005259-0fc3-4fd2-bcf7-b2bf67d44766', 'Cover up', true, false, NULL, NULL, NULL, NULL);
INSERT INTO public.library_controls VALUES ('bc886bd6-602f-49d5-8508-01b987fe7ed7', 'Proper communication', false, false, NULL, NULL, NULL, NULL);
INSERT INTO public.library_controls VALUES ('845518bd-2a56-47c7-92d7-220087939243', 'Exclusion zone', true, false, NULL, NULL, NULL, NULL);
INSERT INTO public.library_controls VALUES ('1b79d139-38b2-44f7-aefc-e2871e2d46d9', 'Gas detection monitoring', true, false, NULL, NULL, NULL, NULL);
INSERT INTO public.library_controls VALUES ('ddb617a0-9e06-4599-9b99-3e36e7b5ee28', 'Controlled access zone', true, false, NULL, NULL, NULL, NULL);
INSERT INTO public.library_controls VALUES ('ea323b12-7f98-4064-873c-92886cef07ec', 'Full face UV protective shield', true, false, NULL, NULL, NULL, NULL);
INSERT INTO public.library_controls VALUES ('dc925cd9-a7bd-4a68-b61b-389fe09289d9', 'Seat belt and airbag', true, false, NULL, NULL, NULL, NULL);
INSERT INTO public.library_controls VALUES ('f5fb0d9d-1e01-42b7-835e-7c5e46482119', 'Radiation shielding', true, false, NULL, NULL, NULL, NULL);
INSERT INTO public.library_controls VALUES ('62ca2539-c0c4-4920-aca8-60e8536e725d', 'Spotters', true, true, NULL, NULL, NULL, NULL);
INSERT INTO public.library_controls VALUES ('98d73996-ac36-4dbd-8b6c-fa2682c421d4', 'Sloping and benching', true, false, NULL, NULL, NULL, NULL);
INSERT INTO public.library_controls VALUES ('08bbff19-ce5b-47c1-a680-4cd5d6d8866f', 'Correct lifting procedures and techniques', true, false, NULL, NULL, NULL, NULL);
INSERT INTO public.library_controls VALUES ('1f9a5ff0-3394-4895-b45c-089ac6643003', 'Tool that forces safe distance/MAD', false, false, NULL, NULL, NULL, NULL);
INSERT INTO public.library_controls VALUES ('4092d3b1-67d7-495b-84b4-de224a1b9894', 'Training', true, false, NULL, NULL, NULL, NULL);
INSERT INTO public.library_controls VALUES ('8aac579e-b59c-4252-8939-c799b7f9166d', 'Firefighting equipment (e.g. extinguisher, shovel, ax)', true, false, NULL, NULL, NULL, NULL);
INSERT INTO public.library_controls VALUES ('33e934a7-c837-4a28-b896-9e4612a6c810', 'Fire-resistant (FR) clothing', true, false, NULL, NULL, NULL, NULL);
INSERT INTO public.library_controls VALUES ('8897d760-3e77-499b-a3b8-ef060ac5fbd9', 'Safety toed footwear', true, false, NULL, NULL, NULL, NULL);
INSERT INTO public.library_controls VALUES ('b4380ba8-f086-4c83-b3f6-876d94d00239', 'Radiation monitoring', true, false, NULL, NULL, NULL, NULL);
INSERT INTO public.library_controls VALUES ('d9b46efa-f00e-4ac9-b550-0541dda61246', 'Exhaust fans', true, false, NULL, NULL, NULL, NULL);
INSERT INTO public.library_controls VALUES ('253829fa-56ea-40a7-a938-cceee82cd7d6', 'Use of rebar caps', true, false, NULL, NULL, NULL, NULL);
INSERT INTO public.library_controls VALUES ('359a02e2-7330-4175-a5b6-ef918e7d4158', 'Grounding', true, false, NULL, NULL, NULL, NULL);
INSERT INTO public.library_controls VALUES ('52182601-b5ef-4526-ad02-5d63f5b75e84', 'Insect repellant', true, true, NULL, NULL, NULL, NULL);
INSERT INTO public.library_controls VALUES ('b4affcfd-2c5a-471e-bf27-61d20dac834b', 'Bend over protruding nails', true, false, NULL, NULL, NULL, NULL);
INSERT INTO public.library_controls VALUES ('fdfdc2f6-af19-413b-aacc-e0819cae5f5d', 'Double rigging/redundancy', true, false, NULL, NULL, NULL, NULL);
INSERT INTO public.library_controls VALUES ('0f2534da-adad-4dab-a700-8d1493f5ba82', 'Fall protection', true, true, NULL, NULL, NULL, NULL);
INSERT INTO public.library_controls VALUES ('53a4afff-cfd5-4b30-89af-3d875f62722a', 'Whip restraint', true, false, NULL, NULL, NULL, NULL);
INSERT INTO public.library_controls VALUES ('b4b3b004-49a6-4471-84d6-7b6d0a4a7004', 'Flash protection boundary with hard physical barriers', true, false, NULL, NULL, NULL, NULL);
INSERT INTO public.library_controls VALUES ('a033267d-7322-42c8-b011-4015d68b2bc2', 'Insulting gloves, sleeves, shoes, etc.', true, false, NULL, NULL, NULL, NULL);
INSERT INTO public.library_controls VALUES ('e92f3626-be91-47da-b197-77e6154f5a15', 'Inspection', true, true, NULL, NULL, NULL, NULL);
INSERT INTO public.library_controls VALUES ('ff161bca-e057-4045-a3fe-708b6569ab8a', 'Lock-out tag-out (LOTO)', true, false, NULL, NULL, NULL, NULL);
INSERT INTO public.library_controls VALUES ('b9434a7d-62cc-4dc7-9e8e-02d418af7f7a', '811 locate tickets in place and utilities clearly marked', true, true, NULL, NULL, NULL, NULL);
INSERT INTO public.library_controls VALUES ('2c285dc8-124f-4ebb-b913-3ca8ebf49f5a', 'Traffic control zone with physical barriers', true, true, NULL, NULL, NULL, NULL);
INSERT INTO public.library_controls VALUES ('c8202f22-79a8-4037-b566-5c7ea9dfe935', 'Traffic control devices (eg. barricades, delineators, signs)', true, true, NULL, NULL, NULL, NULL);
INSERT INTO public.library_controls VALUES ('a1331fdc-0331-4ef0-984a-3acaa5c3b8e7', 'Covers over holes', false, true, NULL, NULL, NULL, NULL);
INSERT INTO public.library_controls VALUES ('1a4fcf20-634f-4959-bf07-7baef3cbcd55', 'Electrical isolation and grounding', true, false, NULL, NULL, NULL, NULL);
INSERT INTO public.library_controls VALUES ('54e26d98-c66d-45fb-929c-d6c7c2dc7d31', 'Emergency response plan', false, true, NULL, NULL, NULL, NULL);
INSERT INTO public.library_controls VALUES ('3305bcf8-5a86-4206-855e-604c33546100', 'Shelter area', false, true, NULL, NULL, NULL, NULL);
INSERT INTO public.library_controls VALUES ('946381c0-6040-4576-b1c9-dbd9d6a607d1', 'Drop zone', false, false, NULL, NULL, NULL, NULL);
INSERT INTO public.library_controls VALUES ('4ccb55b6-34d4-4bd7-b0e1-4d84a4018520', 'Ground tracking system', false, false, NULL, NULL, NULL, NULL);
INSERT INTO public.library_controls VALUES ('97066ea2-1ef9-447c-85aa-e04f23f8c7da', 'Fire blankets', false, false, NULL, NULL, NULL, NULL);
INSERT INTO public.library_controls VALUES ('4ae1251c-d1ea-4ed1-b0b5-9a27b800ff3e', 'Hard physical barrier', true, true, NULL, NULL, NULL, NULL);
INSERT INTO public.library_controls VALUES ('4c2ff3f4-5c1b-4022-a3fa-8917246c6a37', 'Dust abatement', true, false, NULL, NULL, NULL, NULL);
INSERT INTO public.library_controls VALUES ('2f25f1b4-2fa2-47f6-b478-2cfe145d3f4a', 'Motor control center (MCC) panel enclosure', false, false, NULL, NULL, NULL, NULL);
INSERT INTO public.library_controls VALUES ('acf79932-d38e-43f8-96b7-a2ab7711cbdb', 'Hotline sticks', false, false, NULL, NULL, NULL, NULL);
INSERT INTO public.library_controls VALUES ('4ff781dd-8f2e-47ef-91b0-132ecfdee586', 'Safety vest', true, true, NULL, NULL, NULL, NULL);
INSERT INTO public.library_controls VALUES ('ea909801-3911-44e8-a00d-a734892db9b7', 'Pressure release valve', false, false, NULL, NULL, NULL, NULL);
INSERT INTO public.library_controls VALUES ('89fe7159-5576-4696-9356-75a34e8da4ea', 'Vibration resistant gloves', false, false, NULL, NULL, NULL, NULL);
INSERT INTO public.library_controls VALUES ('21def986-03d8-4f81-a5c6-9e8c5c4ecedf', 'Steam suits', false, false, NULL, NULL, NULL, NULL);
INSERT INTO public.library_controls VALUES ('3fea8b7e-2712-40a7-9a73-332a26cf397e', 'Self-retracting lifeline', false, true, NULL, NULL, NULL, NULL);
INSERT INTO public.library_controls VALUES ('80391027-0232-4e5e-9633-e0078b846b03', 'Proper bonding of materials', false, false, NULL, NULL, NULL, NULL);
INSERT INTO public.library_controls VALUES ('a0950811-11e6-4f48-b4e6-7e99ca98f4ed', 'Hoist break', false, false, NULL, NULL, NULL, NULL);
INSERT INTO public.library_controls VALUES ('02a2b6d9-6615-4408-9740-7638b4f68423', 'Local ventilation', false, false, NULL, NULL, NULL, NULL);
INSERT INTO public.library_controls VALUES ('63b91dec-9934-46c6-ac90-782284bb3dd6', 'Surface insulation', false, false, NULL, NULL, NULL, NULL);
INSERT INTO public.library_controls VALUES ('0b3a5e47-7edd-4515-8d2b-50b2a0068cf9', 'Active cooling system', false, false, NULL, NULL, NULL, NULL);
INSERT INTO public.library_controls VALUES ('6feddda5-4ba9-459b-8aa3-335bccb66eba', 'Sprinkler system', false, false, NULL, NULL, NULL, NULL);
INSERT INTO public.library_controls VALUES ('3adf7a3a-8b6f-41ab-8e34-64f2bbc959c6', 'Equipotential zones', false, false, NULL, NULL, NULL, NULL);
INSERT INTO public.library_controls VALUES ('000fb3b7-df08-450b-a96a-f5d181dad37c', 'Flash-rated equipment (suit, glasses, face shield)', false, false, NULL, NULL, NULL, NULL);
INSERT INTO public.library_controls VALUES ('72259630-a8c0-4ff7-b931-5006a53f3d5a', 'Area curtains', false, false, NULL, NULL, NULL, NULL);
INSERT INTO public.library_controls VALUES ('9146e674-044f-415c-a367-b72675befc88', 'Labeling', false, false, NULL, NULL, NULL, NULL);
INSERT INTO public.library_controls VALUES ('08147bb3-98a3-469f-87c3-8ce969bf22a1', 'Load limiting devices', false, false, NULL, NULL, NULL, NULL);
INSERT INTO public.library_controls VALUES ('ff3d5da3-84b6-4022-a533-a4094423b8ed', 'Inerting to exclude O2', false, false, NULL, NULL, NULL, NULL);
INSERT INTO public.library_controls VALUES ('e97d0d5c-4e40-435a-ad26-879fba56958c', 'Fuel source separation', false, false, NULL, NULL, NULL, NULL);
INSERT INTO public.library_controls VALUES ('ee1ecee4-3e4d-4f79-a757-b953c0c1b3f8', 'Explosive ordnance disposal (EOD) suit', false, false, NULL, NULL, NULL, NULL);
INSERT INTO public.library_controls VALUES ('5703e161-bf0c-46a4-bd1a-34378e8233b5', 'Roll cage', false, false, NULL, NULL, NULL, NULL);
INSERT INTO public.library_controls VALUES ('4c51e9cb-0bce-49cb-a3e0-2362864013eb', 'Self contained breathing apparatus', true, false, NULL, NULL, NULL, NULL);
INSERT INTO public.library_controls VALUES ('8bed5e34-6430-46aa-b31f-b068080ca543', 'Proper storage of hazardous / radioactive substances', false, false, NULL, NULL, NULL, NULL);
INSERT INTO public.library_controls VALUES ('82535dbe-142a-4b6e-93d1-bebe078e560a', 'Air bag', false, false, NULL, NULL, NULL, NULL);
INSERT INTO public.library_controls VALUES ('cd8547c6-f097-421d-80e1-10aea991f6f9', 'Machines with sensing devices/auto-shutoff', false, false, NULL, NULL, NULL, NULL);
INSERT INTO public.library_controls VALUES ('897af0ed-1181-440c-8f9b-9ec8161a6155', 'Insulating barriers', false, false, NULL, NULL, NULL, NULL);
INSERT INTO public.library_controls VALUES ('96cd2365-cba8-45f3-a909-8805a359e260', 'Remote fuel shut off', false, false, NULL, NULL, NULL, NULL);
INSERT INTO public.library_controls VALUES ('9c8907e3-7f4c-45c9-91b5-122d9d1722f5', 'Rated rigging equipment and attachment points', false, false, NULL, NULL, NULL, NULL);
INSERT INTO public.library_controls VALUES ('8282db17-1e36-4022-b03b-0d81a6815d13', 'Heat resistant clothing/thermal suits/kevlar sleeves', false, false, NULL, NULL, NULL, NULL);
INSERT INTO public.library_controls VALUES ('fdc8d6bf-a966-4d13-8c52-4101aa5058c5', 'Tool tethers', false, false, NULL, NULL, NULL, NULL);
INSERT INTO public.library_controls VALUES ('92bbf08c-be1c-4a19-8b7c-65ff1f8350cd', 'Ground fault circuit interrupters', false, false, NULL, NULL, NULL, NULL);
INSERT INTO public.library_controls VALUES ('08b4618d-b0b9-4b32-8c56-3f322c3c42c6', 'Rupture discs', false, false, NULL, NULL, NULL, NULL);
INSERT INTO public.library_controls VALUES ('85abffe4-0558-462b-b17f-65d8f6ecb910', 'Proper signage', true, false, NULL, NULL, NULL, NULL);
INSERT INTO public.library_controls VALUES ('925b15dc-4e0e-42ab-9fab-3b8eb128a414', 'Boom angle sensors/limiters', false, false, NULL, NULL, NULL, NULL);
INSERT INTO public.library_controls VALUES ('3cc421b0-1a2d-4750-b308-ed0ceaa0a200', 'Relief valve', false, false, NULL, NULL, NULL, NULL);
INSERT INTO public.library_controls VALUES ('d70916ec-4afc-4d6f-bba9-0f88b3edcee9', 'Collision avoidance system', true, false, NULL, NULL, NULL, NULL);
INSERT INTO public.library_controls VALUES ('52151cc5-0110-41e6-8109-a2adec515524', 'Gary guard', false, false, NULL, NULL, NULL, NULL);
INSERT INTO public.library_controls VALUES ('fdb3e8e9-cf7b-4da5-99bf-bc815e20f042', 'Blast blanks', false, false, NULL, NULL, NULL, NULL);
INSERT INTO public.library_controls VALUES ('cb624eaf-2cda-4558-8c8a-d1778ec9df6e', 'Insulated and/or voltage-rated equipment and tools', false, false, NULL, NULL, NULL, NULL);
INSERT INTO public.library_controls VALUES ('be579806-35df-41d4-988f-43c773c10f37', 'De-energization w/zero voltage test', false, false, NULL, NULL, NULL, NULL);
INSERT INTO public.library_controls VALUES ('0bffca91-4b8f-4a4d-b714-fec1cd26be42', 'Explosion suppression system', false, false, NULL, NULL, NULL, NULL);
INSERT INTO public.library_controls VALUES ('e44236e7-c210-46b8-b32c-c8507e0c814b', '2-hand switches', false, false, NULL, NULL, NULL, NULL);
INSERT INTO public.library_controls VALUES ('e3f0620c-d26d-48fb-a74a-e5e7118da855', 'Electrical hazard and/or dielectric footwear', false, false, NULL, NULL, NULL, NULL);
INSERT INTO public.library_controls VALUES ('8d9dc6bf-cb00-4d8d-bcfe-9aa498fc2de3', 'Trench box', false, false, NULL, NULL, NULL, NULL);
INSERT INTO public.library_controls VALUES ('39005682-22f1-4888-a64b-71f70c0de936', 'Assistance from additional worker', true, false, NULL, NULL, NULL, NULL);
INSERT INTO public.library_controls VALUES ('c6ea2eb6-1127-49d5-93ed-45aaf2abd78b', 'Crawl speed on hoist', false, false, NULL, NULL, NULL, NULL);
INSERT INTO public.library_controls VALUES ('209177a4-7639-4f6b-9cc2-60393301bdb0', 'Spill kits', false, false, NULL, NULL, NULL, NULL);
INSERT INTO public.library_controls VALUES ('0e2ccce5-9fd9-441c-9bff-80a9e2966b42', 'Fire protection system', false, false, NULL, NULL, NULL, NULL);
INSERT INTO public.library_controls VALUES ('157f439d-8fcb-4182-b172-eaacee5f9ff0', 'Groung Device Identification Ticket (GDIT)', false, false, NULL, NULL, NULL, NULL);
INSERT INTO public.library_controls VALUES ('42382149-d040-448b-98fd-740737702b09', 'Remote racking devices', false, false, NULL, NULL, NULL, NULL);
INSERT INTO public.library_controls VALUES ('80364238-c3fb-49d3-a4f3-29e7372b9acf', 'Evacuation zones', false, false, NULL, NULL, NULL, NULL);
INSERT INTO public.library_controls VALUES ('a96e2cca-97dd-46d3-a6d2-8aa9b02f8342', 'Chemical suit and gloves', false, false, NULL, NULL, NULL, NULL);
INSERT INTO public.library_controls VALUES ('f8905cd2-75b4-4386-890d-624de84cce29', 'Eye wash stations', false, false, NULL, NULL, NULL, NULL);
INSERT INTO public.library_controls VALUES ('bb525844-3ff4-4c98-8a15-894cfc324715', 'First aid kit', false, false, NULL, NULL, NULL, NULL);
INSERT INTO public.library_controls VALUES ('1989b8fd-6dd1-426d-b8a1-f8cce760dfd5', 'Pressure indicators', false, false, NULL, NULL, NULL, NULL);
INSERT INTO public.library_controls VALUES ('0859196b-172b-453f-802a-b94699db4710', 'Excavation support system', false, false, NULL, NULL, NULL, NULL);
INSERT INTO public.library_controls VALUES ('b3afd68f-9237-483a-ba6f-bdd8219c3004', 'Trench box/Sheeting and shoring', true, false, NULL, NULL, NULL, NULL);



INSERT INTO public.library_division_tenant_link VALUES ('3784b32f-006d-4b22-b87e-6d04a32ed33c', 'beefa9d8-2a7d-4b37-9fec-3f2a433e7050');
INSERT INTO public.library_division_tenant_link VALUES ('8cc132b0-33e1-4541-b5b8-1fccc85a797c', 'beefa9d8-2a7d-4b37-9fec-3f2a433e7050');



INSERT INTO public.library_hazards VALUES ('3c3e7da5-5a46-4ad8-a12c-533555359614', 'Arc flash', true, false, NULL, 'Not Defined', 'Not Defined');
INSERT INTO public.library_hazards VALUES ('25a02bff-ad3c-4291-8f57-b7cff5018a88', 'Inadequate access and egress', true, false, NULL, 'Not Defined', 'Not Defined');
INSERT INTO public.library_hazards VALUES ('be591329-a272-4e0f-8277-98df369fc821', 'Static discharge', true, false, NULL, 'Not Defined', 'Not Defined');
INSERT INTO public.library_hazards VALUES ('29ba89ae-b023-4799-a333-acce29102862', 'Fine particulate and dust', true, false, NULL, 'Not Defined', 'Not Defined');
INSERT INTO public.library_hazards VALUES ('98c1f174-ca8d-4c5a-98d7-827ebfc2a1c8', 'Exposure to release of stored energy', true, false, NULL, 'Not Defined', 'Not Defined');
INSERT INTO public.library_hazards VALUES ('5075adf0-dc06-485a-9943-113e770334c1', 'Cuts and lacerations', true, false, NULL, 'Not Defined', 'Not Defined');
INSERT INTO public.library_hazards VALUES ('6cf6a4fc-b8f9-4335-97c8-c3c8347643d8', 'Drowning', false, true, NULL, 'Not Defined', 'Not Defined');
INSERT INTO public.library_hazards VALUES ('23b011d4-4cb2-4526-9761-e247d506557a', 'Exposure to high dB', true, true, NULL, 'Not Defined', 'Not Defined');
INSERT INTO public.library_hazards VALUES ('20b5689a-ce74-40f8-a922-e2d5dc9a91f5', 'Exposure to high pressure', false, true, NULL, 'Not Defined', 'Not Defined');
INSERT INTO public.library_hazards VALUES ('23041379-366e-4ab2-a0db-a18b569bdafb', 'Slips, trips, and falls', true, true, NULL, 'Not Defined', 'Not Defined');
INSERT INTO public.library_hazards VALUES ('affd787b-1e6c-4c9d-a2d4-42d38e9c72b8', 'Pinch points', true, false, NULL, 'Not Defined', 'Not Defined');
INSERT INTO public.library_hazards VALUES ('2330705c-290e-4010-9be4-62e7cb5d0477', 'Contact with buried utilities', true, false, NULL, 'Not Defined', 'Not Defined');
INSERT INTO public.library_hazards VALUES ('0db44d38-fa65-4aa5-99bd-ab4a7ec0c880', 'Biological hazards - Insects, animals, poisonous plants', true, true, NULL, 'Not Defined', 'Not Defined');
INSERT INTO public.library_hazards VALUES ('ab2071b5-e299-454a-adf0-f42ac141c936', 'Exposure to toxic substances (e.g. asbestos, battery fumes)', true, false, NULL, 'Not Defined', 'Not Defined');
INSERT INTO public.library_hazards VALUES ('604bab16-64c3-4870-bd2e-52ea93e73e9e', 'Exposure to extreme heat', true, true, NULL, 'Not Defined', 'Not Defined');
INSERT INTO public.library_hazards VALUES ('63256499-6af9-4600-8afd-3e9c24b3ea63', 'Excavation or trench (>5ft)', true, false, NULL, 'Not Defined', 'Not Defined');
INSERT INTO public.library_hazards VALUES ('cc751338-928a-499a-b1dd-87b9ecc573fd', 'Heavy rotating equipment', true, true, NULL, 'Not Defined', 'Not Defined');
INSERT INTO public.library_hazards VALUES ('aaf65ad9-2589-488a-87bd-52697e2fdc8b', 'Caught in between', true, false, NULL, 'Not Defined', 'Not Defined');
INSERT INTO public.library_hazards VALUES ('79548b0a-9a11-4a9f-bd66-e1aa601a77d8', 'Ergonomic, repetitive motion hazards', true, false, NULL, 'Not Defined', 'Not Defined');
INSERT INTO public.library_hazards VALUES ('1a5bfa7b-999f-42ca-b3a3-3ab238c8abd6', 'Struck by equipment', true, false, NULL, 'Not Defined', 'Not Defined');
INSERT INTO public.library_hazards VALUES ('b8ad2b92-18e3-4ba4-a833-cbad42648f0b', 'Suspended loads', true, false, NULL, 'Not Defined', 'Not Defined');
INSERT INTO public.library_hazards VALUES ('7924f0e9-090a-4121-9e67-ad1e0a9d5998', 'Exposure to sharp objects (e.g. rebar, nails, metal debris)', true, false, NULL, 'Not Defined', 'Not Defined');
INSERT INTO public.library_hazards VALUES ('064e56c8-0024-4cf5-8b11-8acce96c67da', 'Falling objects, equipment, debris, dust', true, false, NULL, 'Not Defined', 'Not Defined');
INSERT INTO public.library_hazards VALUES ('9413f34f-91f8-4ae6-b7bc-c56916977337', 'High crime area', false, true, NULL, 'Not Defined', 'Not Defined');
INSERT INTO public.library_hazards VALUES ('b1b09768-2194-493f-ab23-1dc0db20ddc0', 'Injury requiring medical intervention', false, true, NULL, 'Not Defined', 'Not Defined');
INSERT INTO public.library_hazards VALUES ('e1ae99cc-ffd7-46cc-8bdd-2e6bffa37b8a', 'Exposure to sub-zero temperatures', false, true, NULL, 'Not Defined', 'Not Defined');
INSERT INTO public.library_hazards VALUES ('5a7861e6-948f-451e-8f2e-0c4fc1a2aced', 'Electric contact with source (>50V)', true, false, NULL, 'Not Defined', 'Not Defined');
INSERT INTO public.library_hazards VALUES ('6f63f138-c0b6-4dca-8cde-e4e1b882fadc', 'Lightning', false, true, NULL, 'Not Defined', 'Not Defined');
INSERT INTO public.library_hazards VALUES ('a12b15fd-d553-4eb5-86a6-3d4af789f5c3', 'Mobile equipment and workers on foot', true, true, NULL, 'Not Defined', 'Not Defined');
INSERT INTO public.library_hazards VALUES ('78f5391a-d554-45ff-b13a-de230817806c', 'Fall from elevation (>4'')', true, true, NULL, 'Not Defined', 'Not Defined');
INSERT INTO public.library_hazards VALUES ('dcf1f3c6-4e43-40da-b8cd-b9094b06cf2f', 'Exposure to flying shrapnel, or other sharp objects', true, true, NULL, 'Not Defined', 'Not Defined');
INSERT INTO public.library_hazards VALUES ('10dcd38c-60e9-46dc-99cf-5931b343d68d', 'Exposure to emissions / pollution', false, true, NULL, 'Not Defined', 'Not Defined');
INSERT INTO public.library_hazards VALUES ('894c82ea-4cc4-476d-8eb4-555f53686f7b', 'Fire with sustained fuel source', true, false, NULL, 'Not Defined', 'Not Defined');
INSERT INTO public.library_hazards VALUES ('17e26f9f-a273-478e-9b51-097c3f84ea94', 'Explosion', true, false, NULL, 'Not Defined', 'Not Defined');
INSERT INTO public.library_hazards VALUES ('016a66cb-ed49-469f-a494-facf0fddbeba', 'Exposure to high surface temperature (>150F)', true, false, NULL, 'Not Defined', 'Not Defined');
INSERT INTO public.library_hazards VALUES ('fd29c2cf-d3b4-4528-a919-d2dc9dbf9a08', 'Breaker Operation', false, false, NULL, 'Not Defined', 'Not Defined');
INSERT INTO public.library_hazards VALUES ('bb5c5324-d3bc-45da-bfff-5ea78aed8dba', 'High dose of a toxic chemical or radiation', true, false, NULL, 'Not Defined', 'Not Defined');
INSERT INTO public.library_hazards VALUES ('f48a4c9d-83d2-4eb9-a4d7-95fde05e0173', 'Congested work space', false, false, NULL, 'Not Defined', 'Not Defined');
INSERT INTO public.library_hazards VALUES ('d450fd01-39a6-443e-9b04-2c0eaaa1e99f', 'Equipment Failure', false, false, NULL, 'Not Defined', 'Not Defined');
INSERT INTO public.library_hazards VALUES ('a672f799-585f-4005-a515-069f7750c59c', 'Back feed', false, false, NULL, 'Not Defined', 'Not Defined');
INSERT INTO public.library_hazards VALUES ('c08520e9-bbeb-45c9-a1ad-ee890fb3e71c', 'Swinging loads, trees, branches, booms', false, false, NULL, 'Not Defined', 'Not Defined');
INSERT INTO public.library_hazards VALUES ('1e49583a-08c8-4ea7-9ff7-4a81b166a753', 'Exposure to blinding light', true, false, NULL, 'Not Defined', 'Not Defined');
INSERT INTO public.library_hazards VALUES ('46c34c31-2f88-4885-94d2-f973cd3aa963', 'Improper use of equipment or tools', false, false, NULL, 'Not Defined', 'Not Defined');
INSERT INTO public.library_hazards VALUES ('c320a9da-bb14-4d0b-8998-97ca037cc30e', 'Motor Vehicle Incident (Occupant) >30mph', true, false, NULL, 'Not Defined', 'Not Defined');



INSERT INTO public.library_region_tenant_link VALUES ('6bf37c9c-0f5f-4b4e-997f-beb3f5329db4', 'beefa9d8-2a7d-4b37-9fec-3f2a433e7050');
INSERT INTO public.library_region_tenant_link VALUES ('a2030bdf-8a9e-40a6-b477-7cd1f7089193', 'beefa9d8-2a7d-4b37-9fec-3f2a433e7050');
INSERT INTO public.library_region_tenant_link VALUES ('4ac410e1-8d66-4c2a-bc9c-1a481931ec29', 'beefa9d8-2a7d-4b37-9fec-3f2a433e7050');



INSERT INTO public.library_site_conditions VALUES ('b4d9101d-28d1-4265-ab6a-22b6957638a8', 'Heat index classification', 'heat_index', NULL);
INSERT INTO public.library_site_conditions VALUES ('b9a1bc0e-0152-41e7-b14e-10172fa09a11', 'Cold index classification', 'cold_index', NULL);
INSERT INTO public.library_site_conditions VALUES ('6ef7ba5e-cdcf-4a04-aa5d-b339fd54c6c5', 'Lightning forecast', 'lightning_forecast', NULL);
INSERT INTO public.library_site_conditions VALUES ('0e36249c-28a7-4454-809b-33cbd4b2880f', 'Slip potential', 'slip', NULL);
INSERT INTO public.library_site_conditions VALUES ('242195fb-e4ef-4d72-ada6-d7ccb7078ec5', 'Environmentally sensitive area', 'environment_sensitive', NULL);
INSERT INTO public.library_site_conditions VALUES ('85ddce3d-d2cf-490b-be25-7f3e68997de1', 'Roadway with classification (Highway / CR)', 'roadway', NULL);
INSERT INTO public.library_site_conditions VALUES ('6fcc5b80-cfa5-4097-b03e-44eed04dd9dd', 'Traffic density', 'traffic_density', NULL);
INSERT INTO public.library_site_conditions VALUES ('7774b205-ad0c-4ce4-86e1-51a2762d8602', 'Travel time to nearest hospital', 'hospital_distance', NULL);
INSERT INTO public.library_site_conditions VALUES ('427ab836-1d51-4535-bfa4-6f08085b9c9f', 'Cellular coverage', 'cell_coverage', NULL);
INSERT INTO public.library_site_conditions VALUES ('024ff047-1ab4-4fa5-8a4f-c1f57277a4a4', 'Urban density / population', 'population_density', NULL);
INSERT INTO public.library_site_conditions VALUES ('bb0246ec-84a9-450e-8103-b29e62ac3349', 'Crime', 'crime', NULL);
INSERT INTO public.library_site_conditions VALUES ('b61df9d0-4d8f-49ff-8b2c-34fafa950bdc', 'Insects / Ticks / Vermin', 'insects', NULL);
INSERT INTO public.library_site_conditions VALUES ('76a65257-7697-46db-b28a-6d229bae79ba', 'Snakes', 'snakes', NULL);
INSERT INTO public.library_site_conditions VALUES ('211d23ac-127a-4c5a-9c53-6c1ff6b28ee5', 'Bears / Mountain Lions', 'bears', NULL);
INSERT INTO public.library_site_conditions VALUES ('406e2587-94f4-4225-a727-fb4025bc5add', 'Working above water', 'working_over_water', NULL);
INSERT INTO public.library_site_conditions VALUES ('7d4e6780-6710-4249-a3ab-1765c6975e50', 'Other ongoing construction operations in ROW', 'other_constructions', NULL);
INSERT INTO public.library_site_conditions VALUES ('c121e8ed-3629-42cb-b355-ae7f747569d0', 'Working on an elevated ROW (Bridge)', 'elevated_row', NULL);
INSERT INTO public.library_site_conditions VALUES ('932b4861-1901-46d2-874e-ec717b908a5a', 'Exposure to active roadway (exposureactiveroad)', 'exposure_active_road', NULL);
INSERT INTO public.library_site_conditions VALUES ('73929607-e45a-4460-a41b-4abc197722a6', 'Extreme Topography', 'extreme_topography', NULL);
INSERT INTO public.library_site_conditions VALUES ('47ca3dc1-5daa-469e-a09c-4728e60aed35', 'Wet or Frozen Ground', 'wet_or_frozen_ground', NULL);
INSERT INTO public.library_site_conditions VALUES ('f8ce7095-2ec1-438d-81e4-fb4d67cb0240', 'High Winds', 'high_winds', NULL);
INSERT INTO public.library_site_conditions VALUES ('1e1d229b-1836-422f-b55a-63e09db28250', 'Fugitive Dust', 'fugitive_dust', NULL);
INSERT INTO public.library_site_conditions VALUES ('e010935b-10d8-42ba-b1ce-a88ad9f2d49e', 'Air Quality Index', 'air_quality_index', NULL);
INSERT INTO public.library_site_conditions VALUES ('4e733c79-a258-4a8c-9362-e676741a4aa8', 'Building Density', 'building_density', NULL);
INSERT INTO public.library_site_conditions VALUES ('edb8f382-f825-49d8-adc6-11b7deae686c', 'Roadway closed for work', 'road_closed', NULL);
INSERT INTO public.library_site_conditions VALUES ('8157bb4b-f85c-45a0-9fda-7ea0c5d75830', 'Work near regulator station', 'work_near_regulator_station', NULL);
INSERT INTO public.library_site_conditions VALUES ('c0a84add-44b8-49e4-895e-9300eb711b46', 'Working at night', 'working_at_night', NULL);



INSERT INTO public.library_site_condition_recommendations VALUES ('4e733c79-a258-4a8c-9362-e676741a4aa8', 'a12b15fd-d553-4eb5-86a6-3d4af789f5c3', 'f52b676d-516e-4068-8878-050dfb32313f');
INSERT INTO public.library_site_condition_recommendations VALUES ('4e733c79-a258-4a8c-9362-e676741a4aa8', 'a12b15fd-d553-4eb5-86a6-3d4af789f5c3', '4ff781dd-8f2e-47ef-91b0-132ecfdee586');
INSERT INTO public.library_site_condition_recommendations VALUES ('6fcc5b80-cfa5-4097-b03e-44eed04dd9dd', 'a12b15fd-d553-4eb5-86a6-3d4af789f5c3', 'f52b676d-516e-4068-8878-050dfb32313f');
INSERT INTO public.library_site_condition_recommendations VALUES ('85ddce3d-d2cf-490b-be25-7f3e68997de1', 'a12b15fd-d553-4eb5-86a6-3d4af789f5c3', 'f52b676d-516e-4068-8878-050dfb32313f');
INSERT INTO public.library_site_condition_recommendations VALUES ('024ff047-1ab4-4fa5-8a4f-c1f57277a4a4', 'a12b15fd-d553-4eb5-86a6-3d4af789f5c3', 'c8202f22-79a8-4037-b566-5c7ea9dfe935');
INSERT INTO public.library_site_condition_recommendations VALUES ('f8ce7095-2ec1-438d-81e4-fb4d67cb0240', 'dcf1f3c6-4e43-40da-b8cd-b9094b06cf2f', '6abcda1e-947c-4f1e-b913-18bc96c23334');
INSERT INTO public.library_site_condition_recommendations VALUES ('edb8f382-f825-49d8-adc6-11b7deae686c', 'a12b15fd-d553-4eb5-86a6-3d4af789f5c3', '62ca2539-c0c4-4920-aca8-60e8536e725d');
INSERT INTO public.library_site_condition_recommendations VALUES ('6fcc5b80-cfa5-4097-b03e-44eed04dd9dd', 'a12b15fd-d553-4eb5-86a6-3d4af789f5c3', '4ff781dd-8f2e-47ef-91b0-132ecfdee586');
INSERT INTO public.library_site_condition_recommendations VALUES ('932b4861-1901-46d2-874e-ec717b908a5a', 'a12b15fd-d553-4eb5-86a6-3d4af789f5c3', '2c285dc8-124f-4ebb-b913-3ca8ebf49f5a');
INSERT INTO public.library_site_condition_recommendations VALUES ('85ddce3d-d2cf-490b-be25-7f3e68997de1', 'a12b15fd-d553-4eb5-86a6-3d4af789f5c3', '4ff781dd-8f2e-47ef-91b0-132ecfdee586');
INSERT INTO public.library_site_condition_recommendations VALUES ('e010935b-10d8-42ba-b1ce-a88ad9f2d49e', '10dcd38c-60e9-46dc-99cf-5931b343d68d', '5ddd6a21-1f39-45fc-af9d-1dc783eba9a5');
INSERT INTO public.library_site_condition_recommendations VALUES ('c121e8ed-3629-42cb-b355-ae7f747569d0', '78f5391a-d554-45ff-b13a-de230817806c', '3fea8b7e-2712-40a7-9a73-332a26cf397e');
INSERT INTO public.library_site_condition_recommendations VALUES ('edb8f382-f825-49d8-adc6-11b7deae686c', 'a12b15fd-d553-4eb5-86a6-3d4af789f5c3', 'c8202f22-79a8-4037-b566-5c7ea9dfe935');
INSERT INTO public.library_site_condition_recommendations VALUES ('c0a84add-44b8-49e4-895e-9300eb711b46', '23041379-366e-4ab2-a0db-a18b569bdafb', 'e92f3626-be91-47da-b197-77e6154f5a15');
INSERT INTO public.library_site_condition_recommendations VALUES ('242195fb-e4ef-4d72-ada6-d7ccb7078ec5', '23041379-366e-4ab2-a0db-a18b569bdafb', 'a1331fdc-0331-4ef0-984a-3acaa5c3b8e7');
INSERT INTO public.library_site_condition_recommendations VALUES ('024ff047-1ab4-4fa5-8a4f-c1f57277a4a4', 'a12b15fd-d553-4eb5-86a6-3d4af789f5c3', '4ae1251c-d1ea-4ed1-b0b5-9a27b800ff3e');
INSERT INTO public.library_site_condition_recommendations VALUES ('7d4e6780-6710-4249-a3ab-1765c6975e50', 'a12b15fd-d553-4eb5-86a6-3d4af789f5c3', '62ca2539-c0c4-4920-aca8-60e8536e725d');
INSERT INTO public.library_site_condition_recommendations VALUES ('b61df9d0-4d8f-49ff-8b2c-34fafa950bdc', '0db44d38-fa65-4aa5-99bd-ab4a7ec0c880', '52182601-b5ef-4526-ad02-5d63f5b75e84');
INSERT INTO public.library_site_condition_recommendations VALUES ('932b4861-1901-46d2-874e-ec717b908a5a', 'a12b15fd-d553-4eb5-86a6-3d4af789f5c3', '4ff781dd-8f2e-47ef-91b0-132ecfdee586');
INSERT INTO public.library_site_condition_recommendations VALUES ('7d4e6780-6710-4249-a3ab-1765c6975e50', 'cc751338-928a-499a-b1dd-87b9ecc573fd', '62ca2539-c0c4-4920-aca8-60e8536e725d');
INSERT INTO public.library_site_condition_recommendations VALUES ('c121e8ed-3629-42cb-b355-ae7f747569d0', '78f5391a-d554-45ff-b13a-de230817806c', '1f482f5a-820b-4710-8ecf-d6a816d6e96b');
INSERT INTO public.library_site_condition_recommendations VALUES ('7d4e6780-6710-4249-a3ab-1765c6975e50', 'a12b15fd-d553-4eb5-86a6-3d4af789f5c3', 'c8202f22-79a8-4037-b566-5c7ea9dfe935');
INSERT INTO public.library_site_condition_recommendations VALUES ('6ef7ba5e-cdcf-4a04-aa5d-b339fd54c6c5', '6f63f138-c0b6-4dca-8cde-e4e1b882fadc', '3305bcf8-5a86-4206-855e-604c33546100');
INSERT INTO public.library_site_condition_recommendations VALUES ('427ab836-1d51-4535-bfa4-6f08085b9c9f', 'b1b09768-2194-493f-ab23-1dc0db20ddc0', '54e26d98-c66d-45fb-929c-d6c7c2dc7d31');
INSERT INTO public.library_site_condition_recommendations VALUES ('211d23ac-127a-4c5a-9c53-6c1ff6b28ee5', '0db44d38-fa65-4aa5-99bd-ab4a7ec0c880', '52182601-b5ef-4526-ad02-5d63f5b75e84');
INSERT INTO public.library_site_condition_recommendations VALUES ('7d4e6780-6710-4249-a3ab-1765c6975e50', '23b011d4-4cb2-4526-9761-e247d506557a', 'd8251088-33df-44b9-8286-3e11d80645d1');
INSERT INTO public.library_site_condition_recommendations VALUES ('932b4861-1901-46d2-874e-ec717b908a5a', 'a12b15fd-d553-4eb5-86a6-3d4af789f5c3', 'f52b676d-516e-4068-8878-050dfb32313f');
INSERT INTO public.library_site_condition_recommendations VALUES ('4e733c79-a258-4a8c-9362-e676741a4aa8', 'a12b15fd-d553-4eb5-86a6-3d4af789f5c3', '62ca2539-c0c4-4920-aca8-60e8536e725d');
INSERT INTO public.library_site_condition_recommendations VALUES ('edb8f382-f825-49d8-adc6-11b7deae686c', 'a12b15fd-d553-4eb5-86a6-3d4af789f5c3', '4ae1251c-d1ea-4ed1-b0b5-9a27b800ff3e');
INSERT INTO public.library_site_condition_recommendations VALUES ('6fcc5b80-cfa5-4097-b03e-44eed04dd9dd', 'a12b15fd-d553-4eb5-86a6-3d4af789f5c3', '62ca2539-c0c4-4920-aca8-60e8536e725d');
INSERT INTO public.library_site_condition_recommendations VALUES ('85ddce3d-d2cf-490b-be25-7f3e68997de1', 'a12b15fd-d553-4eb5-86a6-3d4af789f5c3', '62ca2539-c0c4-4920-aca8-60e8536e725d');
INSERT INTO public.library_site_condition_recommendations VALUES ('47ca3dc1-5daa-469e-a09c-4728e60aed35', '78f5391a-d554-45ff-b13a-de230817806c', 'cf25cc91-be50-4117-aced-c8a8f83db846');
INSERT INTO public.library_site_condition_recommendations VALUES ('4e733c79-a258-4a8c-9362-e676741a4aa8', 'a12b15fd-d553-4eb5-86a6-3d4af789f5c3', 'c8202f22-79a8-4037-b566-5c7ea9dfe935');
INSERT INTO public.library_site_condition_recommendations VALUES ('c121e8ed-3629-42cb-b355-ae7f747569d0', '78f5391a-d554-45ff-b13a-de230817806c', '0f2534da-adad-4dab-a700-8d1493f5ba82');
INSERT INTO public.library_site_condition_recommendations VALUES ('7d4e6780-6710-4249-a3ab-1765c6975e50', 'a12b15fd-d553-4eb5-86a6-3d4af789f5c3', '4ae1251c-d1ea-4ed1-b0b5-9a27b800ff3e');
INSERT INTO public.library_site_condition_recommendations VALUES ('6fcc5b80-cfa5-4097-b03e-44eed04dd9dd', 'a12b15fd-d553-4eb5-86a6-3d4af789f5c3', 'c8202f22-79a8-4037-b566-5c7ea9dfe935');
INSERT INTO public.library_site_condition_recommendations VALUES ('024ff047-1ab4-4fa5-8a4f-c1f57277a4a4', 'a12b15fd-d553-4eb5-86a6-3d4af789f5c3', '2c285dc8-124f-4ebb-b913-3ca8ebf49f5a');
INSERT INTO public.library_site_condition_recommendations VALUES ('85ddce3d-d2cf-490b-be25-7f3e68997de1', 'a12b15fd-d553-4eb5-86a6-3d4af789f5c3', 'c8202f22-79a8-4037-b566-5c7ea9dfe935');
INSERT INTO public.library_site_condition_recommendations VALUES ('47ca3dc1-5daa-469e-a09c-4728e60aed35', '78f5391a-d554-45ff-b13a-de230817806c', '3fea8b7e-2712-40a7-9a73-332a26cf397e');
INSERT INTO public.library_site_condition_recommendations VALUES ('932b4861-1901-46d2-874e-ec717b908a5a', 'a12b15fd-d553-4eb5-86a6-3d4af789f5c3', '62ca2539-c0c4-4920-aca8-60e8536e725d');
INSERT INTO public.library_site_condition_recommendations VALUES ('4e733c79-a258-4a8c-9362-e676741a4aa8', 'a12b15fd-d553-4eb5-86a6-3d4af789f5c3', '4ae1251c-d1ea-4ed1-b0b5-9a27b800ff3e');
INSERT INTO public.library_site_condition_recommendations VALUES ('bb0246ec-84a9-450e-8103-b29e62ac3349', '9413f34f-91f8-4ae6-b7bc-c56916977337', 'f52b676d-516e-4068-8878-050dfb32313f');
INSERT INTO public.library_site_condition_recommendations VALUES ('edb8f382-f825-49d8-adc6-11b7deae686c', 'a12b15fd-d553-4eb5-86a6-3d4af789f5c3', '2c285dc8-124f-4ebb-b913-3ca8ebf49f5a');
INSERT INTO public.library_site_condition_recommendations VALUES ('6fcc5b80-cfa5-4097-b03e-44eed04dd9dd', 'a12b15fd-d553-4eb5-86a6-3d4af789f5c3', '4ae1251c-d1ea-4ed1-b0b5-9a27b800ff3e');
INSERT INTO public.library_site_condition_recommendations VALUES ('024ff047-1ab4-4fa5-8a4f-c1f57277a4a4', 'a12b15fd-d553-4eb5-86a6-3d4af789f5c3', 'f52b676d-516e-4068-8878-050dfb32313f');
INSERT INTO public.library_site_condition_recommendations VALUES ('85ddce3d-d2cf-490b-be25-7f3e68997de1', 'a12b15fd-d553-4eb5-86a6-3d4af789f5c3', '4ae1251c-d1ea-4ed1-b0b5-9a27b800ff3e');
INSERT INTO public.library_site_condition_recommendations VALUES ('932b4861-1901-46d2-874e-ec717b908a5a', 'a12b15fd-d553-4eb5-86a6-3d4af789f5c3', 'c8202f22-79a8-4037-b566-5c7ea9dfe935');
INSERT INTO public.library_site_condition_recommendations VALUES ('73929607-e45a-4460-a41b-4abc197722a6', '23041379-366e-4ab2-a0db-a18b569bdafb', '1f482f5a-820b-4710-8ecf-d6a816d6e96b');
INSERT INTO public.library_site_condition_recommendations VALUES ('b4d9101d-28d1-4265-ab6a-22b6957638a8', '604bab16-64c3-4870-bd2e-52ea93e73e9e', '873def37-dd23-4abe-acdb-81eab0602c08');
INSERT INTO public.library_site_condition_recommendations VALUES ('024ff047-1ab4-4fa5-8a4f-c1f57277a4a4', 'a12b15fd-d553-4eb5-86a6-3d4af789f5c3', '4ff781dd-8f2e-47ef-91b0-132ecfdee586');
INSERT INTO public.library_site_condition_recommendations VALUES ('8157bb4b-f85c-45a0-9fda-7ea0c5d75830', '20b5689a-ce74-40f8-a922-e2d5dc9a91f5', 'b9434a7d-62cc-4dc7-9e8e-02d418af7f7a');
INSERT INTO public.library_site_condition_recommendations VALUES ('47ca3dc1-5daa-469e-a09c-4728e60aed35', '78f5391a-d554-45ff-b13a-de230817806c', '1f482f5a-820b-4710-8ecf-d6a816d6e96b');
INSERT INTO public.library_site_condition_recommendations VALUES ('7774b205-ad0c-4ce4-86e1-51a2762d8602', 'b1b09768-2194-493f-ab23-1dc0db20ddc0', '54e26d98-c66d-45fb-929c-d6c7c2dc7d31');
INSERT INTO public.library_site_condition_recommendations VALUES ('7d4e6780-6710-4249-a3ab-1765c6975e50', 'a12b15fd-d553-4eb5-86a6-3d4af789f5c3', '4ff781dd-8f2e-47ef-91b0-132ecfdee586');
INSERT INTO public.library_site_condition_recommendations VALUES ('1e1d229b-1836-422f-b55a-63e09db28250', 'dcf1f3c6-4e43-40da-b8cd-b9094b06cf2f', '6abcda1e-947c-4f1e-b913-18bc96c23334');
INSERT INTO public.library_site_condition_recommendations VALUES ('7d4e6780-6710-4249-a3ab-1765c6975e50', 'a12b15fd-d553-4eb5-86a6-3d4af789f5c3', '2c285dc8-124f-4ebb-b913-3ca8ebf49f5a');
INSERT INTO public.library_site_condition_recommendations VALUES ('edb8f382-f825-49d8-adc6-11b7deae686c', 'a12b15fd-d553-4eb5-86a6-3d4af789f5c3', '4ff781dd-8f2e-47ef-91b0-132ecfdee586');
INSERT INTO public.library_site_condition_recommendations VALUES ('76a65257-7697-46db-b28a-6d229bae79ba', '0db44d38-fa65-4aa5-99bd-ab4a7ec0c880', '52182601-b5ef-4526-ad02-5d63f5b75e84');
INSERT INTO public.library_site_condition_recommendations VALUES ('edb8f382-f825-49d8-adc6-11b7deae686c', 'a12b15fd-d553-4eb5-86a6-3d4af789f5c3', 'f52b676d-516e-4068-8878-050dfb32313f');
INSERT INTO public.library_site_condition_recommendations VALUES ('932b4861-1901-46d2-874e-ec717b908a5a', 'a12b15fd-d553-4eb5-86a6-3d4af789f5c3', '4ae1251c-d1ea-4ed1-b0b5-9a27b800ff3e');
INSERT INTO public.library_site_condition_recommendations VALUES ('4e733c79-a258-4a8c-9362-e676741a4aa8', 'a12b15fd-d553-4eb5-86a6-3d4af789f5c3', '2c285dc8-124f-4ebb-b913-3ca8ebf49f5a');
INSERT INTO public.library_site_condition_recommendations VALUES ('47ca3dc1-5daa-469e-a09c-4728e60aed35', '78f5391a-d554-45ff-b13a-de230817806c', '0f2534da-adad-4dab-a700-8d1493f5ba82');
INSERT INTO public.library_site_condition_recommendations VALUES ('0e36249c-28a7-4454-809b-33cbd4b2880f', '23041379-366e-4ab2-a0db-a18b569bdafb', '1f482f5a-820b-4710-8ecf-d6a816d6e96b');
INSERT INTO public.library_site_condition_recommendations VALUES ('7d4e6780-6710-4249-a3ab-1765c6975e50', 'a12b15fd-d553-4eb5-86a6-3d4af789f5c3', 'f52b676d-516e-4068-8878-050dfb32313f');
INSERT INTO public.library_site_condition_recommendations VALUES ('6fcc5b80-cfa5-4097-b03e-44eed04dd9dd', 'a12b15fd-d553-4eb5-86a6-3d4af789f5c3', '2c285dc8-124f-4ebb-b913-3ca8ebf49f5a');
INSERT INTO public.library_site_condition_recommendations VALUES ('b9a1bc0e-0152-41e7-b14e-10172fa09a11', 'e1ae99cc-ffd7-46cc-8bdd-2e6bffa37b8a', '873def37-dd23-4abe-acdb-81eab0602c08');
INSERT INTO public.library_site_condition_recommendations VALUES ('85ddce3d-d2cf-490b-be25-7f3e68997de1', 'a12b15fd-d553-4eb5-86a6-3d4af789f5c3', '2c285dc8-124f-4ebb-b913-3ca8ebf49f5a');
INSERT INTO public.library_site_condition_recommendations VALUES ('024ff047-1ab4-4fa5-8a4f-c1f57277a4a4', 'a12b15fd-d553-4eb5-86a6-3d4af789f5c3', '62ca2539-c0c4-4920-aca8-60e8536e725d');
INSERT INTO public.library_site_condition_recommendations VALUES ('406e2587-94f4-4225-a727-fb4025bc5add', '6cf6a4fc-b8f9-4335-97c8-c3c8347643d8', '058e7079-eb40-4b9d-a02a-126102ea8322');
INSERT INTO public.library_site_condition_recommendations VALUES ('c121e8ed-3629-42cb-b355-ae7f747569d0', '78f5391a-d554-45ff-b13a-de230817806c', 'cf25cc91-be50-4117-aced-c8a8f83db846');



INSERT INTO public.library_task_activity_groups VALUES ('8cfa3513-a393-4834-98e7-f2f279fc8ac1', 'a36c2136-e8ad-45e7-a32e-1f515edca089');
INSERT INTO public.library_task_activity_groups VALUES ('8cfa3513-a393-4834-98e7-f2f279fc8ac1', 'b48e5589-9674-41eb-91f0-e4e7777cf4b2');
INSERT INTO public.library_task_activity_groups VALUES ('8cfa3513-a393-4834-98e7-f2f279fc8ac1', '9464aee6-1ddb-4e65-94e2-6007fabeea02');
INSERT INTO public.library_task_activity_groups VALUES ('8cfa3513-a393-4834-98e7-f2f279fc8ac1', 'f859c660-0513-4470-9d86-06c5c9643314');
INSERT INTO public.library_task_activity_groups VALUES ('8cfa3513-a393-4834-98e7-f2f279fc8ac1', '7a91aaf5-b54f-4586-ab38-66d0bb3b22bd');
INSERT INTO public.library_task_activity_groups VALUES ('8cfa3513-a393-4834-98e7-f2f279fc8ac1', 'ff20527c-5375-4bb6-91e0-b280e9d6ffca');
INSERT INTO public.library_task_activity_groups VALUES ('10821d15-975a-4698-8c9d-b4a1936609dd', 'aa5c660c-2a51-40c4-bbf4-4543052ec064');
INSERT INTO public.library_task_activity_groups VALUES ('10821d15-975a-4698-8c9d-b4a1936609dd', '77cc07b4-fdcf-4a2b-a5e0-cc77e8c4ecc4');
INSERT INTO public.library_task_activity_groups VALUES ('10821d15-975a-4698-8c9d-b4a1936609dd', '9748890b-d2da-4371-b324-a6570a4d22f2');
INSERT INTO public.library_task_activity_groups VALUES ('10821d15-975a-4698-8c9d-b4a1936609dd', 'ee5fe360-3225-4deb-a51e-441ccddce65d');
INSERT INTO public.library_task_activity_groups VALUES ('10821d15-975a-4698-8c9d-b4a1936609dd', 'ff20527c-5375-4bb6-91e0-b280e9d6ffca');
INSERT INTO public.library_task_activity_groups VALUES ('13e0a520-8de1-4579-9d77-c76c54982828', 'ac1e15a5-7021-48a6-a88d-b9799b6355ea');
INSERT INTO public.library_task_activity_groups VALUES ('6693defe-d58d-4f5a-a7da-b269d4a581d9', '7b9bcd4f-cc64-48eb-8d38-ab8988dda7f6');
INSERT INTO public.library_task_activity_groups VALUES ('ba227d34-44bc-4384-8da8-3d58cc4fc075', 'c2fed5e6-58c5-4b6b-b299-09d617f99f39');
INSERT INTO public.library_task_activity_groups VALUES ('ba227d34-44bc-4384-8da8-3d58cc4fc075', '450a47f4-a174-47d4-8c46-54d2fc12555f');
INSERT INTO public.library_task_activity_groups VALUES ('a0da67f3-8c07-46b1-a527-3eb761c61f5f', 'ad7a3d5c-ea72-45ed-a849-96540c68d337');
INSERT INTO public.library_task_activity_groups VALUES ('3d62c233-1c09-499c-a7ac-bb4f895cda04', '01baa494-99c5-43bf-aa8a-53a6f4732924');
INSERT INTO public.library_task_activity_groups VALUES ('3d62c233-1c09-499c-a7ac-bb4f895cda04', 'd8217652-973e-4216-aea5-28ced89eac26');
INSERT INTO public.library_task_activity_groups VALUES ('3d62c233-1c09-499c-a7ac-bb4f895cda04', '590f0c15-1ff2-4de1-9488-124388f94fd3');
INSERT INTO public.library_task_activity_groups VALUES ('3d62c233-1c09-499c-a7ac-bb4f895cda04', '335ca6b6-798b-4a21-9825-5cb499154f45');
INSERT INTO public.library_task_activity_groups VALUES ('524bcf3a-1ddb-4b2d-91e6-97013241689b', '238d46eb-72ba-47ee-8742-99ed25567366');
INSERT INTO public.library_task_activity_groups VALUES ('524bcf3a-1ddb-4b2d-91e6-97013241689b', '8d379ebc-493e-48ab-a519-a201359d0ad7');
INSERT INTO public.library_task_activity_groups VALUES ('524bcf3a-1ddb-4b2d-91e6-97013241689b', 'a6c64af7-4968-452e-9501-b2b1f050cbf6');
INSERT INTO public.library_task_activity_groups VALUES ('524bcf3a-1ddb-4b2d-91e6-97013241689b', '7b79a1b8-fe2c-4fe5-94a0-81409c033212');
INSERT INTO public.library_task_activity_groups VALUES ('524bcf3a-1ddb-4b2d-91e6-97013241689b', '35a07126-c052-4f57-b386-95581220cf05');
INSERT INTO public.library_task_activity_groups VALUES ('524bcf3a-1ddb-4b2d-91e6-97013241689b', '1d4de35b-2025-4fd4-b9f9-e6f29548c304');
INSERT INTO public.library_task_activity_groups VALUES ('524bcf3a-1ddb-4b2d-91e6-97013241689b', 'e7c23039-78b3-46be-ab03-844a3140f358');
INSERT INTO public.library_task_activity_groups VALUES ('524bcf3a-1ddb-4b2d-91e6-97013241689b', 'a3de1387-17a5-4b9f-a6ea-391990d4a199');
INSERT INTO public.library_task_activity_groups VALUES ('524bcf3a-1ddb-4b2d-91e6-97013241689b', '195f89bf-b80a-4853-8c73-972017ba8a50');
INSERT INTO public.library_task_activity_groups VALUES ('524bcf3a-1ddb-4b2d-91e6-97013241689b', 'c0406c51-8e6f-4e27-bf72-cf80ac508277');
INSERT INTO public.library_task_activity_groups VALUES ('3a522493-0a25-4719-b7ce-8d87b91c7452', 'ec04a3b9-8029-428d-95fe-62ae33873cd2');
INSERT INTO public.library_task_activity_groups VALUES ('3a522493-0a25-4719-b7ce-8d87b91c7452', '9071983c-5123-475f-9f1c-351c6756a5a5');
INSERT INTO public.library_task_activity_groups VALUES ('3a522493-0a25-4719-b7ce-8d87b91c7452', '88b99733-ead6-4278-917f-bc1b72442a35');
INSERT INTO public.library_task_activity_groups VALUES ('3a522493-0a25-4719-b7ce-8d87b91c7452', '1e2a329c-a413-41a4-90f3-9c2d6f3fe6b3');
INSERT INTO public.library_task_activity_groups VALUES ('3a522493-0a25-4719-b7ce-8d87b91c7452', '48253a67-cad2-4fe0-bce8-9089465936e0');
INSERT INTO public.library_task_activity_groups VALUES ('3a522493-0a25-4719-b7ce-8d87b91c7452', '66ef2d32-22fe-4a07-8d6c-2dde41a9df50');
INSERT INTO public.library_task_activity_groups VALUES ('3a522493-0a25-4719-b7ce-8d87b91c7452', '422df780-6c14-4321-8525-32853c93b712');
INSERT INTO public.library_task_activity_groups VALUES ('3a522493-0a25-4719-b7ce-8d87b91c7452', 'a1b21057-f86f-466a-bdce-1a2fafc4bfdd');
INSERT INTO public.library_task_activity_groups VALUES ('1e4c6c0a-c675-4be0-a451-2692467fd25a', 'f89ac6f3-7598-490c-98e8-07b5986fcd0c');
INSERT INTO public.library_task_activity_groups VALUES ('1e4c6c0a-c675-4be0-a451-2692467fd25a', '24a278d2-7563-4030-8d0e-c68c67523290');
INSERT INTO public.library_task_activity_groups VALUES ('1e4c6c0a-c675-4be0-a451-2692467fd25a', '85c2c126-7d1c-4e39-8d73-03ebbf894804');
INSERT INTO public.library_task_activity_groups VALUES ('a53c4860-62f2-40b9-89cb-4e89c0480a29', 'bf77f03b-0088-4161-b20d-2e12681693a5');
INSERT INTO public.library_task_activity_groups VALUES ('314350b9-79e3-43ea-8167-4ede2a4eca4a', '13973c9b-95e5-424c-b2ca-930682b57cbd');
INSERT INTO public.library_task_activity_groups VALUES ('314350b9-79e3-43ea-8167-4ede2a4eca4a', '20758fec-c71a-4954-b1fa-6284e6782afc');
INSERT INTO public.library_task_activity_groups VALUES ('314350b9-79e3-43ea-8167-4ede2a4eca4a', 'a180f2d7-213c-4b12-8bfe-6640e4c47e98');
INSERT INTO public.library_task_activity_groups VALUES ('7ce5d4ec-e20d-4703-bedd-eb1ae870a580', '69bfb299-4543-4292-98bd-c52d05319666');
INSERT INTO public.library_task_activity_groups VALUES ('7ce5d4ec-e20d-4703-bedd-eb1ae870a580', '07236ab1-19c5-439d-8403-d5d544f31ab5');
INSERT INTO public.library_task_activity_groups VALUES ('7ce5d4ec-e20d-4703-bedd-eb1ae870a580', 'beb35c74-0e4e-443c-8061-b91eb35d4bed');
INSERT INTO public.library_task_activity_groups VALUES ('313e6685-b8c0-460e-b384-9ef415311a03', '199ce778-1eed-4a6f-9401-3fefe1b1baac');
INSERT INTO public.library_task_activity_groups VALUES ('d5f625a0-ea44-4dc9-990c-e94b25877ff1', 'c7f383d0-c01e-43fc-8d62-c262862aca69');
INSERT INTO public.library_task_activity_groups VALUES ('c3d0d6ee-33f2-43bd-8acf-b8486a78c94c', '7a16673f-0ef8-4d12-8d33-9586cbfe1f54');
INSERT INTO public.library_task_activity_groups VALUES ('cc13a4a3-00fa-43af-9709-bf5767d99a24', 'eebe5e56-d8c2-4816-b819-3ba0da0d6566');
INSERT INTO public.library_task_activity_groups VALUES ('989a3cae-4be2-4ac6-aa3b-a5ebbd459f79', '8e0a24ec-0575-4a33-a4bd-ff1795b390f3');
INSERT INTO public.library_task_activity_groups VALUES ('989a3cae-4be2-4ac6-aa3b-a5ebbd459f79', '637eba71-e353-42cc-8be8-7f40ad440514');
INSERT INTO public.library_task_activity_groups VALUES ('989a3cae-4be2-4ac6-aa3b-a5ebbd459f79', '4880814a-ec17-4825-8757-67d8ff7862df');
INSERT INTO public.library_task_activity_groups VALUES ('4d4b0fd2-7a93-4478-874a-db5b542a0f36', '27a4547a-3167-4087-be03-cc7568097936');
INSERT INTO public.library_task_activity_groups VALUES ('44965da2-5d7c-412f-97ee-c6b4c0ade8ff', '9ef25e64-91ba-430d-9e24-e0d6f9ad561b');
INSERT INTO public.library_task_activity_groups VALUES ('1255dac3-e7b2-421c-b532-dfb53268e09b', '22232ece-c66b-45db-9dd1-162c3c92d017');
INSERT INTO public.library_task_activity_groups VALUES ('22172a0d-dfcb-46b6-b543-3593d5084873', '3fc9c105-f594-41be-9f24-c5c74cb495ad');
INSERT INTO public.library_task_activity_groups VALUES ('263b01e7-f705-44a2-a8c1-82290b713ec8', '7b79a1b8-fe2c-4fe5-94a0-81409c033212');
INSERT INTO public.library_task_activity_groups VALUES ('263b01e7-f705-44a2-a8c1-82290b713ec8', '23631748-7c0c-48f0-b0f8-e7e7bc676c18');
INSERT INTO public.library_task_activity_groups VALUES ('263b01e7-f705-44a2-a8c1-82290b713ec8', 'b1738bbd-1570-482d-91ee-ad64ccfb3aea');
INSERT INTO public.library_task_activity_groups VALUES ('263b01e7-f705-44a2-a8c1-82290b713ec8', '37a72bab-91b2-41b4-bd83-107a5a4b4951');
INSERT INTO public.library_task_activity_groups VALUES ('263b01e7-f705-44a2-a8c1-82290b713ec8', 'ed717165-b18b-4f07-ba6a-f4a4e046123b');
INSERT INTO public.library_task_activity_groups VALUES ('263b01e7-f705-44a2-a8c1-82290b713ec8', '223b04e9-62fa-4cf9-97f7-42d7e63994f0');
INSERT INTO public.library_task_activity_groups VALUES ('2c227a95-c883-4758-8350-92c5528ee6cf', '4609fbd4-c55b-4cdc-9302-7c0a8794643f');
INSERT INTO public.library_task_activity_groups VALUES ('b5d41b25-58c6-4b0d-9f31-1d3df4ce5ce4', 'f4202f63-3ec3-442a-8c44-788d8d9c8fee');
INSERT INTO public.library_task_activity_groups VALUES ('b5d41b25-58c6-4b0d-9f31-1d3df4ce5ce4', '29a8acf6-8312-4f26-b773-7908d67d437f');
INSERT INTO public.library_task_activity_groups VALUES ('b5d41b25-58c6-4b0d-9f31-1d3df4ce5ce4', 'b0702e49-5604-4c8a-a0b6-8bd51ba1db68');
INSERT INTO public.library_task_activity_groups VALUES ('b5d41b25-58c6-4b0d-9f31-1d3df4ce5ce4', 'ed0a3403-fa19-460b-b2fe-32ca0d1063e1');
INSERT INTO public.library_task_activity_groups VALUES ('b5d41b25-58c6-4b0d-9f31-1d3df4ce5ce4', '3dc04aa4-58b9-40b2-a34b-bb3c59d91120');
INSERT INTO public.library_task_activity_groups VALUES ('b5d41b25-58c6-4b0d-9f31-1d3df4ce5ce4', 'd280ee9d-ad2d-4a83-8af8-f61bca0a7057');
INSERT INTO public.library_task_activity_groups VALUES ('b5d41b25-58c6-4b0d-9f31-1d3df4ce5ce4', '9d9464e3-c15d-4653-b2dc-25959015bb61');
INSERT INTO public.library_task_activity_groups VALUES ('b5d41b25-58c6-4b0d-9f31-1d3df4ce5ce4', '2ce1dddc-72d6-4fae-b639-f855171abf00');
INSERT INTO public.library_task_activity_groups VALUES ('eedcdbc9-f25f-45f1-b2c3-87e7aa5b80f1', 'c0e9be57-d54a-4b59-8710-3ff9d964e414');
INSERT INTO public.library_task_activity_groups VALUES ('c0d44bd5-d17c-4d45-9452-dc195e432e71', '2593f81a-3c6a-4916-8590-51fc9b934207');
INSERT INTO public.library_task_activity_groups VALUES ('c0d44bd5-d17c-4d45-9452-dc195e432e71', '9c924f91-1675-42e7-b62d-8cca55a6e4c0');
INSERT INTO public.library_task_activity_groups VALUES ('0416f434-43d5-45c8-a032-e10dc53a96e7', 'e0d4426a-400b-48b3-abdc-940648d53c28');
INSERT INTO public.library_task_activity_groups VALUES ('0416f434-43d5-45c8-a032-e10dc53a96e7', '9d37a2f3-d5c4-4cbf-839c-96ef5fc4c497');
INSERT INTO public.library_task_activity_groups VALUES ('2c227a95-c883-4758-8350-92c5528ee6cf', '07a3c9b1-b4aa-4b67-a6ff-dbd3603c1b51');
INSERT INTO public.library_task_activity_groups VALUES ('66958300-e5ee-4809-b6bc-34d74338eab3', '860ed6da-9864-44e5-b6bf-f06192638566');
INSERT INTO public.library_task_activity_groups VALUES ('2c227a95-c883-4758-8350-92c5528ee6cf', 'be7221c1-f6b2-4bd0-b7ab-bfdd5913d044');
INSERT INTO public.library_task_activity_groups VALUES ('524bcf3a-1ddb-4b2d-91e6-97013241689b', 'f8e7acfa-cc2d-46f2-9100-2a82a01654d5');
INSERT INTO public.library_task_activity_groups VALUES ('524bcf3a-1ddb-4b2d-91e6-97013241689b', '7ebf6ae3-0cbe-455c-a677-396b132c0563');
INSERT INTO public.library_task_activity_groups VALUES ('524bcf3a-1ddb-4b2d-91e6-97013241689b', '68d4fe67-2873-42c1-81cf-38d941b365d8');
INSERT INTO public.library_task_activity_groups VALUES ('314350b9-79e3-43ea-8167-4ede2a4eca4a', '61584f3f-39ca-4968-b1f9-75df32e5ad42');
INSERT INTO public.library_task_activity_groups VALUES ('6cd56ae8-b45f-4ebc-9e7f-5a0e4e705472', '707c89f3-69f5-44ef-855d-1285c37bc19b');
INSERT INTO public.library_task_activity_groups VALUES ('524bcf3a-1ddb-4b2d-91e6-97013241689b', 'e76ac93a-3460-40e0-9c67-2ba771be2306');
INSERT INTO public.library_task_activity_groups VALUES ('1f8e5b52-31dc-45e7-8b50-cdf0fd0a3223', '47946e56-d353-4d09-ba02-948403fe4acc');
INSERT INTO public.library_task_activity_groups VALUES ('1e4c6c0a-c675-4be0-a451-2692467fd25a', 'f422cab2-a7be-4015-80d4-ddfc2a30e717');
INSERT INTO public.library_task_activity_groups VALUES ('1e4c6c0a-c675-4be0-a451-2692467fd25a', '527054e9-88e8-44e9-b006-f72eb7934436');
INSERT INTO public.library_task_activity_groups VALUES ('1e4c6c0a-c675-4be0-a451-2692467fd25a', '58e446e5-f278-4a65-aea1-a1e2604da5bb');
INSERT INTO public.library_task_activity_groups VALUES ('1e4c6c0a-c675-4be0-a451-2692467fd25a', 'b7975a77-1cc9-45c4-8e90-9173f2e2ce5f');
INSERT INTO public.library_task_activity_groups VALUES ('1e4c6c0a-c675-4be0-a451-2692467fd25a', '8fa3aba3-66fe-41ea-b315-ba070785bbcf');
INSERT INTO public.library_task_activity_groups VALUES ('1e4c6c0a-c675-4be0-a451-2692467fd25a', '831d5978-5338-449b-97b1-feededfa0238');
INSERT INTO public.library_task_activity_groups VALUES ('1e4c6c0a-c675-4be0-a451-2692467fd25a', '1867f569-da9d-4428-8081-189b9ff10c60');
INSERT INTO public.library_task_activity_groups VALUES ('1e4c6c0a-c675-4be0-a451-2692467fd25a', '3ddc633b-f712-4f39-aa6b-ababefb6fbce');
INSERT INTO public.library_task_activity_groups VALUES ('1e4c6c0a-c675-4be0-a451-2692467fd25a', '598bf4fd-4c5f-4bce-919b-1aa56929f4b8');
INSERT INTO public.library_task_activity_groups VALUES ('c0d44bd5-d17c-4d45-9452-dc195e432e71', '92ca4761-59c8-4682-96f1-e4942f1dc400');
INSERT INTO public.library_task_activity_groups VALUES ('1f8e5b52-31dc-45e7-8b50-cdf0fd0a3223', '065b1971-6107-4e99-b84b-a44662262866');
INSERT INTO public.library_task_activity_groups VALUES ('6c26e14a-43ca-4657-af27-65df8d630e59', 'abf3d9dc-2de8-4ea5-9f26-16c3b1fd55a5');
INSERT INTO public.library_task_activity_groups VALUES ('00ef4058-ad6e-4781-ae1e-4fcd72839e32', 'ba3283c2-4a73-4306-bc01-ecb61a69b982');
INSERT INTO public.library_task_activity_groups VALUES ('6c26e14a-43ca-4657-af27-65df8d630e59', 'a5ae7d47-0f09-4636-9d96-b998b62f8f5d');
INSERT INTO public.library_task_activity_groups VALUES ('6c26e14a-43ca-4657-af27-65df8d630e59', 'ba622c1d-dee9-4b51-a0e4-d98acefd1092');
INSERT INTO public.library_task_activity_groups VALUES ('b5d41b25-58c6-4b0d-9f31-1d3df4ce5ce4', '1b6fad18-62cc-4eec-af79-fba6bcb65cdd');
INSERT INTO public.library_task_activity_groups VALUES ('b5d41b25-58c6-4b0d-9f31-1d3df4ce5ce4', 'a27c5ce6-d0ba-428f-af2e-1b01768df242');
INSERT INTO public.library_task_activity_groups VALUES ('1e4c6c0a-c675-4be0-a451-2692467fd25a', '7da1893e-0657-4c7c-ab14-043f3f731691');
INSERT INTO public.library_task_activity_groups VALUES ('1e4c6c0a-c675-4be0-a451-2692467fd25a', '4643f8d2-0379-4119-b30e-10086ce2bc14');
INSERT INTO public.library_task_activity_groups VALUES ('1e4c6c0a-c675-4be0-a451-2692467fd25a', 'f5304c43-efbb-4767-84ba-a679c428b0d1');
INSERT INTO public.library_task_activity_groups VALUES ('b5d41b25-58c6-4b0d-9f31-1d3df4ce5ce4', '43974f5a-8576-49e4-a2b3-7c2caa56b8e2');
INSERT INTO public.library_task_activity_groups VALUES ('1e4c6c0a-c675-4be0-a451-2692467fd25a', '65f285d4-cf2f-4ff5-b490-1deeeea38d94');
INSERT INTO public.library_task_activity_groups VALUES ('1e4c6c0a-c675-4be0-a451-2692467fd25a', '2b09776f-7c33-46e9-b90c-e28df4320e49');
INSERT INTO public.library_task_activity_groups VALUES ('1e4c6c0a-c675-4be0-a451-2692467fd25a', 'e9ba4860-d0c2-4b84-a4af-4d2b29dc8da3');
INSERT INTO public.library_task_activity_groups VALUES ('1e4c6c0a-c675-4be0-a451-2692467fd25a', 'e57a4ddb-dec3-4aac-836b-b5661428d788');
INSERT INTO public.library_task_activity_groups VALUES ('1e4c6c0a-c675-4be0-a451-2692467fd25a', '0d43e37f-0c51-4315-9dc4-56d0c6028bba');
INSERT INTO public.library_task_activity_groups VALUES ('1e4c6c0a-c675-4be0-a451-2692467fd25a', 'e95730a6-1ca7-4582-95f3-d0fca91644f7');
INSERT INTO public.library_task_activity_groups VALUES ('1e4c6c0a-c675-4be0-a451-2692467fd25a', '3ccbb149-9243-4377-835c-c2ffb7963775');
INSERT INTO public.library_task_activity_groups VALUES ('1e4c6c0a-c675-4be0-a451-2692467fd25a', '744eaba2-7220-4ce1-9b0c-eb1850898926');
INSERT INTO public.library_task_activity_groups VALUES ('1e4c6c0a-c675-4be0-a451-2692467fd25a', 'c28d58f4-d149-4970-b224-7c6350b03972');
INSERT INTO public.library_task_activity_groups VALUES ('1e4c6c0a-c675-4be0-a451-2692467fd25a', '002ddb94-2cc9-4fb5-92a9-76d6f2581e31');
INSERT INTO public.library_task_activity_groups VALUES ('1e4c6c0a-c675-4be0-a451-2692467fd25a', '33cb8b7f-fd2f-4b3a-b253-e04c1cc10b27');



INSERT INTO public.library_task_recommendations VALUES ('f859c660-0513-4470-9d86-06c5c9643314', '3c3e7da5-5a46-4ad8-a12c-533555359614', 'b4b3b004-49a6-4471-84d6-7b6d0a4a7004');
INSERT INTO public.library_task_recommendations VALUES ('335ca6b6-798b-4a21-9825-5cb499154f45', '5a7861e6-948f-451e-8f2e-0c4fc1a2aced', 'ff161bca-e057-4045-a3fe-708b6569ab8a');
INSERT INTO public.library_task_recommendations VALUES ('b0702e49-5604-4c8a-a0b6-8bd51ba1db68', '79548b0a-9a11-4a9f-bd66-e1aa601a77d8', 'cf25cc91-be50-4117-aced-c8a8f83db846');
INSERT INTO public.library_task_recommendations VALUES ('c0406c51-8e6f-4e27-bf72-cf80ac508277', '1a5bfa7b-999f-42ca-b3a3-3ab238c8abd6', '845518bd-2a56-47c7-92d7-220087939243');
INSERT INTO public.library_task_recommendations VALUES ('66ef2d32-22fe-4a07-8d6c-2dde41a9df50', 'dcf1f3c6-4e43-40da-b8cd-b9094b06cf2f', '9445a787-c4cb-4fb2-8a49-1b9947f55876');
INSERT INTO public.library_task_recommendations VALUES ('27a4547a-3167-4087-be03-cc7568097936', '79548b0a-9a11-4a9f-bd66-e1aa601a77d8', 'cf25cc91-be50-4117-aced-c8a8f83db846');
INSERT INTO public.library_task_recommendations VALUES ('8d379ebc-493e-48ab-a519-a201359d0ad7', '064e56c8-0024-4cf5-8b11-8acce96c67da', '845518bd-2a56-47c7-92d7-220087939243');
INSERT INTO public.library_task_recommendations VALUES ('b48e5589-9674-41eb-91f0-e4e7777cf4b2', 'aaf65ad9-2589-488a-87bd-52697e2fdc8b', '845518bd-2a56-47c7-92d7-220087939243');
INSERT INTO public.library_task_recommendations VALUES ('4609fbd4-c55b-4cdc-9302-7c0a8794643f', '064e56c8-0024-4cf5-8b11-8acce96c67da', '62ca2539-c0c4-4920-aca8-60e8536e725d');
INSERT INTO public.library_task_recommendations VALUES ('223b04e9-62fa-4cf9-97f7-42d7e63994f0', '1a5bfa7b-999f-42ca-b3a3-3ab238c8abd6', 'f52b676d-516e-4068-8878-050dfb32313f');
INSERT INTO public.library_task_recommendations VALUES ('9464aee6-1ddb-4e65-94e2-6007fabeea02', '016a66cb-ed49-469f-a494-facf0fddbeba', 'a033267d-7322-42c8-b011-4015d68b2bc2');
INSERT INTO public.library_task_recommendations VALUES ('ac1e15a5-7021-48a6-a88d-b9799b6355ea', '98c1f174-ca8d-4c5a-98d7-827ebfc2a1c8', 'ff161bca-e057-4045-a3fe-708b6569ab8a');
INSERT INTO public.library_task_recommendations VALUES ('1e2a329c-a413-41a4-90f3-9c2d6f3fe6b3', '63256499-6af9-4600-8afd-3e9c24b3ea63', '98d73996-ac36-4dbd-8b6c-fa2682c421d4');
INSERT INTO public.library_task_recommendations VALUES ('3dc04aa4-58b9-40b2-a34b-bb3c59d91120', '064e56c8-0024-4cf5-8b11-8acce96c67da', '7bd1b8f8-020a-46bd-bff0-d4fba5910cac');
INSERT INTO public.library_task_recommendations VALUES ('1d4de35b-2025-4fd4-b9f9-e6f29548c304', '2330705c-290e-4010-9be4-62e7cb5d0477', 'b9434a7d-62cc-4dc7-9e8e-02d418af7f7a');
INSERT INTO public.library_task_recommendations VALUES ('d280ee9d-ad2d-4a83-8af8-f61bca0a7057', '79548b0a-9a11-4a9f-bd66-e1aa601a77d8', '7d39bcf4-6f3d-4daa-914d-6335018fbcf8');
INSERT INTO public.library_task_recommendations VALUES ('ed717165-b18b-4f07-ba6a-f4a4e046123b', '1a5bfa7b-999f-42ca-b3a3-3ab238c8abd6', 'f52b676d-516e-4068-8878-050dfb32313f');
INSERT INTO public.library_task_recommendations VALUES ('66ef2d32-22fe-4a07-8d6c-2dde41a9df50', 'dcf1f3c6-4e43-40da-b8cd-b9094b06cf2f', 'cf25cc91-be50-4117-aced-c8a8f83db846');
INSERT INTO public.library_task_recommendations VALUES ('23631748-7c0c-48f0-b0f8-e7e7bc676c18', 'b8ad2b92-18e3-4ba4-a833-cbad42648f0b', '845518bd-2a56-47c7-92d7-220087939243');
INSERT INTO public.library_task_recommendations VALUES ('c2fed5e6-58c5-4b6b-b299-09d617f99f39', 'affd787b-1e6c-4c9d-a2d4-42d38e9c72b8', '9445a787-c4cb-4fb2-8a49-1b9947f55876');
INSERT INTO public.library_task_recommendations VALUES ('7b9bcd4f-cc64-48eb-8d38-ab8988dda7f6', '016a66cb-ed49-469f-a494-facf0fddbeba', '33e934a7-c837-4a28-b896-9e4612a6c810');
INSERT INTO public.library_task_recommendations VALUES ('450a47f4-a174-47d4-8c46-54d2fc12555f', '1a5bfa7b-999f-42ca-b3a3-3ab238c8abd6', '845518bd-2a56-47c7-92d7-220087939243');
INSERT INTO public.library_task_recommendations VALUES ('9ef25e64-91ba-430d-9e24-e0d6f9ad561b', '98c1f174-ca8d-4c5a-98d7-827ebfc2a1c8', '610c3314-762f-4985-9701-6cfe44059cd8');
INSERT INTO public.library_task_recommendations VALUES ('07236ab1-19c5-439d-8403-d5d544f31ab5', 'bb5c5324-d3bc-45da-bfff-5ea78aed8dba', 'f5fb0d9d-1e01-42b7-835e-7c5e46482119');
INSERT INTO public.library_task_recommendations VALUES ('88b99733-ead6-4278-917f-bc1b72442a35', '5a7861e6-948f-451e-8f2e-0c4fc1a2aced', '359a02e2-7330-4175-a5b6-ef918e7d4158');
INSERT INTO public.library_task_recommendations VALUES ('20758fec-c71a-4954-b1fa-6284e6782afc', 'affd787b-1e6c-4c9d-a2d4-42d38e9c72b8', '845518bd-2a56-47c7-92d7-220087939243');
INSERT INTO public.library_task_recommendations VALUES ('35a07126-c052-4f57-b386-95581220cf05', '2330705c-290e-4010-9be4-62e7cb5d0477', '6c9d1d49-53f1-4baf-a382-abcb11d9f40d');
INSERT INTO public.library_task_recommendations VALUES ('85c2c126-7d1c-4e39-8d73-03ebbf894804', '63256499-6af9-4600-8afd-3e9c24b3ea63', 'e92f3626-be91-47da-b197-77e6154f5a15');
INSERT INTO public.library_task_recommendations VALUES ('195f89bf-b80a-4853-8c73-972017ba8a50', 'cc751338-928a-499a-b1dd-87b9ecc573fd', '845518bd-2a56-47c7-92d7-220087939243');
INSERT INTO public.library_task_recommendations VALUES ('3fc9c105-f594-41be-9f24-c5c74cb495ad', '98c1f174-ca8d-4c5a-98d7-827ebfc2a1c8', 'ff161bca-e057-4045-a3fe-708b6569ab8a');
INSERT INTO public.library_task_recommendations VALUES ('01baa494-99c5-43bf-aa8a-53a6f4732924', '1a5bfa7b-999f-42ca-b3a3-3ab238c8abd6', '845518bd-2a56-47c7-92d7-220087939243');
INSERT INTO public.library_task_recommendations VALUES ('a1b21057-f86f-466a-bdce-1a2fafc4bfdd', '63256499-6af9-4600-8afd-3e9c24b3ea63', 'e92f3626-be91-47da-b197-77e6154f5a15');
INSERT INTO public.library_task_recommendations VALUES ('ed717165-b18b-4f07-ba6a-f4a4e046123b', '0db44d38-fa65-4aa5-99bd-ab4a7ec0c880', '52182601-b5ef-4526-ad02-5d63f5b75e84');
INSERT INTO public.library_task_recommendations VALUES ('eebe5e56-d8c2-4816-b819-3ba0da0d6566', '79548b0a-9a11-4a9f-bd66-e1aa601a77d8', '39005682-22f1-4888-a64b-71f70c0de936');
INSERT INTO public.library_task_recommendations VALUES ('4880814a-ec17-4825-8757-67d8ff7862df', 'b8ad2b92-18e3-4ba4-a833-cbad42648f0b', 'e92f3626-be91-47da-b197-77e6154f5a15');
INSERT INTO public.library_task_recommendations VALUES ('ff20527c-5375-4bb6-91e0-b280e9d6ffca', 'cc751338-928a-499a-b1dd-87b9ecc573fd', '9445a787-c4cb-4fb2-8a49-1b9947f55876');
INSERT INTO public.library_task_recommendations VALUES ('9d9464e3-c15d-4653-b2dc-25959015bb61', '1a5bfa7b-999f-42ca-b3a3-3ab238c8abd6', '2c285dc8-124f-4ebb-b913-3ca8ebf49f5a');
INSERT INTO public.library_task_recommendations VALUES ('ac1e15a5-7021-48a6-a88d-b9799b6355ea', '0db44d38-fa65-4aa5-99bd-ab4a7ec0c880', 'e92f3626-be91-47da-b197-77e6154f5a15');
INSERT INTO public.library_task_recommendations VALUES ('a3de1387-17a5-4b9f-a6ea-391990d4a199', 'affd787b-1e6c-4c9d-a2d4-42d38e9c72b8', '845518bd-2a56-47c7-92d7-220087939243');
INSERT INTO public.library_task_recommendations VALUES ('ed0a3403-fa19-460b-b2fe-32ca0d1063e1', '064e56c8-0024-4cf5-8b11-8acce96c67da', '845518bd-2a56-47c7-92d7-220087939243');
INSERT INTO public.library_task_recommendations VALUES ('422df780-6c14-4321-8525-32853c93b712', 'ab2071b5-e299-454a-adf0-f42ac141c936', '23d96813-1901-4a25-b6d7-5579a2799a10');
INSERT INTO public.library_task_recommendations VALUES ('27a4547a-3167-4087-be03-cc7568097936', '78f5391a-d554-45ff-b13a-de230817806c', '0f2534da-adad-4dab-a700-8d1493f5ba82');
INSERT INTO public.library_task_recommendations VALUES ('238d46eb-72ba-47ee-8742-99ed25567366', '5a7861e6-948f-451e-8f2e-0c4fc1a2aced', '1a4fcf20-634f-4959-bf07-7baef3cbcd55');
INSERT INTO public.library_task_recommendations VALUES ('01baa494-99c5-43bf-aa8a-53a6f4732924', '78f5391a-d554-45ff-b13a-de230817806c', '0f2534da-adad-4dab-a700-8d1493f5ba82');
INSERT INTO public.library_task_recommendations VALUES ('a180f2d7-213c-4b12-8bfe-6640e4c47e98', 'b8ad2b92-18e3-4ba4-a833-cbad42648f0b', 'e92f3626-be91-47da-b197-77e6154f5a15');
INSERT INTO public.library_task_recommendations VALUES ('2593f81a-3c6a-4916-8590-51fc9b934207', 'affd787b-1e6c-4c9d-a2d4-42d38e9c72b8', '7bd1b8f8-020a-46bd-bff0-d4fba5910cac');
INSERT INTO public.library_task_recommendations VALUES ('223b04e9-62fa-4cf9-97f7-42d7e63994f0', '1a5bfa7b-999f-42ca-b3a3-3ab238c8abd6', '2c285dc8-124f-4ebb-b913-3ca8ebf49f5a');
INSERT INTO public.library_task_recommendations VALUES ('199ce778-1eed-4a6f-9401-3fefe1b1baac', 'affd787b-1e6c-4c9d-a2d4-42d38e9c72b8', '7bd1b8f8-020a-46bd-bff0-d4fba5910cac');
INSERT INTO public.library_task_recommendations VALUES ('b1738bbd-1570-482d-91ee-ad64ccfb3aea', 'a12b15fd-d553-4eb5-86a6-3d4af789f5c3', '62ca2539-c0c4-4920-aca8-60e8536e725d');
INSERT INTO public.library_task_recommendations VALUES ('7b9bcd4f-cc64-48eb-8d38-ab8988dda7f6', '1a5bfa7b-999f-42ca-b3a3-3ab238c8abd6', 'f52b676d-516e-4068-8878-050dfb32313f');
INSERT INTO public.library_task_recommendations VALUES ('ec04a3b9-8029-428d-95fe-62ae33873cd2', 'cc751338-928a-499a-b1dd-87b9ecc573fd', '730d586c-f9fc-48c2-bab9-018e5474b81c');
INSERT INTO public.library_task_recommendations VALUES ('48253a67-cad2-4fe0-bce8-9089465936e0', '63256499-6af9-4600-8afd-3e9c24b3ea63', 'b3afd68f-9237-483a-ba6f-bdd8219c3004');
INSERT INTO public.library_task_recommendations VALUES ('aa5c660c-2a51-40c4-bbf4-4543052ec064', '63256499-6af9-4600-8afd-3e9c24b3ea63', 'b3afd68f-9237-483a-ba6f-bdd8219c3004');
INSERT INTO public.library_task_recommendations VALUES ('77cc07b4-fdcf-4a2b-a5e0-cc77e8c4ecc4', '63256499-6af9-4600-8afd-3e9c24b3ea63', 'b3afd68f-9237-483a-ba6f-bdd8219c3004');
INSERT INTO public.library_task_recommendations VALUES ('c2fed5e6-58c5-4b6b-b299-09d617f99f39', '63256499-6af9-4600-8afd-3e9c24b3ea63', 'b3afd68f-9237-483a-ba6f-bdd8219c3004');
INSERT INTO public.library_task_recommendations VALUES ('ee5fe360-3225-4deb-a51e-441ccddce65d', '63256499-6af9-4600-8afd-3e9c24b3ea63', 'b3afd68f-9237-483a-ba6f-bdd8219c3004');
INSERT INTO public.library_task_recommendations VALUES ('9071983c-5123-475f-9f1c-351c6756a5a5', '016a66cb-ed49-469f-a494-facf0fddbeba', '8aac579e-b59c-4252-8939-c799b7f9166d');
INSERT INTO public.library_task_recommendations VALUES ('27a4547a-3167-4087-be03-cc7568097936', '5075adf0-dc06-485a-9943-113e770334c1', '9445a787-c4cb-4fb2-8a49-1b9947f55876');
INSERT INTO public.library_task_recommendations VALUES ('195f89bf-b80a-4853-8c73-972017ba8a50', '5a7861e6-948f-451e-8f2e-0c4fc1a2aced', '1a4fcf20-634f-4959-bf07-7baef3cbcd55');
INSERT INTO public.library_task_recommendations VALUES ('07236ab1-19c5-439d-8403-d5d544f31ab5', 'bb5c5324-d3bc-45da-bfff-5ea78aed8dba', '85abffe4-0558-462b-b17f-65d8f6ecb910');
INSERT INTO public.library_task_recommendations VALUES ('3dc04aa4-58b9-40b2-a34b-bb3c59d91120', 'ab2071b5-e299-454a-adf0-f42ac141c936', '6abcda1e-947c-4f1e-b913-18bc96c23334');
INSERT INTO public.library_task_recommendations VALUES ('a36c2136-e8ad-45e7-a32e-1f515edca089', '3c3e7da5-5a46-4ad8-a12c-533555359614', '0b2da794-4f9a-4ec2-adc6-ddd15342ca5e');
INSERT INTO public.library_task_recommendations VALUES ('48253a67-cad2-4fe0-bce8-9089465936e0', '17e26f9f-a273-478e-9b51-097c3f84ea94', '42c7d15f-00c4-49cc-bcce-7e58927d09b6');
INSERT INTO public.library_task_recommendations VALUES ('48253a67-cad2-4fe0-bce8-9089465936e0', '63256499-6af9-4600-8afd-3e9c24b3ea63', 'e92f3626-be91-47da-b197-77e6154f5a15');
INSERT INTO public.library_task_recommendations VALUES ('66ef2d32-22fe-4a07-8d6c-2dde41a9df50', 'dcf1f3c6-4e43-40da-b8cd-b9094b06cf2f', '730d586c-f9fc-48c2-bab9-018e5474b81c');
INSERT INTO public.library_task_recommendations VALUES ('bf77f03b-0088-4161-b20d-2e12681693a5', 'aaf65ad9-2589-488a-87bd-52697e2fdc8b', '845518bd-2a56-47c7-92d7-220087939243');
INSERT INTO public.library_task_recommendations VALUES ('f89ac6f3-7598-490c-98e8-07b5986fcd0c', 'affd787b-1e6c-4c9d-a2d4-42d38e9c72b8', '7bd1b8f8-020a-46bd-bff0-d4fba5910cac');
INSERT INTO public.library_task_recommendations VALUES ('b0702e49-5604-4c8a-a0b6-8bd51ba1db68', '29ba89ae-b023-4799-a333-acce29102862', '5ddd6a21-1f39-45fc-af9d-1dc783eba9a5');
INSERT INTO public.library_task_recommendations VALUES ('7b79a1b8-fe2c-4fe5-94a0-81409c033212', '064e56c8-0024-4cf5-8b11-8acce96c67da', '62ca2539-c0c4-4920-aca8-60e8536e725d');
INSERT INTO public.library_task_recommendations VALUES ('a180f2d7-213c-4b12-8bfe-6640e4c47e98', '1a5bfa7b-999f-42ca-b3a3-3ab238c8abd6', '2c285dc8-124f-4ebb-b913-3ca8ebf49f5a');
INSERT INTO public.library_task_recommendations VALUES ('a6c64af7-4968-452e-9501-b2b1f050cbf6', '5a7861e6-948f-451e-8f2e-0c4fc1a2aced', '1a4fcf20-634f-4959-bf07-7baef3cbcd55');
INSERT INTO public.library_task_recommendations VALUES ('aa5c660c-2a51-40c4-bbf4-4543052ec064', '63256499-6af9-4600-8afd-3e9c24b3ea63', 'e92f3626-be91-47da-b197-77e6154f5a15');
INSERT INTO public.library_task_recommendations VALUES ('13973c9b-95e5-424c-b2ca-930682b57cbd', '1a5bfa7b-999f-42ca-b3a3-3ab238c8abd6', '62ca2539-c0c4-4920-aca8-60e8536e725d');
INSERT INTO public.library_task_recommendations VALUES ('3dc04aa4-58b9-40b2-a34b-bb3c59d91120', '016a66cb-ed49-469f-a494-facf0fddbeba', '6abcda1e-947c-4f1e-b913-18bc96c23334');
INSERT INTO public.library_task_recommendations VALUES ('23631748-7c0c-48f0-b0f8-e7e7bc676c18', '016a66cb-ed49-469f-a494-facf0fddbeba', '0b2da794-4f9a-4ec2-adc6-ddd15342ca5e');
INSERT INTO public.library_task_recommendations VALUES ('ed0a3403-fa19-460b-b2fe-32ca0d1063e1', 'a12b15fd-d553-4eb5-86a6-3d4af789f5c3', '62ca2539-c0c4-4920-aca8-60e8536e725d');
INSERT INTO public.library_task_recommendations VALUES ('ff20527c-5375-4bb6-91e0-b280e9d6ffca', 'dcf1f3c6-4e43-40da-b8cd-b9094b06cf2f', '9445a787-c4cb-4fb2-8a49-1b9947f55876');
INSERT INTO public.library_task_recommendations VALUES ('1d4de35b-2025-4fd4-b9f9-e6f29548c304', '63256499-6af9-4600-8afd-3e9c24b3ea63', 'e92f3626-be91-47da-b197-77e6154f5a15');
INSERT INTO public.library_task_recommendations VALUES ('9748890b-d2da-4371-b324-a6570a4d22f2', '23041379-366e-4ab2-a0db-a18b569bdafb', '9e21d7c7-3276-406e-951e-a710c5c3f35a');
INSERT INTO public.library_task_recommendations VALUES ('422df780-6c14-4321-8525-32853c93b712', 'ab2071b5-e299-454a-adf0-f42ac141c936', '8b781386-e309-44d5-9b8d-35230f80119a');
INSERT INTO public.library_task_recommendations VALUES ('9748890b-d2da-4371-b324-a6570a4d22f2', '5a7861e6-948f-451e-8f2e-0c4fc1a2aced', 'a033267d-7322-42c8-b011-4015d68b2bc2');
INSERT INTO public.library_task_recommendations VALUES ('13973c9b-95e5-424c-b2ca-930682b57cbd', 'b8ad2b92-18e3-4ba4-a833-cbad42648f0b', 'e92f3626-be91-47da-b197-77e6154f5a15');
INSERT INTO public.library_task_recommendations VALUES ('20758fec-c71a-4954-b1fa-6284e6782afc', 'b8ad2b92-18e3-4ba4-a833-cbad42648f0b', 'fdfdc2f6-af19-413b-aacc-e0819cae5f5d');
INSERT INTO public.library_task_recommendations VALUES ('27a4547a-3167-4087-be03-cc7568097936', 'dcf1f3c6-4e43-40da-b8cd-b9094b06cf2f', '25ae5c04-3dab-4c7d-bf0d-2317fd997619');
INSERT INTO public.library_task_recommendations VALUES ('4609fbd4-c55b-4cdc-9302-7c0a8794643f', '78f5391a-d554-45ff-b13a-de230817806c', '4092d3b1-67d7-495b-84b4-de224a1b9894');
INSERT INTO public.library_task_recommendations VALUES ('13973c9b-95e5-424c-b2ca-930682b57cbd', '1a5bfa7b-999f-42ca-b3a3-3ab238c8abd6', 'f52b676d-516e-4068-8878-050dfb32313f');
INSERT INTO public.library_task_recommendations VALUES ('ff20527c-5375-4bb6-91e0-b280e9d6ffca', '23b011d4-4cb2-4526-9761-e247d506557a', 'd8251088-33df-44b9-8286-3e11d80645d1');
INSERT INTO public.library_task_recommendations VALUES ('ff20527c-5375-4bb6-91e0-b280e9d6ffca', 'dcf1f3c6-4e43-40da-b8cd-b9094b06cf2f', 'cf25cc91-be50-4117-aced-c8a8f83db846');
INSERT INTO public.library_task_recommendations VALUES ('20758fec-c71a-4954-b1fa-6284e6782afc', '5a7861e6-948f-451e-8f2e-0c4fc1a2aced', '1a4fcf20-634f-4959-bf07-7baef3cbcd55');
INSERT INTO public.library_task_recommendations VALUES ('ed717165-b18b-4f07-ba6a-f4a4e046123b', '23041379-366e-4ab2-a0db-a18b569bdafb', '9e21d7c7-3276-406e-951e-a710c5c3f35a');
INSERT INTO public.library_task_recommendations VALUES ('77cc07b4-fdcf-4a2b-a5e0-cc77e8c4ecc4', '63256499-6af9-4600-8afd-3e9c24b3ea63', 'e92f3626-be91-47da-b197-77e6154f5a15');
INSERT INTO public.library_task_recommendations VALUES ('35a07126-c052-4f57-b386-95581220cf05', '79548b0a-9a11-4a9f-bd66-e1aa601a77d8', '7bd1b8f8-020a-46bd-bff0-d4fba5910cac');
INSERT INTO public.library_task_recommendations VALUES ('c0e9be57-d54a-4b59-8710-3ff9d964e414', '63256499-6af9-4600-8afd-3e9c24b3ea63', 'e92f3626-be91-47da-b197-77e6154f5a15');
INSERT INTO public.library_task_recommendations VALUES ('195f89bf-b80a-4853-8c73-972017ba8a50', '1a5bfa7b-999f-42ca-b3a3-3ab238c8abd6', '62ca2539-c0c4-4920-aca8-60e8536e725d');
INSERT INTO public.library_task_recommendations VALUES ('a1b21057-f86f-466a-bdce-1a2fafc4bfdd', 'ab2071b5-e299-454a-adf0-f42ac141c936', '8b781386-e309-44d5-9b8d-35230f80119a');
INSERT INTO public.library_task_recommendations VALUES ('223b04e9-62fa-4cf9-97f7-42d7e63994f0', '064e56c8-0024-4cf5-8b11-8acce96c67da', '62ca2539-c0c4-4920-aca8-60e8536e725d');
INSERT INTO public.library_task_recommendations VALUES ('a1b21057-f86f-466a-bdce-1a2fafc4bfdd', '63256499-6af9-4600-8afd-3e9c24b3ea63', '98d73996-ac36-4dbd-8b6c-fa2682c421d4');
INSERT INTO public.library_task_recommendations VALUES ('3dc04aa4-58b9-40b2-a34b-bb3c59d91120', 'affd787b-1e6c-4c9d-a2d4-42d38e9c72b8', '08bbff19-ce5b-47c1-a680-4cd5d6d8866f');
INSERT INTO public.library_task_recommendations VALUES ('e0d4426a-400b-48b3-abdc-940648d53c28', '5a7861e6-948f-451e-8f2e-0c4fc1a2aced', 'ff161bca-e057-4045-a3fe-708b6569ab8a');
INSERT INTO public.library_task_recommendations VALUES ('7b9bcd4f-cc64-48eb-8d38-ab8988dda7f6', '016a66cb-ed49-469f-a494-facf0fddbeba', '8aac579e-b59c-4252-8939-c799b7f9166d');
INSERT INTO public.library_task_recommendations VALUES ('ed717165-b18b-4f07-ba6a-f4a4e046123b', '1a5bfa7b-999f-42ca-b3a3-3ab238c8abd6', '7bd1b8f8-020a-46bd-bff0-d4fba5910cac');
INSERT INTO public.library_task_recommendations VALUES ('66ef2d32-22fe-4a07-8d6c-2dde41a9df50', '63256499-6af9-4600-8afd-3e9c24b3ea63', '98d73996-ac36-4dbd-8b6c-fa2682c421d4');
INSERT INTO public.library_task_recommendations VALUES ('ff20527c-5375-4bb6-91e0-b280e9d6ffca', 'cc751338-928a-499a-b1dd-87b9ecc573fd', '730d586c-f9fc-48c2-bab9-018e5474b81c');
INSERT INTO public.library_task_recommendations VALUES ('8e0a24ec-0575-4a33-a4bd-ff1795b390f3', '7924f0e9-090a-4121-9e67-ad1e0a9d5998', '730d586c-f9fc-48c2-bab9-018e5474b81c');
INSERT INTO public.library_task_recommendations VALUES ('c0406c51-8e6f-4e27-bf72-cf80ac508277', '1a5bfa7b-999f-42ca-b3a3-3ab238c8abd6', '62ca2539-c0c4-4920-aca8-60e8536e725d');
INSERT INTO public.library_task_recommendations VALUES ('beb35c74-0e4e-443c-8061-b91eb35d4bed', 'bb5c5324-d3bc-45da-bfff-5ea78aed8dba', 'b4380ba8-f086-4c83-b3f6-876d94d00239');
INSERT INTO public.library_task_recommendations VALUES ('7a16673f-0ef8-4d12-8d33-9586cbfe1f54', '1a5bfa7b-999f-42ca-b3a3-3ab238c8abd6', '845518bd-2a56-47c7-92d7-220087939243');
INSERT INTO public.library_task_recommendations VALUES ('37a72bab-91b2-41b4-bd83-107a5a4b4951', '0db44d38-fa65-4aa5-99bd-ab4a7ec0c880', '52182601-b5ef-4526-ad02-5d63f5b75e84');
INSERT INTO public.library_task_recommendations VALUES ('48253a67-cad2-4fe0-bce8-9089465936e0', '23b011d4-4cb2-4526-9761-e247d506557a', 'd8251088-33df-44b9-8286-3e11d80645d1');
INSERT INTO public.library_task_recommendations VALUES ('f4202f63-3ec3-442a-8c44-788d8d9c8fee', '7924f0e9-090a-4121-9e67-ad1e0a9d5998', 'b4affcfd-2c5a-471e-bf27-61d20dac834b');
INSERT INTO public.library_task_recommendations VALUES ('2ce1dddc-72d6-4fae-b639-f855171abf00', 'affd787b-1e6c-4c9d-a2d4-42d38e9c72b8', '7bd1b8f8-020a-46bd-bff0-d4fba5910cac');
INSERT INTO public.library_task_recommendations VALUES ('ac1e15a5-7021-48a6-a88d-b9799b6355ea', 'bb5c5324-d3bc-45da-bfff-5ea78aed8dba', '1b79d139-38b2-44f7-aefc-e2871e2d46d9');
INSERT INTO public.library_task_recommendations VALUES ('f859c660-0513-4470-9d86-06c5c9643314', '894c82ea-4cc4-476d-8eb4-555f53686f7b', '8aac579e-b59c-4252-8939-c799b7f9166d');
INSERT INTO public.library_task_recommendations VALUES ('7b79a1b8-fe2c-4fe5-94a0-81409c033212', '23041379-366e-4ab2-a0db-a18b569bdafb', '8b1698a3-a055-499c-95e5-56059e3cdd89');
INSERT INTO public.library_task_recommendations VALUES ('35a07126-c052-4f57-b386-95581220cf05', 'dcf1f3c6-4e43-40da-b8cd-b9094b06cf2f', 'c2efdade-aac5-40c6-aa29-34687d2114f3');
INSERT INTO public.library_task_recommendations VALUES ('c7f383d0-c01e-43fc-8d62-c262862aca69', '98c1f174-ca8d-4c5a-98d7-827ebfc2a1c8', 'ff161bca-e057-4045-a3fe-708b6569ab8a');
INSERT INTO public.library_task_recommendations VALUES ('450a47f4-a174-47d4-8c46-54d2fc12555f', '1a5bfa7b-999f-42ca-b3a3-3ab238c8abd6', '62ca2539-c0c4-4920-aca8-60e8536e725d');
INSERT INTO public.library_task_recommendations VALUES ('66ef2d32-22fe-4a07-8d6c-2dde41a9df50', '29ba89ae-b023-4799-a333-acce29102862', '6abcda1e-947c-4f1e-b913-18bc96c23334');
INSERT INTO public.library_task_recommendations VALUES ('7b79a1b8-fe2c-4fe5-94a0-81409c033212', '5a7861e6-948f-451e-8f2e-0c4fc1a2aced', '85abffe4-0558-462b-b17f-65d8f6ecb910');
INSERT INTO public.library_task_recommendations VALUES ('48253a67-cad2-4fe0-bce8-9089465936e0', '29ba89ae-b023-4799-a333-acce29102862', '5ddd6a21-1f39-45fc-af9d-1dc783eba9a5');
INSERT INTO public.library_task_recommendations VALUES ('3fc9c105-f594-41be-9f24-c5c74cb495ad', 'be591329-a272-4e0f-8277-98df369fc821', '359a02e2-7330-4175-a5b6-ef918e7d4158');
INSERT INTO public.library_task_recommendations VALUES ('d8217652-973e-4216-aea5-28ced89eac26', '5075adf0-dc06-485a-9943-113e770334c1', '6abcda1e-947c-4f1e-b913-18bc96c23334');
INSERT INTO public.library_task_recommendations VALUES ('4880814a-ec17-4825-8757-67d8ff7862df', 'b8ad2b92-18e3-4ba4-a833-cbad42648f0b', '845518bd-2a56-47c7-92d7-220087939243');
INSERT INTO public.library_task_recommendations VALUES ('9464aee6-1ddb-4e65-94e2-6007fabeea02', '23041379-366e-4ab2-a0db-a18b569bdafb', '9e21d7c7-3276-406e-951e-a710c5c3f35a');
INSERT INTO public.library_task_recommendations VALUES ('29a8acf6-8312-4f26-b773-7908d67d437f', '064e56c8-0024-4cf5-8b11-8acce96c67da', '8897d760-3e77-499b-a3b8-ef060ac5fbd9');
INSERT INTO public.library_task_recommendations VALUES ('48253a67-cad2-4fe0-bce8-9089465936e0', '63256499-6af9-4600-8afd-3e9c24b3ea63', '98d73996-ac36-4dbd-8b6c-fa2682c421d4');
INSERT INTO public.library_task_recommendations VALUES ('35a07126-c052-4f57-b386-95581220cf05', '2330705c-290e-4010-9be4-62e7cb5d0477', 'b9434a7d-62cc-4dc7-9e8e-02d418af7f7a');
INSERT INTO public.library_task_recommendations VALUES ('9c924f91-1675-42e7-b62d-8cca55a6e4c0', '29ba89ae-b023-4799-a333-acce29102862', '6abcda1e-947c-4f1e-b913-18bc96c23334');
INSERT INTO public.library_task_recommendations VALUES ('9464aee6-1ddb-4e65-94e2-6007fabeea02', '5a7861e6-948f-451e-8f2e-0c4fc1a2aced', 'a033267d-7322-42c8-b011-4015d68b2bc2');
INSERT INTO public.library_task_recommendations VALUES ('9ef25e64-91ba-430d-9e24-e0d6f9ad561b', '23b011d4-4cb2-4526-9761-e247d506557a', 'd8251088-33df-44b9-8286-3e11d80645d1');
INSERT INTO public.library_task_recommendations VALUES ('13973c9b-95e5-424c-b2ca-930682b57cbd', '1a5bfa7b-999f-42ca-b3a3-3ab238c8abd6', '2c285dc8-124f-4ebb-b913-3ca8ebf49f5a');
INSERT INTO public.library_task_recommendations VALUES ('ec04a3b9-8029-428d-95fe-62ae33873cd2', '63256499-6af9-4600-8afd-3e9c24b3ea63', 'e92f3626-be91-47da-b197-77e6154f5a15');
INSERT INTO public.library_task_recommendations VALUES ('aa5c660c-2a51-40c4-bbf4-4543052ec064', '63256499-6af9-4600-8afd-3e9c24b3ea63', '98d73996-ac36-4dbd-8b6c-fa2682c421d4');
INSERT INTO public.library_task_recommendations VALUES ('b0702e49-5604-4c8a-a0b6-8bd51ba1db68', 'ab2071b5-e299-454a-adf0-f42ac141c936', '6f005259-0fc3-4fd2-bcf7-b2bf67d44766');
INSERT INTO public.library_task_recommendations VALUES ('ee5fe360-3225-4deb-a51e-441ccddce65d', '894c82ea-4cc4-476d-8eb4-555f53686f7b', '8aac579e-b59c-4252-8939-c799b7f9166d');
INSERT INTO public.library_task_recommendations VALUES ('01baa494-99c5-43bf-aa8a-53a6f4732924', '1a5bfa7b-999f-42ca-b3a3-3ab238c8abd6', '62ca2539-c0c4-4920-aca8-60e8536e725d');
INSERT INTO public.library_task_recommendations VALUES ('450a47f4-a174-47d4-8c46-54d2fc12555f', '98c1f174-ca8d-4c5a-98d7-827ebfc2a1c8', '53a4afff-cfd5-4b30-89af-3d875f62722a');
INSERT INTO public.library_task_recommendations VALUES ('29a8acf6-8312-4f26-b773-7908d67d437f', 'affd787b-1e6c-4c9d-a2d4-42d38e9c72b8', '845518bd-2a56-47c7-92d7-220087939243');
INSERT INTO public.library_task_recommendations VALUES ('23631748-7c0c-48f0-b0f8-e7e7bc676c18', '23041379-366e-4ab2-a0db-a18b569bdafb', '9e21d7c7-3276-406e-951e-a710c5c3f35a');
INSERT INTO public.library_task_recommendations VALUES ('7b79a1b8-fe2c-4fe5-94a0-81409c033212', 'aaf65ad9-2589-488a-87bd-52697e2fdc8b', '845518bd-2a56-47c7-92d7-220087939243');
INSERT INTO public.library_task_recommendations VALUES ('c0e9be57-d54a-4b59-8710-3ff9d964e414', '5a7861e6-948f-451e-8f2e-0c4fc1a2aced', '1a4fcf20-634f-4959-bf07-7baef3cbcd55');
INSERT INTO public.library_task_recommendations VALUES ('29a8acf6-8312-4f26-b773-7908d67d437f', 'ab2071b5-e299-454a-adf0-f42ac141c936', '6f005259-0fc3-4fd2-bcf7-b2bf67d44766');
INSERT INTO public.library_task_recommendations VALUES ('ee5fe360-3225-4deb-a51e-441ccddce65d', '016a66cb-ed49-469f-a494-facf0fddbeba', 'ea323b12-7f98-4064-873c-92886cef07ec');
INSERT INTO public.library_task_recommendations VALUES ('77cc07b4-fdcf-4a2b-a5e0-cc77e8c4ecc4', '016a66cb-ed49-469f-a494-facf0fddbeba', 'a033267d-7322-42c8-b011-4015d68b2bc2');
INSERT INTO public.library_task_recommendations VALUES ('85c2c126-7d1c-4e39-8d73-03ebbf894804', 'affd787b-1e6c-4c9d-a2d4-42d38e9c72b8', '7bd1b8f8-020a-46bd-bff0-d4fba5910cac');
INSERT INTO public.library_task_recommendations VALUES ('b1738bbd-1570-482d-91ee-ad64ccfb3aea', 'a12b15fd-d553-4eb5-86a6-3d4af789f5c3', '4ff781dd-8f2e-47ef-91b0-132ecfdee586');
INSERT INTO public.library_task_recommendations VALUES ('ac1e15a5-7021-48a6-a88d-b9799b6355ea', '78f5391a-d554-45ff-b13a-de230817806c', '0f2534da-adad-4dab-a700-8d1493f5ba82');
INSERT INTO public.library_task_recommendations VALUES ('77cc07b4-fdcf-4a2b-a5e0-cc77e8c4ecc4', '63256499-6af9-4600-8afd-3e9c24b3ea63', '98d73996-ac36-4dbd-8b6c-fa2682c421d4');
INSERT INTO public.library_task_recommendations VALUES ('c0e9be57-d54a-4b59-8710-3ff9d964e414', '064e56c8-0024-4cf5-8b11-8acce96c67da', 'e92f3626-be91-47da-b197-77e6154f5a15');
INSERT INTO public.library_task_recommendations VALUES ('c0e9be57-d54a-4b59-8710-3ff9d964e414', '63256499-6af9-4600-8afd-3e9c24b3ea63', '98d73996-ac36-4dbd-8b6c-fa2682c421d4');
INSERT INTO public.library_task_recommendations VALUES ('450a47f4-a174-47d4-8c46-54d2fc12555f', '064e56c8-0024-4cf5-8b11-8acce96c67da', '845518bd-2a56-47c7-92d7-220087939243');
INSERT INTO public.library_task_recommendations VALUES ('195f89bf-b80a-4853-8c73-972017ba8a50', '064e56c8-0024-4cf5-8b11-8acce96c67da', '845518bd-2a56-47c7-92d7-220087939243');
INSERT INTO public.library_task_recommendations VALUES ('ed717165-b18b-4f07-ba6a-f4a4e046123b', '1a5bfa7b-999f-42ca-b3a3-3ab238c8abd6', '62ca2539-c0c4-4920-aca8-60e8536e725d');
INSERT INTO public.library_task_recommendations VALUES ('c2fed5e6-58c5-4b6b-b299-09d617f99f39', '23b011d4-4cb2-4526-9761-e247d506557a', 'd8251088-33df-44b9-8286-3e11d80645d1');
INSERT INTO public.library_task_recommendations VALUES ('85c2c126-7d1c-4e39-8d73-03ebbf894804', '1a5bfa7b-999f-42ca-b3a3-3ab238c8abd6', '845518bd-2a56-47c7-92d7-220087939243');
INSERT INTO public.library_task_recommendations VALUES ('d280ee9d-ad2d-4a83-8af8-f61bca0a7057', '79548b0a-9a11-4a9f-bd66-e1aa601a77d8', 'cf25cc91-be50-4117-aced-c8a8f83db846');
INSERT INTO public.library_task_recommendations VALUES ('c0e9be57-d54a-4b59-8710-3ff9d964e414', '5075adf0-dc06-485a-9943-113e770334c1', '9445a787-c4cb-4fb2-8a49-1b9947f55876');
INSERT INTO public.library_task_recommendations VALUES ('20758fec-c71a-4954-b1fa-6284e6782afc', '1a5bfa7b-999f-42ca-b3a3-3ab238c8abd6', 'f52b676d-516e-4068-8878-050dfb32313f');
INSERT INTO public.library_task_recommendations VALUES ('24a278d2-7563-4030-8d0e-c68c67523290', 'b8ad2b92-18e3-4ba4-a833-cbad42648f0b', 'e92f3626-be91-47da-b197-77e6154f5a15');
INSERT INTO public.library_task_recommendations VALUES ('9c924f91-1675-42e7-b62d-8cca55a6e4c0', '79548b0a-9a11-4a9f-bd66-e1aa601a77d8', '39005682-22f1-4888-a64b-71f70c0de936');
INSERT INTO public.library_task_recommendations VALUES ('a36c2136-e8ad-45e7-a32e-1f515edca089', '3c3e7da5-5a46-4ad8-a12c-533555359614', 'b4b3b004-49a6-4471-84d6-7b6d0a4a7004');
INSERT INTO public.library_task_recommendations VALUES ('69bfb299-4543-4292-98bd-c52d05319666', 'bb5c5324-d3bc-45da-bfff-5ea78aed8dba', '8b781386-e309-44d5-9b8d-35230f80119a');
INSERT INTO public.library_task_recommendations VALUES ('450a47f4-a174-47d4-8c46-54d2fc12555f', 'cc751338-928a-499a-b1dd-87b9ecc573fd', '9445a787-c4cb-4fb2-8a49-1b9947f55876');
INSERT INTO public.library_task_recommendations VALUES ('29a8acf6-8312-4f26-b773-7908d67d437f', 'affd787b-1e6c-4c9d-a2d4-42d38e9c72b8', '7bd1b8f8-020a-46bd-bff0-d4fba5910cac');
INSERT INTO public.library_task_recommendations VALUES ('450a47f4-a174-47d4-8c46-54d2fc12555f', '5a7861e6-948f-451e-8f2e-0c4fc1a2aced', '85abffe4-0558-462b-b17f-65d8f6ecb910');
INSERT INTO public.library_task_recommendations VALUES ('85c2c126-7d1c-4e39-8d73-03ebbf894804', 'b8ad2b92-18e3-4ba4-a833-cbad42648f0b', 'e92f3626-be91-47da-b197-77e6154f5a15');
INSERT INTO public.library_task_recommendations VALUES ('f89ac6f3-7598-490c-98e8-07b5986fcd0c', '064e56c8-0024-4cf5-8b11-8acce96c67da', '845518bd-2a56-47c7-92d7-220087939243');
INSERT INTO public.library_task_recommendations VALUES ('c0e9be57-d54a-4b59-8710-3ff9d964e414', '016a66cb-ed49-469f-a494-facf0fddbeba', '33e934a7-c837-4a28-b896-9e4612a6c810');
INSERT INTO public.library_task_recommendations VALUES ('637eba71-e353-42cc-8be8-7f40ad440514', 'b8ad2b92-18e3-4ba4-a833-cbad42648f0b', '845518bd-2a56-47c7-92d7-220087939243');
INSERT INTO public.library_task_recommendations VALUES ('ec04a3b9-8029-428d-95fe-62ae33873cd2', 'ab2071b5-e299-454a-adf0-f42ac141c936', '8b781386-e309-44d5-9b8d-35230f80119a');
INSERT INTO public.library_task_recommendations VALUES ('ec04a3b9-8029-428d-95fe-62ae33873cd2', '63256499-6af9-4600-8afd-3e9c24b3ea63', '98d73996-ac36-4dbd-8b6c-fa2682c421d4');
INSERT INTO public.library_task_recommendations VALUES ('23631748-7c0c-48f0-b0f8-e7e7bc676c18', '79548b0a-9a11-4a9f-bd66-e1aa601a77d8', '39005682-22f1-4888-a64b-71f70c0de936');
INSERT INTO public.library_task_recommendations VALUES ('8d379ebc-493e-48ab-a519-a201359d0ad7', 'affd787b-1e6c-4c9d-a2d4-42d38e9c72b8', '7bd1b8f8-020a-46bd-bff0-d4fba5910cac');
INSERT INTO public.library_task_recommendations VALUES ('35a07126-c052-4f57-b386-95581220cf05', '2330705c-290e-4010-9be4-62e7cb5d0477', '845518bd-2a56-47c7-92d7-220087939243');
INSERT INTO public.library_task_recommendations VALUES ('a6c64af7-4968-452e-9501-b2b1f050cbf6', '1a5bfa7b-999f-42ca-b3a3-3ab238c8abd6', '845518bd-2a56-47c7-92d7-220087939243');
INSERT INTO public.library_task_recommendations VALUES ('20758fec-c71a-4954-b1fa-6284e6782afc', 'b8ad2b92-18e3-4ba4-a833-cbad42648f0b', 'e92f3626-be91-47da-b197-77e6154f5a15');
INSERT INTO public.library_task_recommendations VALUES ('c0e9be57-d54a-4b59-8710-3ff9d964e414', '5a7861e6-948f-451e-8f2e-0c4fc1a2aced', 'e92f3626-be91-47da-b197-77e6154f5a15');
INSERT INTO public.library_task_recommendations VALUES ('e7c23039-78b3-46be-ab03-844a3140f358', '5075adf0-dc06-485a-9943-113e770334c1', 'e92f3626-be91-47da-b197-77e6154f5a15');
INSERT INTO public.library_task_recommendations VALUES ('7b9bcd4f-cc64-48eb-8d38-ab8988dda7f6', '1a5bfa7b-999f-42ca-b3a3-3ab238c8abd6', '62ca2539-c0c4-4920-aca8-60e8536e725d');
INSERT INTO public.library_task_recommendations VALUES ('a3de1387-17a5-4b9f-a6ea-391990d4a199', '1a5bfa7b-999f-42ca-b3a3-3ab238c8abd6', '62ca2539-c0c4-4920-aca8-60e8536e725d');
INSERT INTO public.library_task_recommendations VALUES ('d8217652-973e-4216-aea5-28ced89eac26', 'affd787b-1e6c-4c9d-a2d4-42d38e9c72b8', '7bd1b8f8-020a-46bd-bff0-d4fba5910cac');
INSERT INTO public.library_task_recommendations VALUES ('77cc07b4-fdcf-4a2b-a5e0-cc77e8c4ecc4', '3c3e7da5-5a46-4ad8-a12c-533555359614', '0b2da794-4f9a-4ec2-adc6-ddd15342ca5e');
INSERT INTO public.library_task_recommendations VALUES ('7b9bcd4f-cc64-48eb-8d38-ab8988dda7f6', '5a7861e6-948f-451e-8f2e-0c4fc1a2aced', 'ff161bca-e057-4045-a3fe-708b6569ab8a');
INSERT INTO public.library_task_recommendations VALUES ('29a8acf6-8312-4f26-b773-7908d67d437f', '79548b0a-9a11-4a9f-bd66-e1aa601a77d8', '08bbff19-ce5b-47c1-a680-4cd5d6d8866f');
INSERT INTO public.library_task_recommendations VALUES ('ee5fe360-3225-4deb-a51e-441ccddce65d', '1e49583a-08c8-4ea7-9ff7-4a81b166a753', 'ea323b12-7f98-4064-873c-92886cef07ec');
INSERT INTO public.library_task_recommendations VALUES ('beb35c74-0e4e-443c-8061-b91eb35d4bed', 'bb5c5324-d3bc-45da-bfff-5ea78aed8dba', 'a1944ad5-2895-436f-afa9-9a752dd81ecc');
INSERT INTO public.library_task_recommendations VALUES ('7a16673f-0ef8-4d12-8d33-9586cbfe1f54', '1a5bfa7b-999f-42ca-b3a3-3ab238c8abd6', '62ca2539-c0c4-4920-aca8-60e8536e725d');
INSERT INTO public.library_task_recommendations VALUES ('07236ab1-19c5-439d-8403-d5d544f31ab5', 'bb5c5324-d3bc-45da-bfff-5ea78aed8dba', '4092d3b1-67d7-495b-84b4-de224a1b9894');
INSERT INTO public.library_task_recommendations VALUES ('8d379ebc-493e-48ab-a519-a201359d0ad7', '1a5bfa7b-999f-42ca-b3a3-3ab238c8abd6', '845518bd-2a56-47c7-92d7-220087939243');
INSERT INTO public.library_task_recommendations VALUES ('a3de1387-17a5-4b9f-a6ea-391990d4a199', '1a5bfa7b-999f-42ca-b3a3-3ab238c8abd6', 'f52b676d-516e-4068-8878-050dfb32313f');
INSERT INTO public.library_task_recommendations VALUES ('b48e5589-9674-41eb-91f0-e4e7777cf4b2', '7924f0e9-090a-4121-9e67-ad1e0a9d5998', '730d586c-f9fc-48c2-bab9-018e5474b81c');
INSERT INTO public.library_task_recommendations VALUES ('8d379ebc-493e-48ab-a519-a201359d0ad7', '79548b0a-9a11-4a9f-bd66-e1aa601a77d8', '08bbff19-ce5b-47c1-a680-4cd5d6d8866f');
INSERT INTO public.library_task_recommendations VALUES ('13973c9b-95e5-424c-b2ca-930682b57cbd', '5a7861e6-948f-451e-8f2e-0c4fc1a2aced', '62ca2539-c0c4-4920-aca8-60e8536e725d');
INSERT INTO public.library_task_recommendations VALUES ('d280ee9d-ad2d-4a83-8af8-f61bca0a7057', '7924f0e9-090a-4121-9e67-ad1e0a9d5998', '253829fa-56ea-40a7-a938-cceee82cd7d6');
INSERT INTO public.library_task_recommendations VALUES ('bf77f03b-0088-4161-b20d-2e12681693a5', '1a5bfa7b-999f-42ca-b3a3-3ab238c8abd6', 'f52b676d-516e-4068-8878-050dfb32313f');
INSERT INTO public.library_task_recommendations VALUES ('ed717165-b18b-4f07-ba6a-f4a4e046123b', '1a5bfa7b-999f-42ca-b3a3-3ab238c8abd6', '2c285dc8-124f-4ebb-b913-3ca8ebf49f5a');
INSERT INTO public.library_task_recommendations VALUES ('c2fed5e6-58c5-4b6b-b299-09d617f99f39', '2330705c-290e-4010-9be4-62e7cb5d0477', 'b9434a7d-62cc-4dc7-9e8e-02d418af7f7a');
INSERT INTO public.library_task_recommendations VALUES ('35a07126-c052-4f57-b386-95581220cf05', '1a5bfa7b-999f-42ca-b3a3-3ab238c8abd6', '8897d760-3e77-499b-a3b8-ef060ac5fbd9');
INSERT INTO public.library_task_recommendations VALUES ('c0406c51-8e6f-4e27-bf72-cf80ac508277', 'cc751338-928a-499a-b1dd-87b9ecc573fd', '9445a787-c4cb-4fb2-8a49-1b9947f55876');
INSERT INTO public.library_task_recommendations VALUES ('7b9bcd4f-cc64-48eb-8d38-ab8988dda7f6', '064e56c8-0024-4cf5-8b11-8acce96c67da', '845518bd-2a56-47c7-92d7-220087939243');
INSERT INTO public.library_task_recommendations VALUES ('9071983c-5123-475f-9f1c-351c6756a5a5', '63256499-6af9-4600-8afd-3e9c24b3ea63', 'e92f3626-be91-47da-b197-77e6154f5a15');
INSERT INTO public.library_task_recommendations VALUES ('48253a67-cad2-4fe0-bce8-9089465936e0', 'be591329-a272-4e0f-8277-98df369fc821', '359a02e2-7330-4175-a5b6-ef918e7d4158');
INSERT INTO public.library_task_recommendations VALUES ('ac1e15a5-7021-48a6-a88d-b9799b6355ea', '78f5391a-d554-45ff-b13a-de230817806c', 'e92f3626-be91-47da-b197-77e6154f5a15');
INSERT INTO public.library_task_recommendations VALUES ('450a47f4-a174-47d4-8c46-54d2fc12555f', '23b011d4-4cb2-4526-9761-e247d506557a', 'd8251088-33df-44b9-8286-3e11d80645d1');
INSERT INTO public.library_task_recommendations VALUES ('e0d4426a-400b-48b3-abdc-940648d53c28', '016a66cb-ed49-469f-a494-facf0fddbeba', '6abcda1e-947c-4f1e-b913-18bc96c23334');
INSERT INTO public.library_task_recommendations VALUES ('07236ab1-19c5-439d-8403-d5d544f31ab5', 'bb5c5324-d3bc-45da-bfff-5ea78aed8dba', 'b4380ba8-f086-4c83-b3f6-876d94d00239');
INSERT INTO public.library_task_recommendations VALUES ('2ce1dddc-72d6-4fae-b639-f855171abf00', 'affd787b-1e6c-4c9d-a2d4-42d38e9c72b8', 'cf25cc91-be50-4117-aced-c8a8f83db846');
INSERT INTO public.library_task_recommendations VALUES ('37a72bab-91b2-41b4-bd83-107a5a4b4951', '1a5bfa7b-999f-42ca-b3a3-3ab238c8abd6', '62ca2539-c0c4-4920-aca8-60e8536e725d');
INSERT INTO public.library_task_recommendations VALUES ('24a278d2-7563-4030-8d0e-c68c67523290', 'cc751338-928a-499a-b1dd-87b9ecc573fd', '845518bd-2a56-47c7-92d7-220087939243');
INSERT INTO public.library_task_recommendations VALUES ('7a16673f-0ef8-4d12-8d33-9586cbfe1f54', '064e56c8-0024-4cf5-8b11-8acce96c67da', '845518bd-2a56-47c7-92d7-220087939243');
INSERT INTO public.library_task_recommendations VALUES ('22232ece-c66b-45db-9dd1-162c3c92d017', '23b011d4-4cb2-4526-9761-e247d506557a', 'd8251088-33df-44b9-8286-3e11d80645d1');
INSERT INTO public.library_task_recommendations VALUES ('29a8acf6-8312-4f26-b773-7908d67d437f', '29ba89ae-b023-4799-a333-acce29102862', '6abcda1e-947c-4f1e-b913-18bc96c23334');
INSERT INTO public.library_task_recommendations VALUES ('b48e5589-9674-41eb-91f0-e4e7777cf4b2', '23041379-366e-4ab2-a0db-a18b569bdafb', '9e21d7c7-3276-406e-951e-a710c5c3f35a');
INSERT INTO public.library_task_recommendations VALUES ('238d46eb-72ba-47ee-8742-99ed25567366', '29ba89ae-b023-4799-a333-acce29102862', '6abcda1e-947c-4f1e-b913-18bc96c23334');
INSERT INTO public.library_task_recommendations VALUES ('ac1e15a5-7021-48a6-a88d-b9799b6355ea', 'bb5c5324-d3bc-45da-bfff-5ea78aed8dba', '4c51e9cb-0bce-49cb-a3e0-2362864013eb');
INSERT INTO public.library_task_recommendations VALUES ('bf77f03b-0088-4161-b20d-2e12681693a5', 'affd787b-1e6c-4c9d-a2d4-42d38e9c72b8', '845518bd-2a56-47c7-92d7-220087939243');
INSERT INTO public.library_task_recommendations VALUES ('3fc9c105-f594-41be-9f24-c5c74cb495ad', '98c1f174-ca8d-4c5a-98d7-827ebfc2a1c8', '53a4afff-cfd5-4b30-89af-3d875f62722a');
INSERT INTO public.library_task_recommendations VALUES ('37a72bab-91b2-41b4-bd83-107a5a4b4951', '1a5bfa7b-999f-42ca-b3a3-3ab238c8abd6', 'f52b676d-516e-4068-8878-050dfb32313f');
INSERT INTO public.library_task_recommendations VALUES ('85c2c126-7d1c-4e39-8d73-03ebbf894804', '63256499-6af9-4600-8afd-3e9c24b3ea63', '98d73996-ac36-4dbd-8b6c-fa2682c421d4');
INSERT INTO public.library_task_recommendations VALUES ('f89ac6f3-7598-490c-98e8-07b5986fcd0c', '23041379-366e-4ab2-a0db-a18b569bdafb', '9e21d7c7-3276-406e-951e-a710c5c3f35a');
INSERT INTO public.library_task_recommendations VALUES ('3dc04aa4-58b9-40b2-a34b-bb3c59d91120', 'affd787b-1e6c-4c9d-a2d4-42d38e9c72b8', '845518bd-2a56-47c7-92d7-220087939243');
INSERT INTO public.library_task_recommendations VALUES ('ee5fe360-3225-4deb-a51e-441ccddce65d', 'affd787b-1e6c-4c9d-a2d4-42d38e9c72b8', '845518bd-2a56-47c7-92d7-220087939243');
INSERT INTO public.library_task_recommendations VALUES ('9c924f91-1675-42e7-b62d-8cca55a6e4c0', '79548b0a-9a11-4a9f-bd66-e1aa601a77d8', '7d39bcf4-6f3d-4daa-914d-6335018fbcf8');
INSERT INTO public.library_task_recommendations VALUES ('ac1e15a5-7021-48a6-a88d-b9799b6355ea', '23041379-366e-4ab2-a0db-a18b569bdafb', 'e92f3626-be91-47da-b197-77e6154f5a15');
INSERT INTO public.library_task_recommendations VALUES ('66ef2d32-22fe-4a07-8d6c-2dde41a9df50', '29ba89ae-b023-4799-a333-acce29102862', '25ae5c04-3dab-4c7d-bf0d-2317fd997619');
INSERT INTO public.library_task_recommendations VALUES ('c2fed5e6-58c5-4b6b-b299-09d617f99f39', '63256499-6af9-4600-8afd-3e9c24b3ea63', 'e92f3626-be91-47da-b197-77e6154f5a15');
INSERT INTO public.library_task_recommendations VALUES ('450a47f4-a174-47d4-8c46-54d2fc12555f', '98c1f174-ca8d-4c5a-98d7-827ebfc2a1c8', 'e92f3626-be91-47da-b197-77e6154f5a15');
INSERT INTO public.library_task_recommendations VALUES ('9d9464e3-c15d-4653-b2dc-25959015bb61', '79548b0a-9a11-4a9f-bd66-e1aa601a77d8', '08bbff19-ce5b-47c1-a680-4cd5d6d8866f');
INSERT INTO public.library_task_recommendations VALUES ('450a47f4-a174-47d4-8c46-54d2fc12555f', '064e56c8-0024-4cf5-8b11-8acce96c67da', '62ca2539-c0c4-4920-aca8-60e8536e725d');
INSERT INTO public.library_task_recommendations VALUES ('aa5c660c-2a51-40c4-bbf4-4543052ec064', 'affd787b-1e6c-4c9d-a2d4-42d38e9c72b8', '7bd1b8f8-020a-46bd-bff0-d4fba5910cac');
INSERT INTO public.library_task_recommendations VALUES ('27a4547a-3167-4087-be03-cc7568097936', '5075adf0-dc06-485a-9943-113e770334c1', '845518bd-2a56-47c7-92d7-220087939243');
INSERT INTO public.library_task_recommendations VALUES ('ff20527c-5375-4bb6-91e0-b280e9d6ffca', '29ba89ae-b023-4799-a333-acce29102862', '6abcda1e-947c-4f1e-b913-18bc96c23334');
INSERT INTO public.library_task_recommendations VALUES ('195f89bf-b80a-4853-8c73-972017ba8a50', '064e56c8-0024-4cf5-8b11-8acce96c67da', '62ca2539-c0c4-4920-aca8-60e8536e725d');
INSERT INTO public.library_task_recommendations VALUES ('7b9bcd4f-cc64-48eb-8d38-ab8988dda7f6', '1a5bfa7b-999f-42ca-b3a3-3ab238c8abd6', '2c285dc8-124f-4ebb-b913-3ca8ebf49f5a');
INSERT INTO public.library_task_recommendations VALUES ('a3de1387-17a5-4b9f-a6ea-391990d4a199', '1a5bfa7b-999f-42ca-b3a3-3ab238c8abd6', '2c285dc8-124f-4ebb-b913-3ca8ebf49f5a');
INSERT INTO public.library_task_recommendations VALUES ('24a278d2-7563-4030-8d0e-c68c67523290', 'b8ad2b92-18e3-4ba4-a833-cbad42648f0b', '845518bd-2a56-47c7-92d7-220087939243');
INSERT INTO public.library_task_recommendations VALUES ('4609fbd4-c55b-4cdc-9302-7c0a8794643f', 'affd787b-1e6c-4c9d-a2d4-42d38e9c72b8', '7bd1b8f8-020a-46bd-bff0-d4fba5910cac');
INSERT INTO public.library_task_recommendations VALUES ('8d379ebc-493e-48ab-a519-a201359d0ad7', '064e56c8-0024-4cf5-8b11-8acce96c67da', 'e92f3626-be91-47da-b197-77e6154f5a15');
INSERT INTO public.library_task_recommendations VALUES ('2593f81a-3c6a-4916-8590-51fc9b934207', '29ba89ae-b023-4799-a333-acce29102862', '6abcda1e-947c-4f1e-b913-18bc96c23334');
INSERT INTO public.library_task_recommendations VALUES ('ee5fe360-3225-4deb-a51e-441ccddce65d', '63256499-6af9-4600-8afd-3e9c24b3ea63', 'e92f3626-be91-47da-b197-77e6154f5a15');
INSERT INTO public.library_task_recommendations VALUES ('3fc9c105-f594-41be-9f24-c5c74cb495ad', 'ab2071b5-e299-454a-adf0-f42ac141c936', 'ff161bca-e057-4045-a3fe-708b6569ab8a');
INSERT INTO public.library_task_recommendations VALUES ('35a07126-c052-4f57-b386-95581220cf05', '23b011d4-4cb2-4526-9761-e247d506557a', 'd8251088-33df-44b9-8286-3e11d80645d1');
INSERT INTO public.library_task_recommendations VALUES ('199ce778-1eed-4a6f-9401-3fefe1b1baac', '29ba89ae-b023-4799-a333-acce29102862', '6abcda1e-947c-4f1e-b913-18bc96c23334');
INSERT INTO public.library_task_recommendations VALUES ('c0e9be57-d54a-4b59-8710-3ff9d964e414', '016a66cb-ed49-469f-a494-facf0fddbeba', '8aac579e-b59c-4252-8939-c799b7f9166d');
INSERT INTO public.library_task_recommendations VALUES ('c0e9be57-d54a-4b59-8710-3ff9d964e414', '1a5bfa7b-999f-42ca-b3a3-3ab238c8abd6', '845518bd-2a56-47c7-92d7-220087939243');
INSERT INTO public.library_task_recommendations VALUES ('f4202f63-3ec3-442a-8c44-788d8d9c8fee', 'affd787b-1e6c-4c9d-a2d4-42d38e9c72b8', '845518bd-2a56-47c7-92d7-220087939243');
INSERT INTO public.library_task_recommendations VALUES ('1d4de35b-2025-4fd4-b9f9-e6f29548c304', '25a02bff-ad3c-4291-8f57-b7cff5018a88', '496344fb-1c4d-4b89-bc32-9ba7b50f619e');
INSERT INTO public.library_task_recommendations VALUES ('eebe5e56-d8c2-4816-b819-3ba0da0d6566', '98c1f174-ca8d-4c5a-98d7-827ebfc2a1c8', '845518bd-2a56-47c7-92d7-220087939243');
INSERT INTO public.library_task_recommendations VALUES ('23631748-7c0c-48f0-b0f8-e7e7bc676c18', 'b8ad2b92-18e3-4ba4-a833-cbad42648f0b', '62ca2539-c0c4-4920-aca8-60e8536e725d');
INSERT INTO public.library_task_recommendations VALUES ('b48e5589-9674-41eb-91f0-e4e7777cf4b2', '29ba89ae-b023-4799-a333-acce29102862', '6abcda1e-947c-4f1e-b913-18bc96c23334');
INSERT INTO public.library_task_recommendations VALUES ('b1738bbd-1570-482d-91ee-ad64ccfb3aea', 'a12b15fd-d553-4eb5-86a6-3d4af789f5c3', '4ae1251c-d1ea-4ed1-b0b5-9a27b800ff3e');
INSERT INTO public.library_task_recommendations VALUES ('c0e9be57-d54a-4b59-8710-3ff9d964e414', '5075adf0-dc06-485a-9943-113e770334c1', 'e92f3626-be91-47da-b197-77e6154f5a15');
INSERT INTO public.library_task_recommendations VALUES ('bf77f03b-0088-4161-b20d-2e12681693a5', 'b8ad2b92-18e3-4ba4-a833-cbad42648f0b', 'e92f3626-be91-47da-b197-77e6154f5a15');
INSERT INTO public.library_task_recommendations VALUES ('beb35c74-0e4e-443c-8061-b91eb35d4bed', 'bb5c5324-d3bc-45da-bfff-5ea78aed8dba', '85abffe4-0558-462b-b17f-65d8f6ecb910');
INSERT INTO public.library_task_recommendations VALUES ('ee5fe360-3225-4deb-a51e-441ccddce65d', 'bb5c5324-d3bc-45da-bfff-5ea78aed8dba', '1b79d139-38b2-44f7-aefc-e2871e2d46d9');
INSERT INTO public.library_task_recommendations VALUES ('23631748-7c0c-48f0-b0f8-e7e7bc676c18', '78f5391a-d554-45ff-b13a-de230817806c', 'ddb617a0-9e06-4599-9b99-3e36e7b5ee28');
INSERT INTO public.library_task_recommendations VALUES ('b0702e49-5604-4c8a-a0b6-8bd51ba1db68', '064e56c8-0024-4cf5-8b11-8acce96c67da', '845518bd-2a56-47c7-92d7-220087939243');
INSERT INTO public.library_task_recommendations VALUES ('195f89bf-b80a-4853-8c73-972017ba8a50', '2330705c-290e-4010-9be4-62e7cb5d0477', 'b9434a7d-62cc-4dc7-9e8e-02d418af7f7a');
INSERT INTO public.library_task_recommendations VALUES ('9071983c-5123-475f-9f1c-351c6756a5a5', 'ab2071b5-e299-454a-adf0-f42ac141c936', '8b781386-e309-44d5-9b8d-35230f80119a');
INSERT INTO public.library_task_recommendations VALUES ('7b9bcd4f-cc64-48eb-8d38-ab8988dda7f6', 'cc751338-928a-499a-b1dd-87b9ecc573fd', '9445a787-c4cb-4fb2-8a49-1b9947f55876');
INSERT INTO public.library_task_recommendations VALUES ('3dc04aa4-58b9-40b2-a34b-bb3c59d91120', 'affd787b-1e6c-4c9d-a2d4-42d38e9c72b8', '7bd1b8f8-020a-46bd-bff0-d4fba5910cac');
INSERT INTO public.library_task_recommendations VALUES ('37a72bab-91b2-41b4-bd83-107a5a4b4951', '1a5bfa7b-999f-42ca-b3a3-3ab238c8abd6', '2c285dc8-124f-4ebb-b913-3ca8ebf49f5a');
INSERT INTO public.library_task_recommendations VALUES ('a36c2136-e8ad-45e7-a32e-1f515edca089', '894c82ea-4cc4-476d-8eb4-555f53686f7b', '8aac579e-b59c-4252-8939-c799b7f9166d');
INSERT INTO public.library_task_recommendations VALUES ('35a07126-c052-4f57-b386-95581220cf05', '2330705c-290e-4010-9be4-62e7cb5d0477', '62ca2539-c0c4-4920-aca8-60e8536e725d');
INSERT INTO public.library_task_recommendations VALUES ('37a72bab-91b2-41b4-bd83-107a5a4b4951', '23041379-366e-4ab2-a0db-a18b569bdafb', '9e21d7c7-3276-406e-951e-a710c5c3f35a');
INSERT INTO public.library_task_recommendations VALUES ('a6c64af7-4968-452e-9501-b2b1f050cbf6', '1a5bfa7b-999f-42ca-b3a3-3ab238c8abd6', '62ca2539-c0c4-4920-aca8-60e8536e725d');
INSERT INTO public.library_task_recommendations VALUES ('24a278d2-7563-4030-8d0e-c68c67523290', '5a7861e6-948f-451e-8f2e-0c4fc1a2aced', 'ff161bca-e057-4045-a3fe-708b6569ab8a');
INSERT INTO public.library_task_recommendations VALUES ('c0406c51-8e6f-4e27-bf72-cf80ac508277', '2330705c-290e-4010-9be4-62e7cb5d0477', 'b9434a7d-62cc-4dc7-9e8e-02d418af7f7a');
INSERT INTO public.library_task_recommendations VALUES ('ac1e15a5-7021-48a6-a88d-b9799b6355ea', '016a66cb-ed49-469f-a494-facf0fddbeba', '873def37-dd23-4abe-acdb-81eab0602c08');
INSERT INTO public.library_task_recommendations VALUES ('3dc04aa4-58b9-40b2-a34b-bb3c59d91120', '064e56c8-0024-4cf5-8b11-8acce96c67da', '8897d760-3e77-499b-a3b8-ef060ac5fbd9');
INSERT INTO public.library_task_recommendations VALUES ('238d46eb-72ba-47ee-8742-99ed25567366', '5a7861e6-948f-451e-8f2e-0c4fc1a2aced', '85abffe4-0558-462b-b17f-65d8f6ecb910');
INSERT INTO public.library_task_recommendations VALUES ('ac1e15a5-7021-48a6-a88d-b9799b6355ea', 'bb5c5324-d3bc-45da-bfff-5ea78aed8dba', 'd9b46efa-f00e-4ac9-b550-0541dda61246');
INSERT INTO public.library_task_recommendations VALUES ('195f89bf-b80a-4853-8c73-972017ba8a50', '5a7861e6-948f-451e-8f2e-0c4fc1a2aced', '62ca2539-c0c4-4920-aca8-60e8536e725d');
INSERT INTO public.library_task_recommendations VALUES ('01baa494-99c5-43bf-aa8a-53a6f4732924', '78f5391a-d554-45ff-b13a-de230817806c', '1f482f5a-820b-4710-8ecf-d6a816d6e96b');
INSERT INTO public.library_task_recommendations VALUES ('238d46eb-72ba-47ee-8742-99ed25567366', '064e56c8-0024-4cf5-8b11-8acce96c67da', '845518bd-2a56-47c7-92d7-220087939243');
INSERT INTO public.library_task_recommendations VALUES ('c7f383d0-c01e-43fc-8d62-c262862aca69', 'bb5c5324-d3bc-45da-bfff-5ea78aed8dba', 'ff161bca-e057-4045-a3fe-708b6569ab8a');
INSERT INTO public.library_task_recommendations VALUES ('ed0a3403-fa19-460b-b2fe-32ca0d1063e1', '064e56c8-0024-4cf5-8b11-8acce96c67da', '62ca2539-c0c4-4920-aca8-60e8536e725d');
INSERT INTO public.library_task_recommendations VALUES ('f4202f63-3ec3-442a-8c44-788d8d9c8fee', 'b8ad2b92-18e3-4ba4-a833-cbad42648f0b', 'e92f3626-be91-47da-b197-77e6154f5a15');
INSERT INTO public.library_task_recommendations VALUES ('c0406c51-8e6f-4e27-bf72-cf80ac508277', '5a7861e6-948f-451e-8f2e-0c4fc1a2aced', '62ca2539-c0c4-4920-aca8-60e8536e725d');
INSERT INTO public.library_task_recommendations VALUES ('beb35c74-0e4e-443c-8061-b91eb35d4bed', '63256499-6af9-4600-8afd-3e9c24b3ea63', 'e92f3626-be91-47da-b197-77e6154f5a15');
INSERT INTO public.library_task_recommendations VALUES ('d8217652-973e-4216-aea5-28ced89eac26', '5075adf0-dc06-485a-9943-113e770334c1', '730d586c-f9fc-48c2-bab9-018e5474b81c');
INSERT INTO public.library_task_recommendations VALUES ('2593f81a-3c6a-4916-8590-51fc9b934207', '79548b0a-9a11-4a9f-bd66-e1aa601a77d8', '39005682-22f1-4888-a64b-71f70c0de936');
INSERT INTO public.library_task_recommendations VALUES ('c2fed5e6-58c5-4b6b-b299-09d617f99f39', '63256499-6af9-4600-8afd-3e9c24b3ea63', '98d73996-ac36-4dbd-8b6c-fa2682c421d4');
INSERT INTO public.library_task_recommendations VALUES ('20758fec-c71a-4954-b1fa-6284e6782afc', '1a5bfa7b-999f-42ca-b3a3-3ab238c8abd6', '62ca2539-c0c4-4920-aca8-60e8536e725d');
INSERT INTO public.library_task_recommendations VALUES ('199ce778-1eed-4a6f-9401-3fefe1b1baac', '79548b0a-9a11-4a9f-bd66-e1aa601a77d8', '39005682-22f1-4888-a64b-71f70c0de936');
INSERT INTO public.library_task_recommendations VALUES ('3dc04aa4-58b9-40b2-a34b-bb3c59d91120', 'ab2071b5-e299-454a-adf0-f42ac141c936', '6f005259-0fc3-4fd2-bcf7-b2bf67d44766');
INSERT INTO public.library_task_recommendations VALUES ('23631748-7c0c-48f0-b0f8-e7e7bc676c18', '016a66cb-ed49-469f-a494-facf0fddbeba', 'ea323b12-7f98-4064-873c-92886cef07ec');
INSERT INTO public.library_task_recommendations VALUES ('d8217652-973e-4216-aea5-28ced89eac26', 'affd787b-1e6c-4c9d-a2d4-42d38e9c72b8', '845518bd-2a56-47c7-92d7-220087939243');
INSERT INTO public.library_task_recommendations VALUES ('48253a67-cad2-4fe0-bce8-9089465936e0', '98c1f174-ca8d-4c5a-98d7-827ebfc2a1c8', '53a4afff-cfd5-4b30-89af-3d875f62722a');
INSERT INTO public.library_task_recommendations VALUES ('4609fbd4-c55b-4cdc-9302-7c0a8794643f', '78f5391a-d554-45ff-b13a-de230817806c', '0f2534da-adad-4dab-a700-8d1493f5ba82');
INSERT INTO public.library_task_recommendations VALUES ('a6c64af7-4968-452e-9501-b2b1f050cbf6', '064e56c8-0024-4cf5-8b11-8acce96c67da', '845518bd-2a56-47c7-92d7-220087939243');
INSERT INTO public.library_task_recommendations VALUES ('ad7a3d5c-ea72-45ed-a849-96540c68d337', 'c320a9da-bb14-4d0b-8998-97ca037cc30e', 'dc925cd9-a7bd-4a68-b61b-389fe09289d9');
INSERT INTO public.library_task_recommendations VALUES ('ee5fe360-3225-4deb-a51e-441ccddce65d', '63256499-6af9-4600-8afd-3e9c24b3ea63', '98d73996-ac36-4dbd-8b6c-fa2682c421d4');
INSERT INTO public.library_task_recommendations VALUES ('beb35c74-0e4e-443c-8061-b91eb35d4bed', 'bb5c5324-d3bc-45da-bfff-5ea78aed8dba', '845518bd-2a56-47c7-92d7-220087939243');
INSERT INTO public.library_task_recommendations VALUES ('450a47f4-a174-47d4-8c46-54d2fc12555f', '5a7861e6-948f-451e-8f2e-0c4fc1a2aced', '62ca2539-c0c4-4920-aca8-60e8536e725d');
INSERT INTO public.library_task_recommendations VALUES ('ed717165-b18b-4f07-ba6a-f4a4e046123b', '1a5bfa7b-999f-42ca-b3a3-3ab238c8abd6', 'f03198ec-d56a-434b-aa72-f21a7e80eed2');
INSERT INTO public.library_task_recommendations VALUES ('f4202f63-3ec3-442a-8c44-788d8d9c8fee', '1a5bfa7b-999f-42ca-b3a3-3ab238c8abd6', '845518bd-2a56-47c7-92d7-220087939243');
INSERT INTO public.library_task_recommendations VALUES ('3dc04aa4-58b9-40b2-a34b-bb3c59d91120', '016a66cb-ed49-469f-a494-facf0fddbeba', '6f005259-0fc3-4fd2-bcf7-b2bf67d44766');
INSERT INTO public.library_task_recommendations VALUES ('d280ee9d-ad2d-4a83-8af8-f61bca0a7057', 'affd787b-1e6c-4c9d-a2d4-42d38e9c72b8', '845518bd-2a56-47c7-92d7-220087939243');
INSERT INTO public.library_task_recommendations VALUES ('238d46eb-72ba-47ee-8742-99ed25567366', '1a5bfa7b-999f-42ca-b3a3-3ab238c8abd6', '2c285dc8-124f-4ebb-b913-3ca8ebf49f5a');
INSERT INTO public.library_task_recommendations VALUES ('f859c660-0513-4470-9d86-06c5c9643314', '016a66cb-ed49-469f-a494-facf0fddbeba', 'a033267d-7322-42c8-b011-4015d68b2bc2');
INSERT INTO public.library_task_recommendations VALUES ('7a16673f-0ef8-4d12-8d33-9586cbfe1f54', '064e56c8-0024-4cf5-8b11-8acce96c67da', '62ca2539-c0c4-4920-aca8-60e8536e725d');
INSERT INTO public.library_task_recommendations VALUES ('3dc04aa4-58b9-40b2-a34b-bb3c59d91120', 'affd787b-1e6c-4c9d-a2d4-42d38e9c72b8', '39005682-22f1-4888-a64b-71f70c0de936');
INSERT INTO public.library_task_recommendations VALUES ('9d9464e3-c15d-4653-b2dc-25959015bb61', '1a5bfa7b-999f-42ca-b3a3-3ab238c8abd6', 'f52b676d-516e-4068-8878-050dfb32313f');
INSERT INTO public.library_task_recommendations VALUES ('195f89bf-b80a-4853-8c73-972017ba8a50', 'cc751338-928a-499a-b1dd-87b9ecc573fd', '9445a787-c4cb-4fb2-8a49-1b9947f55876');
INSERT INTO public.library_task_recommendations VALUES ('29a8acf6-8312-4f26-b773-7908d67d437f', '064e56c8-0024-4cf5-8b11-8acce96c67da', '7bd1b8f8-020a-46bd-bff0-d4fba5910cac');
INSERT INTO public.library_task_recommendations VALUES ('c7f383d0-c01e-43fc-8d62-c262862aca69', '1a5bfa7b-999f-42ca-b3a3-3ab238c8abd6', '845518bd-2a56-47c7-92d7-220087939243');
INSERT INTO public.library_task_recommendations VALUES ('7b9bcd4f-cc64-48eb-8d38-ab8988dda7f6', '98c1f174-ca8d-4c5a-98d7-827ebfc2a1c8', 'ff161bca-e057-4045-a3fe-708b6569ab8a');
INSERT INTO public.library_task_recommendations VALUES ('9d9464e3-c15d-4653-b2dc-25959015bb61', '5075adf0-dc06-485a-9943-113e770334c1', '730d586c-f9fc-48c2-bab9-018e5474b81c');
INSERT INTO public.library_task_recommendations VALUES ('b0702e49-5604-4c8a-a0b6-8bd51ba1db68', '79548b0a-9a11-4a9f-bd66-e1aa601a77d8', '7d39bcf4-6f3d-4daa-914d-6335018fbcf8');
INSERT INTO public.library_task_recommendations VALUES ('ee5fe360-3225-4deb-a51e-441ccddce65d', '29ba89ae-b023-4799-a333-acce29102862', '6abcda1e-947c-4f1e-b913-18bc96c23334');
INSERT INTO public.library_task_recommendations VALUES ('eebe5e56-d8c2-4816-b819-3ba0da0d6566', '016a66cb-ed49-469f-a494-facf0fddbeba', 'a033267d-7322-42c8-b011-4015d68b2bc2');
INSERT INTO public.library_task_recommendations VALUES ('22232ece-c66b-45db-9dd1-162c3c92d017', '98c1f174-ca8d-4c5a-98d7-827ebfc2a1c8', '845518bd-2a56-47c7-92d7-220087939243');
INSERT INTO public.library_task_recommendations VALUES ('23631748-7c0c-48f0-b0f8-e7e7bc676c18', '23b011d4-4cb2-4526-9761-e247d506557a', 'd8251088-33df-44b9-8286-3e11d80645d1');
INSERT INTO public.library_task_recommendations VALUES ('ed0a3403-fa19-460b-b2fe-32ca0d1063e1', '5075adf0-dc06-485a-9943-113e770334c1', '6abcda1e-947c-4f1e-b913-18bc96c23334');
INSERT INTO public.library_task_recommendations VALUES ('e7c23039-78b3-46be-ab03-844a3140f358', 'affd787b-1e6c-4c9d-a2d4-42d38e9c72b8', '08bbff19-ce5b-47c1-a680-4cd5d6d8866f');
INSERT INTO public.library_task_recommendations VALUES ('e7c23039-78b3-46be-ab03-844a3140f358', '064e56c8-0024-4cf5-8b11-8acce96c67da', '845518bd-2a56-47c7-92d7-220087939243');
INSERT INTO public.library_task_recommendations VALUES ('a3de1387-17a5-4b9f-a6ea-391990d4a199', 'affd787b-1e6c-4c9d-a2d4-42d38e9c72b8', '25ae5c04-3dab-4c7d-bf0d-2317fd997619');
INSERT INTO public.library_task_recommendations VALUES ('ee5fe360-3225-4deb-a51e-441ccddce65d', '016a66cb-ed49-469f-a494-facf0fddbeba', '33e934a7-c837-4a28-b896-9e4612a6c810');
INSERT INTO public.library_task_recommendations VALUES ('ee5fe360-3225-4deb-a51e-441ccddce65d', '016a66cb-ed49-469f-a494-facf0fddbeba', 'a033267d-7322-42c8-b011-4015d68b2bc2');
INSERT INTO public.library_task_recommendations VALUES ('29a8acf6-8312-4f26-b773-7908d67d437f', '1a5bfa7b-999f-42ca-b3a3-3ab238c8abd6', '2c285dc8-124f-4ebb-b913-3ca8ebf49f5a');
INSERT INTO public.library_task_recommendations VALUES ('2ce1dddc-72d6-4fae-b639-f855171abf00', '2330705c-290e-4010-9be4-62e7cb5d0477', 'b9434a7d-62cc-4dc7-9e8e-02d418af7f7a');
INSERT INTO public.library_task_recommendations VALUES ('ed0a3403-fa19-460b-b2fe-32ca0d1063e1', 'affd787b-1e6c-4c9d-a2d4-42d38e9c72b8', '845518bd-2a56-47c7-92d7-220087939243');
INSERT INTO public.library_task_recommendations VALUES ('ee5fe360-3225-4deb-a51e-441ccddce65d', '064e56c8-0024-4cf5-8b11-8acce96c67da', 'e92f3626-be91-47da-b197-77e6154f5a15');
INSERT INTO public.library_task_recommendations VALUES ('223b04e9-62fa-4cf9-97f7-42d7e63994f0', '7924f0e9-090a-4121-9e67-ad1e0a9d5998', '0707486a-fd22-4959-887c-a0cd930ec087');
INSERT INTO public.library_task_recommendations VALUES ('bf77f03b-0088-4161-b20d-2e12681693a5', '1a5bfa7b-999f-42ca-b3a3-3ab238c8abd6', '62ca2539-c0c4-4920-aca8-60e8536e725d');
INSERT INTO public.library_task_recommendations VALUES ('7b79a1b8-fe2c-4fe5-94a0-81409c033212', '1a5bfa7b-999f-42ca-b3a3-3ab238c8abd6', '845518bd-2a56-47c7-92d7-220087939243');
INSERT INTO public.library_task_recommendations VALUES ('1e2a329c-a413-41a4-90f3-9c2d6f3fe6b3', '5a7861e6-948f-451e-8f2e-0c4fc1a2aced', '359a02e2-7330-4175-a5b6-ef918e7d4158');
INSERT INTO public.library_task_recommendations VALUES ('23631748-7c0c-48f0-b0f8-e7e7bc676c18', '016a66cb-ed49-469f-a494-facf0fddbeba', 'a033267d-7322-42c8-b011-4015d68b2bc2');
INSERT INTO public.library_task_recommendations VALUES ('ac1e15a5-7021-48a6-a88d-b9799b6355ea', '5a7861e6-948f-451e-8f2e-0c4fc1a2aced', 'ff161bca-e057-4045-a3fe-708b6569ab8a');
INSERT INTO public.library_task_recommendations VALUES ('4880814a-ec17-4825-8757-67d8ff7862df', 'affd787b-1e6c-4c9d-a2d4-42d38e9c72b8', '845518bd-2a56-47c7-92d7-220087939243');
INSERT INTO public.library_task_recommendations VALUES ('d280ee9d-ad2d-4a83-8af8-f61bca0a7057', 'affd787b-1e6c-4c9d-a2d4-42d38e9c72b8', '7bd1b8f8-020a-46bd-bff0-d4fba5910cac');
INSERT INTO public.library_task_recommendations VALUES ('223b04e9-62fa-4cf9-97f7-42d7e63994f0', '7924f0e9-090a-4121-9e67-ad1e0a9d5998', '730d586c-f9fc-48c2-bab9-018e5474b81c');
INSERT INTO public.library_task_recommendations VALUES ('beb35c74-0e4e-443c-8061-b91eb35d4bed', '63256499-6af9-4600-8afd-3e9c24b3ea63', '98d73996-ac36-4dbd-8b6c-fa2682c421d4');
INSERT INTO public.library_task_recommendations VALUES ('223b04e9-62fa-4cf9-97f7-42d7e63994f0', '0db44d38-fa65-4aa5-99bd-ab4a7ec0c880', '52182601-b5ef-4526-ad02-5d63f5b75e84');
INSERT INTO public.library_task_recommendations VALUES ('20758fec-c71a-4954-b1fa-6284e6782afc', '1a5bfa7b-999f-42ca-b3a3-3ab238c8abd6', '2c285dc8-124f-4ebb-b913-3ca8ebf49f5a');
INSERT INTO public.library_task_recommendations VALUES ('7b79a1b8-fe2c-4fe5-94a0-81409c033212', '5a7861e6-948f-451e-8f2e-0c4fc1a2aced', '1a4fcf20-634f-4959-bf07-7baef3cbcd55');
INSERT INTO public.library_task_recommendations VALUES ('ad7a3d5c-ea72-45ed-a849-96540c68d337', 'c320a9da-bb14-4d0b-8998-97ca037cc30e', 'd70916ec-4afc-4d6f-bba9-0f88b3edcee9');
INSERT INTO public.library_task_recommendations VALUES ('22232ece-c66b-45db-9dd1-162c3c92d017', 'bb5c5324-d3bc-45da-bfff-5ea78aed8dba', '1b79d139-38b2-44f7-aefc-e2871e2d46d9');
INSERT INTO public.library_task_recommendations VALUES ('9ef25e64-91ba-430d-9e24-e0d6f9ad561b', '98c1f174-ca8d-4c5a-98d7-827ebfc2a1c8', '53a4afff-cfd5-4b30-89af-3d875f62722a');
INSERT INTO public.library_task_recommendations VALUES ('b0702e49-5604-4c8a-a0b6-8bd51ba1db68', 'ab2071b5-e299-454a-adf0-f42ac141c936', '6abcda1e-947c-4f1e-b913-18bc96c23334');
INSERT INTO public.library_task_recommendations VALUES ('3dc04aa4-58b9-40b2-a34b-bb3c59d91120', '29ba89ae-b023-4799-a333-acce29102862', '6abcda1e-947c-4f1e-b913-18bc96c23334');
INSERT INTO public.library_task_recommendations VALUES ('e0d4426a-400b-48b3-abdc-940648d53c28', '016a66cb-ed49-469f-a494-facf0fddbeba', '33e934a7-c837-4a28-b896-9e4612a6c810');
INSERT INTO public.library_task_recommendations VALUES ('e0d4426a-400b-48b3-abdc-940648d53c28', '016a66cb-ed49-469f-a494-facf0fddbeba', 'a033267d-7322-42c8-b011-4015d68b2bc2');
INSERT INTO public.library_task_recommendations VALUES ('66ef2d32-22fe-4a07-8d6c-2dde41a9df50', '63256499-6af9-4600-8afd-3e9c24b3ea63', 'e92f3626-be91-47da-b197-77e6154f5a15');
INSERT INTO public.library_task_recommendations VALUES ('1d4de35b-2025-4fd4-b9f9-e6f29548c304', '064e56c8-0024-4cf5-8b11-8acce96c67da', '845518bd-2a56-47c7-92d7-220087939243');
INSERT INTO public.library_task_recommendations VALUES ('a3de1387-17a5-4b9f-a6ea-391990d4a199', '5a7861e6-948f-451e-8f2e-0c4fc1a2aced', '85abffe4-0558-462b-b17f-65d8f6ecb910');
INSERT INTO public.library_task_recommendations VALUES ('f859c660-0513-4470-9d86-06c5c9643314', '3c3e7da5-5a46-4ad8-a12c-533555359614', '0b2da794-4f9a-4ec2-adc6-ddd15342ca5e');
INSERT INTO public.library_task_recommendations VALUES ('b0702e49-5604-4c8a-a0b6-8bd51ba1db68', '064e56c8-0024-4cf5-8b11-8acce96c67da', '62ca2539-c0c4-4920-aca8-60e8536e725d');
INSERT INTO public.library_task_recommendations VALUES ('2593f81a-3c6a-4916-8590-51fc9b934207', '79548b0a-9a11-4a9f-bd66-e1aa601a77d8', '7d39bcf4-6f3d-4daa-914d-6335018fbcf8');
INSERT INTO public.library_task_recommendations VALUES ('8d379ebc-493e-48ab-a519-a201359d0ad7', '23041379-366e-4ab2-a0db-a18b569bdafb', 'e92f3626-be91-47da-b197-77e6154f5a15');
INSERT INTO public.library_task_recommendations VALUES ('199ce778-1eed-4a6f-9401-3fefe1b1baac', '79548b0a-9a11-4a9f-bd66-e1aa601a77d8', '7d39bcf4-6f3d-4daa-914d-6335018fbcf8');
INSERT INTO public.library_task_recommendations VALUES ('ff20527c-5375-4bb6-91e0-b280e9d6ffca', '29ba89ae-b023-4799-a333-acce29102862', '25ae5c04-3dab-4c7d-bf0d-2317fd997619');
INSERT INTO public.library_task_recommendations VALUES ('23631748-7c0c-48f0-b0f8-e7e7bc676c18', 'affd787b-1e6c-4c9d-a2d4-42d38e9c72b8', '845518bd-2a56-47c7-92d7-220087939243');
INSERT INTO public.library_task_recommendations VALUES ('238d46eb-72ba-47ee-8742-99ed25567366', '29ba89ae-b023-4799-a333-acce29102862', '4c2ff3f4-5c1b-4022-a3fa-8917246c6a37');
INSERT INTO public.library_task_recommendations VALUES ('f4202f63-3ec3-442a-8c44-788d8d9c8fee', 'b8ad2b92-18e3-4ba4-a833-cbad42648f0b', '845518bd-2a56-47c7-92d7-220087939243');
INSERT INTO public.library_task_recommendations VALUES ('7b9bcd4f-cc64-48eb-8d38-ab8988dda7f6', 'cc751338-928a-499a-b1dd-87b9ecc573fd', 'e92f3626-be91-47da-b197-77e6154f5a15');
INSERT INTO public.library_task_recommendations VALUES ('c0e9be57-d54a-4b59-8710-3ff9d964e414', '064e56c8-0024-4cf5-8b11-8acce96c67da', '845518bd-2a56-47c7-92d7-220087939243');
INSERT INTO public.library_task_recommendations VALUES ('beb35c74-0e4e-443c-8061-b91eb35d4bed', 'bb5c5324-d3bc-45da-bfff-5ea78aed8dba', 'f5fb0d9d-1e01-42b7-835e-7c5e46482119');
INSERT INTO public.library_task_recommendations VALUES ('ed0a3403-fa19-460b-b2fe-32ca0d1063e1', 'affd787b-1e6c-4c9d-a2d4-42d38e9c72b8', '7bd1b8f8-020a-46bd-bff0-d4fba5910cac');
INSERT INTO public.library_task_recommendations VALUES ('4609fbd4-c55b-4cdc-9302-7c0a8794643f', '78f5391a-d554-45ff-b13a-de230817806c', 'e92f3626-be91-47da-b197-77e6154f5a15');
INSERT INTO public.library_task_recommendations VALUES ('238d46eb-72ba-47ee-8742-99ed25567366', '064e56c8-0024-4cf5-8b11-8acce96c67da', '62ca2539-c0c4-4920-aca8-60e8536e725d');
INSERT INTO public.library_task_recommendations VALUES ('35a07126-c052-4f57-b386-95581220cf05', '79548b0a-9a11-4a9f-bd66-e1aa601a77d8', '08bbff19-ce5b-47c1-a680-4cd5d6d8866f');
INSERT INTO public.library_task_recommendations VALUES ('a1b21057-f86f-466a-bdce-1a2fafc4bfdd', 'ab2071b5-e299-454a-adf0-f42ac141c936', '23d96813-1901-4a25-b6d7-5579a2799a10');
INSERT INTO public.library_task_recommendations VALUES ('a3de1387-17a5-4b9f-a6ea-391990d4a199', 'aaf65ad9-2589-488a-87bd-52697e2fdc8b', '845518bd-2a56-47c7-92d7-220087939243');
INSERT INTO public.library_task_recommendations VALUES ('8e0a24ec-0575-4a33-a4bd-ff1795b390f3', 'cc751338-928a-499a-b1dd-87b9ecc573fd', '9445a787-c4cb-4fb2-8a49-1b9947f55876');
INSERT INTO public.library_task_recommendations VALUES ('9748890b-d2da-4371-b324-a6570a4d22f2', '63256499-6af9-4600-8afd-3e9c24b3ea63', 'e92f3626-be91-47da-b197-77e6154f5a15');
INSERT INTO public.library_task_recommendations VALUES ('c2fed5e6-58c5-4b6b-b299-09d617f99f39', 'b8ad2b92-18e3-4ba4-a833-cbad42648f0b', 'e92f3626-be91-47da-b197-77e6154f5a15');
INSERT INTO public.library_task_recommendations VALUES ('4609fbd4-c55b-4cdc-9302-7c0a8794643f', '064e56c8-0024-4cf5-8b11-8acce96c67da', '845518bd-2a56-47c7-92d7-220087939243');
INSERT INTO public.library_task_recommendations VALUES ('ed0a3403-fa19-460b-b2fe-32ca0d1063e1', '78f5391a-d554-45ff-b13a-de230817806c', 'ddb617a0-9e06-4599-9b99-3e36e7b5ee28');
INSERT INTO public.library_task_recommendations VALUES ('450a47f4-a174-47d4-8c46-54d2fc12555f', '016a66cb-ed49-469f-a494-facf0fddbeba', 'a033267d-7322-42c8-b011-4015d68b2bc2');
INSERT INTO public.library_task_recommendations VALUES ('b1738bbd-1570-482d-91ee-ad64ccfb3aea', 'a12b15fd-d553-4eb5-86a6-3d4af789f5c3', 'f52b676d-516e-4068-8878-050dfb32313f');
INSERT INTO public.library_task_recommendations VALUES ('238d46eb-72ba-47ee-8742-99ed25567366', '23b011d4-4cb2-4526-9761-e247d506557a', 'd8251088-33df-44b9-8286-3e11d80645d1');
INSERT INTO public.library_task_recommendations VALUES ('c0406c51-8e6f-4e27-bf72-cf80ac508277', '5a7861e6-948f-451e-8f2e-0c4fc1a2aced', '1a4fcf20-634f-4959-bf07-7baef3cbcd55');
INSERT INTO public.library_task_recommendations VALUES ('13973c9b-95e5-424c-b2ca-930682b57cbd', 'affd787b-1e6c-4c9d-a2d4-42d38e9c72b8', '845518bd-2a56-47c7-92d7-220087939243');
INSERT INTO public.library_task_recommendations VALUES ('9c924f91-1675-42e7-b62d-8cca55a6e4c0', 'affd787b-1e6c-4c9d-a2d4-42d38e9c72b8', '7bd1b8f8-020a-46bd-bff0-d4fba5910cac');
INSERT INTO public.library_task_recommendations VALUES ('c0406c51-8e6f-4e27-bf72-cf80ac508277', 'cc751338-928a-499a-b1dd-87b9ecc573fd', '845518bd-2a56-47c7-92d7-220087939243');
INSERT INTO public.library_task_recommendations VALUES ('bf77f03b-0088-4161-b20d-2e12681693a5', '1a5bfa7b-999f-42ca-b3a3-3ab238c8abd6', '2c285dc8-124f-4ebb-b913-3ca8ebf49f5a');
INSERT INTO public.library_task_recommendations VALUES ('a6c64af7-4968-452e-9501-b2b1f050cbf6', '064e56c8-0024-4cf5-8b11-8acce96c67da', '62ca2539-c0c4-4920-aca8-60e8536e725d');
INSERT INTO public.library_task_recommendations VALUES ('f4202f63-3ec3-442a-8c44-788d8d9c8fee', '1a5bfa7b-999f-42ca-b3a3-3ab238c8abd6', '62ca2539-c0c4-4920-aca8-60e8536e725d');
INSERT INTO public.library_task_recommendations VALUES ('69bfb299-4543-4292-98bd-c52d05319666', '5a7861e6-948f-451e-8f2e-0c4fc1a2aced', '359a02e2-7330-4175-a5b6-ef918e7d4158');
INSERT INTO public.library_task_recommendations VALUES ('beb35c74-0e4e-443c-8061-b91eb35d4bed', 'bb5c5324-d3bc-45da-bfff-5ea78aed8dba', '4092d3b1-67d7-495b-84b4-de224a1b9894');
INSERT INTO public.library_task_recommendations VALUES ('85c2c126-7d1c-4e39-8d73-03ebbf894804', 'b8ad2b92-18e3-4ba4-a833-cbad42648f0b', '845518bd-2a56-47c7-92d7-220087939243');
INSERT INTO public.library_task_recommendations VALUES ('590f0c15-1ff2-4de1-9488-124388f94fd3', '5a7861e6-948f-451e-8f2e-0c4fc1a2aced', 'ff161bca-e057-4045-a3fe-708b6569ab8a');
INSERT INTO public.library_task_recommendations VALUES ('eebe5e56-d8c2-4816-b819-3ba0da0d6566', 'affd787b-1e6c-4c9d-a2d4-42d38e9c72b8', '845518bd-2a56-47c7-92d7-220087939243');
INSERT INTO public.library_task_recommendations VALUES ('637eba71-e353-42cc-8be8-7f40ad440514', 'affd787b-1e6c-4c9d-a2d4-42d38e9c72b8', '845518bd-2a56-47c7-92d7-220087939243');
INSERT INTO public.library_task_recommendations VALUES ('450a47f4-a174-47d4-8c46-54d2fc12555f', '5a7861e6-948f-451e-8f2e-0c4fc1a2aced', '1a4fcf20-634f-4959-bf07-7baef3cbcd55');
INSERT INTO public.library_task_recommendations VALUES ('23631748-7c0c-48f0-b0f8-e7e7bc676c18', 'affd787b-1e6c-4c9d-a2d4-42d38e9c72b8', '7bd1b8f8-020a-46bd-bff0-d4fba5910cac');
INSERT INTO public.library_task_recommendations VALUES ('35a07126-c052-4f57-b386-95581220cf05', '29ba89ae-b023-4799-a333-acce29102862', '6abcda1e-947c-4f1e-b913-18bc96c23334');
INSERT INTO public.library_task_recommendations VALUES ('9d37a2f3-d5c4-4cbf-839c-96ef5fc4c497', '5a7861e6-948f-451e-8f2e-0c4fc1a2aced', 'ff161bca-e057-4045-a3fe-708b6569ab8a');
INSERT INTO public.library_task_recommendations VALUES ('eebe5e56-d8c2-4816-b819-3ba0da0d6566', '7924f0e9-090a-4121-9e67-ad1e0a9d5998', '730d586c-f9fc-48c2-bab9-018e5474b81c');
INSERT INTO public.library_task_recommendations VALUES ('a180f2d7-213c-4b12-8bfe-6640e4c47e98', 'b8ad2b92-18e3-4ba4-a833-cbad42648f0b', 'fdfdc2f6-af19-413b-aacc-e0819cae5f5d');
INSERT INTO public.library_task_recommendations VALUES ('29a8acf6-8312-4f26-b773-7908d67d437f', '79548b0a-9a11-4a9f-bd66-e1aa601a77d8', '39005682-22f1-4888-a64b-71f70c0de936');
INSERT INTO public.library_task_recommendations VALUES ('f89ac6f3-7598-490c-98e8-07b5986fcd0c', '064e56c8-0024-4cf5-8b11-8acce96c67da', '62ca2539-c0c4-4920-aca8-60e8536e725d');
INSERT INTO public.library_task_recommendations VALUES ('637eba71-e353-42cc-8be8-7f40ad440514', 'b8ad2b92-18e3-4ba4-a833-cbad42648f0b', 'e92f3626-be91-47da-b197-77e6154f5a15');
INSERT INTO public.library_task_recommendations VALUES ('7a16673f-0ef8-4d12-8d33-9586cbfe1f54', '604bab16-64c3-4870-bd2e-52ea93e73e9e', 'a033267d-7322-42c8-b011-4015d68b2bc2');
INSERT INTO public.library_task_recommendations VALUES ('7a91aaf5-b54f-4586-ab38-66d0bb3b22bd', 'affd787b-1e6c-4c9d-a2d4-42d38e9c72b8', '7bd1b8f8-020a-46bd-bff0-d4fba5910cac');
INSERT INTO public.library_task_recommendations VALUES ('f4202f63-3ec3-442a-8c44-788d8d9c8fee', '78f5391a-d554-45ff-b13a-de230817806c', 'e92f3626-be91-47da-b197-77e6154f5a15');
INSERT INTO public.library_task_recommendations VALUES ('9071983c-5123-475f-9f1c-351c6756a5a5', '63256499-6af9-4600-8afd-3e9c24b3ea63', '98d73996-ac36-4dbd-8b6c-fa2682c421d4');
INSERT INTO public.library_task_recommendations VALUES ('1e2a329c-a413-41a4-90f3-9c2d6f3fe6b3', '63256499-6af9-4600-8afd-3e9c24b3ea63', 'e92f3626-be91-47da-b197-77e6154f5a15');
INSERT INTO public.library_task_recommendations VALUES ('07236ab1-19c5-439d-8403-d5d544f31ab5', 'bb5c5324-d3bc-45da-bfff-5ea78aed8dba', '845518bd-2a56-47c7-92d7-220087939243');
INSERT INTO public.library_task_recommendations VALUES ('27a4547a-3167-4087-be03-cc7568097936', 'dcf1f3c6-4e43-40da-b8cd-b9094b06cf2f', '6abcda1e-947c-4f1e-b913-18bc96c23334');
INSERT INTO public.library_task_recommendations VALUES ('23631748-7c0c-48f0-b0f8-e7e7bc676c18', '79548b0a-9a11-4a9f-bd66-e1aa601a77d8', '08bbff19-ce5b-47c1-a680-4cd5d6d8866f');
INSERT INTO public.library_task_recommendations VALUES ('b1738bbd-1570-482d-91ee-ad64ccfb3aea', 'a12b15fd-d553-4eb5-86a6-3d4af789f5c3', '2c285dc8-124f-4ebb-b913-3ca8ebf49f5a');
INSERT INTO public.library_task_recommendations VALUES ('eebe5e56-d8c2-4816-b819-3ba0da0d6566', '79548b0a-9a11-4a9f-bd66-e1aa601a77d8', '08bbff19-ce5b-47c1-a680-4cd5d6d8866f');
INSERT INTO public.library_task_recommendations VALUES ('ed0a3403-fa19-460b-b2fe-32ca0d1063e1', '78f5391a-d554-45ff-b13a-de230817806c', '0f2534da-adad-4dab-a700-8d1493f5ba82');
INSERT INTO public.library_task_recommendations VALUES ('b1738bbd-1570-482d-91ee-ad64ccfb3aea', 'a12b15fd-d553-4eb5-86a6-3d4af789f5c3', 'c8202f22-79a8-4037-b566-5c7ea9dfe935');
INSERT INTO public.library_task_recommendations VALUES ('23631748-7c0c-48f0-b0f8-e7e7bc676c18', '7924f0e9-090a-4121-9e67-ad1e0a9d5998', '730d586c-f9fc-48c2-bab9-018e5474b81c');
INSERT INTO public.library_task_recommendations VALUES ('7a91aaf5-b54f-4586-ab38-66d0bb3b22bd', '1a5bfa7b-999f-42ca-b3a3-3ab238c8abd6', '845518bd-2a56-47c7-92d7-220087939243');
INSERT INTO public.library_task_recommendations VALUES ('77cc07b4-fdcf-4a2b-a5e0-cc77e8c4ecc4', '894c82ea-4cc4-476d-8eb4-555f53686f7b', '8aac579e-b59c-4252-8939-c799b7f9166d');
INSERT INTO public.library_task_recommendations VALUES ('9748890b-d2da-4371-b324-a6570a4d22f2', '016a66cb-ed49-469f-a494-facf0fddbeba', 'a033267d-7322-42c8-b011-4015d68b2bc2');
INSERT INTO public.library_task_recommendations VALUES ('7b79a1b8-fe2c-4fe5-94a0-81409c033212', '1a5bfa7b-999f-42ca-b3a3-3ab238c8abd6', '62ca2539-c0c4-4920-aca8-60e8536e725d');
INSERT INTO public.library_task_recommendations VALUES ('3dc04aa4-58b9-40b2-a34b-bb3c59d91120', '1a5bfa7b-999f-42ca-b3a3-3ab238c8abd6', '2c285dc8-124f-4ebb-b913-3ca8ebf49f5a');
INSERT INTO public.library_task_recommendations VALUES ('7b79a1b8-fe2c-4fe5-94a0-81409c033212', '064e56c8-0024-4cf5-8b11-8acce96c67da', '845518bd-2a56-47c7-92d7-220087939243');
INSERT INTO public.library_task_recommendations VALUES ('9748890b-d2da-4371-b324-a6570a4d22f2', '63256499-6af9-4600-8afd-3e9c24b3ea63', '98d73996-ac36-4dbd-8b6c-fa2682c421d4');
INSERT INTO public.library_task_recommendations VALUES ('a3de1387-17a5-4b9f-a6ea-391990d4a199', '23b011d4-4cb2-4526-9761-e247d506557a', 'd8251088-33df-44b9-8286-3e11d80645d1');
INSERT INTO public.library_task_recommendations VALUES ('8d379ebc-493e-48ab-a519-a201359d0ad7', '1a5bfa7b-999f-42ca-b3a3-3ab238c8abd6', '62ca2539-c0c4-4920-aca8-60e8536e725d');
INSERT INTO public.library_task_recommendations VALUES ('29a8acf6-8312-4f26-b773-7908d67d437f', '064e56c8-0024-4cf5-8b11-8acce96c67da', 'c2efdade-aac5-40c6-aa29-34687d2114f3');
INSERT INTO public.library_task_recommendations VALUES ('23631748-7c0c-48f0-b0f8-e7e7bc676c18', '016a66cb-ed49-469f-a494-facf0fddbeba', '6f005259-0fc3-4fd2-bcf7-b2bf67d44766');
INSERT INTO public.library_task_recommendations VALUES ('13973c9b-95e5-424c-b2ca-930682b57cbd', 'b8ad2b92-18e3-4ba4-a833-cbad42648f0b', 'fdfdc2f6-af19-413b-aacc-e0819cae5f5d');
INSERT INTO public.library_task_recommendations VALUES ('ee5fe360-3225-4deb-a51e-441ccddce65d', '29ba89ae-b023-4799-a333-acce29102862', '25ae5c04-3dab-4c7d-bf0d-2317fd997619');
INSERT INTO public.library_task_recommendations VALUES ('ed0a3403-fa19-460b-b2fe-32ca0d1063e1', '5075adf0-dc06-485a-9943-113e770334c1', '9445a787-c4cb-4fb2-8a49-1b9947f55876');
INSERT INTO public.library_task_recommendations VALUES ('ed0a3403-fa19-460b-b2fe-32ca0d1063e1', 'a12b15fd-d553-4eb5-86a6-3d4af789f5c3', '845518bd-2a56-47c7-92d7-220087939243');
INSERT INTO public.library_task_recommendations VALUES ('a3de1387-17a5-4b9f-a6ea-391990d4a199', '5a7861e6-948f-451e-8f2e-0c4fc1a2aced', '1a4fcf20-634f-4959-bf07-7baef3cbcd55');
INSERT INTO public.library_task_recommendations VALUES ('a6c64af7-4968-452e-9501-b2b1f050cbf6', '5a7861e6-948f-451e-8f2e-0c4fc1a2aced', '85abffe4-0558-462b-b17f-65d8f6ecb910');
INSERT INTO public.library_task_recommendations VALUES ('13973c9b-95e5-424c-b2ca-930682b57cbd', '5a7861e6-948f-451e-8f2e-0c4fc1a2aced', '1a4fcf20-634f-4959-bf07-7baef3cbcd55');
INSERT INTO public.library_task_recommendations VALUES ('9d9464e3-c15d-4653-b2dc-25959015bb61', '1a5bfa7b-999f-42ca-b3a3-3ab238c8abd6', '62ca2539-c0c4-4920-aca8-60e8536e725d');
INSERT INTO public.library_task_recommendations VALUES ('d280ee9d-ad2d-4a83-8af8-f61bca0a7057', '5075adf0-dc06-485a-9943-113e770334c1', '730d586c-f9fc-48c2-bab9-018e5474b81c');
INSERT INTO public.library_task_recommendations VALUES ('22232ece-c66b-45db-9dd1-162c3c92d017', '98c1f174-ca8d-4c5a-98d7-827ebfc2a1c8', '53a4afff-cfd5-4b30-89af-3d875f62722a');
INSERT INTO public.library_task_recommendations VALUES ('3dc04aa4-58b9-40b2-a34b-bb3c59d91120', '064e56c8-0024-4cf5-8b11-8acce96c67da', 'c2efdade-aac5-40c6-aa29-34687d2114f3');
INSERT INTO public.library_task_recommendations VALUES ('20758fec-c71a-4954-b1fa-6284e6782afc', '5a7861e6-948f-451e-8f2e-0c4fc1a2aced', '62ca2539-c0c4-4920-aca8-60e8536e725d');
INSERT INTO public.library_task_recommendations VALUES ('a36c2136-e8ad-45e7-a32e-1f515edca089', '016a66cb-ed49-469f-a494-facf0fddbeba', 'a033267d-7322-42c8-b011-4015d68b2bc2');
INSERT INTO public.library_task_recommendations VALUES ('07236ab1-19c5-439d-8403-d5d544f31ab5', 'bb5c5324-d3bc-45da-bfff-5ea78aed8dba', 'a1944ad5-2895-436f-afa9-9a752dd81ecc');
INSERT INTO public.library_task_recommendations VALUES ('a36c2136-e8ad-45e7-a32e-1f515edca089', '29ba89ae-b023-4799-a333-acce29102862', '0b2da794-4f9a-4ec2-adc6-ddd15342ca5e');
INSERT INTO public.library_task_recommendations VALUES ('23631748-7c0c-48f0-b0f8-e7e7bc676c18', '78f5391a-d554-45ff-b13a-de230817806c', '0f2534da-adad-4dab-a700-8d1493f5ba82');
INSERT INTO public.library_task_recommendations VALUES ('9d9464e3-c15d-4653-b2dc-25959015bb61', '79548b0a-9a11-4a9f-bd66-e1aa601a77d8', '39005682-22f1-4888-a64b-71f70c0de936');
INSERT INTO public.library_task_recommendations VALUES ('195f89bf-b80a-4853-8c73-972017ba8a50', '1a5bfa7b-999f-42ca-b3a3-3ab238c8abd6', '845518bd-2a56-47c7-92d7-220087939243');
INSERT INTO public.library_task_recommendations VALUES ('c2fed5e6-58c5-4b6b-b299-09d617f99f39', 'b8ad2b92-18e3-4ba4-a833-cbad42648f0b', '845518bd-2a56-47c7-92d7-220087939243');
INSERT INTO public.library_task_recommendations VALUES ('3fc9c105-f594-41be-9f24-c5c74cb495ad', '23b011d4-4cb2-4526-9761-e247d506557a', 'd8251088-33df-44b9-8286-3e11d80645d1');
INSERT INTO public.library_task_recommendations VALUES ('223b04e9-62fa-4cf9-97f7-42d7e63994f0', '1a5bfa7b-999f-42ca-b3a3-3ab238c8abd6', '62ca2539-c0c4-4920-aca8-60e8536e725d');
INSERT INTO public.library_task_recommendations VALUES ('7b9bcd4f-cc64-48eb-8d38-ab8988dda7f6', '23b011d4-4cb2-4526-9761-e247d506557a', 'd8251088-33df-44b9-8286-3e11d80645d1');
INSERT INTO public.library_task_recommendations VALUES ('223b04e9-62fa-4cf9-97f7-42d7e63994f0', '064e56c8-0024-4cf5-8b11-8acce96c67da', '845518bd-2a56-47c7-92d7-220087939243');
INSERT INTO public.library_task_recommendations VALUES ('a6c64af7-4968-452e-9501-b2b1f050cbf6', 'aaf65ad9-2589-488a-87bd-52697e2fdc8b', '845518bd-2a56-47c7-92d7-220087939243');
INSERT INTO public.library_task_recommendations VALUES ('07a3c9b1-b4aa-4b67-a6ff-dbd3603c1b51', '1a5bfa7b-999f-42ca-b3a3-3ab238c8abd6', '85abffe4-0558-462b-b17f-65d8f6ecb910');
INSERT INTO public.library_task_recommendations VALUES ('860ed6da-9864-44e5-b6bf-f06192638566', '0db44d38-fa65-4aa5-99bd-ab4a7ec0c880', 'e92f3626-be91-47da-b197-77e6154f5a15');
INSERT INTO public.library_task_recommendations VALUES ('860ed6da-9864-44e5-b6bf-f06192638566', '0db44d38-fa65-4aa5-99bd-ab4a7ec0c880', '52182601-b5ef-4526-ad02-5d63f5b75e84');
INSERT INTO public.library_task_recommendations VALUES ('860ed6da-9864-44e5-b6bf-f06192638566', '1a5bfa7b-999f-42ca-b3a3-3ab238c8abd6', '62ca2539-c0c4-4920-aca8-60e8536e725d');
INSERT INTO public.library_task_recommendations VALUES ('860ed6da-9864-44e5-b6bf-f06192638566', '1a5bfa7b-999f-42ca-b3a3-3ab238c8abd6', '845518bd-2a56-47c7-92d7-220087939243');
INSERT INTO public.library_task_recommendations VALUES ('860ed6da-9864-44e5-b6bf-f06192638566', '1a5bfa7b-999f-42ca-b3a3-3ab238c8abd6', '4ae1251c-d1ea-4ed1-b0b5-9a27b800ff3e');
INSERT INTO public.library_task_recommendations VALUES ('860ed6da-9864-44e5-b6bf-f06192638566', '23041379-366e-4ab2-a0db-a18b569bdafb', '9e21d7c7-3276-406e-951e-a710c5c3f35a');
INSERT INTO public.library_task_recommendations VALUES ('860ed6da-9864-44e5-b6bf-f06192638566', '23041379-366e-4ab2-a0db-a18b569bdafb', 'ddb617a0-9e06-4599-9b99-3e36e7b5ee28');
INSERT INTO public.library_task_recommendations VALUES ('860ed6da-9864-44e5-b6bf-f06192638566', '23041379-366e-4ab2-a0db-a18b569bdafb', 'a1331fdc-0331-4ef0-984a-3acaa5c3b8e7');
INSERT INTO public.library_task_recommendations VALUES ('860ed6da-9864-44e5-b6bf-f06192638566', '23041379-366e-4ab2-a0db-a18b569bdafb', '0f2534da-adad-4dab-a700-8d1493f5ba82');
INSERT INTO public.library_task_recommendations VALUES ('860ed6da-9864-44e5-b6bf-f06192638566', '23b011d4-4cb2-4526-9761-e247d506557a', 'd8251088-33df-44b9-8286-3e11d80645d1');
INSERT INTO public.library_task_recommendations VALUES ('860ed6da-9864-44e5-b6bf-f06192638566', '46c34c31-2f88-4885-94d2-f973cd3aa963', 'e92f3626-be91-47da-b197-77e6154f5a15');
INSERT INTO public.library_task_recommendations VALUES ('860ed6da-9864-44e5-b6bf-f06192638566', '46c34c31-2f88-4885-94d2-f973cd3aa963', '4092d3b1-67d7-495b-84b4-de224a1b9894');
INSERT INTO public.library_task_recommendations VALUES ('860ed6da-9864-44e5-b6bf-f06192638566', '5a7861e6-948f-451e-8f2e-0c4fc1a2aced', '1a4fcf20-634f-4959-bf07-7baef3cbcd55');
INSERT INTO public.library_task_recommendations VALUES ('860ed6da-9864-44e5-b6bf-f06192638566', '5a7861e6-948f-451e-8f2e-0c4fc1a2aced', 'ff161bca-e057-4045-a3fe-708b6569ab8a');
INSERT INTO public.library_task_recommendations VALUES ('860ed6da-9864-44e5-b6bf-f06192638566', '5a7861e6-948f-451e-8f2e-0c4fc1a2aced', '62ca2539-c0c4-4920-aca8-60e8536e725d');
INSERT INTO public.library_task_recommendations VALUES ('860ed6da-9864-44e5-b6bf-f06192638566', '5a7861e6-948f-451e-8f2e-0c4fc1a2aced', '85abffe4-0558-462b-b17f-65d8f6ecb910');
INSERT INTO public.library_task_recommendations VALUES ('860ed6da-9864-44e5-b6bf-f06192638566', '5a7861e6-948f-451e-8f2e-0c4fc1a2aced', 'a033267d-7322-42c8-b011-4015d68b2bc2');
INSERT INTO public.library_task_recommendations VALUES ('860ed6da-9864-44e5-b6bf-f06192638566', '604bab16-64c3-4870-bd2e-52ea93e73e9e', '33e934a7-c837-4a28-b896-9e4612a6c810');
INSERT INTO public.library_task_recommendations VALUES ('860ed6da-9864-44e5-b6bf-f06192638566', '79548b0a-9a11-4a9f-bd66-e1aa601a77d8', '08bbff19-ce5b-47c1-a680-4cd5d6d8866f');
INSERT INTO public.library_task_recommendations VALUES ('860ed6da-9864-44e5-b6bf-f06192638566', '79548b0a-9a11-4a9f-bd66-e1aa601a77d8', '7d39bcf4-6f3d-4daa-914d-6335018fbcf8');
INSERT INTO public.library_task_recommendations VALUES ('860ed6da-9864-44e5-b6bf-f06192638566', 'ab2071b5-e299-454a-adf0-f42ac141c936', '8b781386-e309-44d5-9b8d-35230f80119a');
INSERT INTO public.library_task_recommendations VALUES ('860ed6da-9864-44e5-b6bf-f06192638566', 'cc751338-928a-499a-b1dd-87b9ecc573fd', '9445a787-c4cb-4fb2-8a49-1b9947f55876');
INSERT INTO public.library_task_recommendations VALUES ('be7221c1-f6b2-4bd0-b7ab-bfdd5913d044', '1a5bfa7b-999f-42ca-b3a3-3ab238c8abd6', '62ca2539-c0c4-4920-aca8-60e8536e725d');
INSERT INTO public.library_task_recommendations VALUES ('be7221c1-f6b2-4bd0-b7ab-bfdd5913d044', '1a5bfa7b-999f-42ca-b3a3-3ab238c8abd6', '845518bd-2a56-47c7-92d7-220087939243');
INSERT INTO public.library_task_recommendations VALUES ('be7221c1-f6b2-4bd0-b7ab-bfdd5913d044', '1a5bfa7b-999f-42ca-b3a3-3ab238c8abd6', '4ff781dd-8f2e-47ef-91b0-132ecfdee586');
INSERT INTO public.library_task_recommendations VALUES ('be7221c1-f6b2-4bd0-b7ab-bfdd5913d044', '1a5bfa7b-999f-42ca-b3a3-3ab238c8abd6', '946381c0-6040-4576-b1c9-dbd9d6a607d1');
INSERT INTO public.library_task_recommendations VALUES ('be7221c1-f6b2-4bd0-b7ab-bfdd5913d044', '23041379-366e-4ab2-a0db-a18b569bdafb', '8b1698a3-a055-499c-95e5-56059e3cdd89');
INSERT INTO public.library_task_recommendations VALUES ('be7221c1-f6b2-4bd0-b7ab-bfdd5913d044', '2330705c-290e-4010-9be4-62e7cb5d0477', '1f9a5ff0-3394-4895-b45c-089ac6643003');
INSERT INTO public.library_task_recommendations VALUES ('be7221c1-f6b2-4bd0-b7ab-bfdd5913d044', '2330705c-290e-4010-9be4-62e7cb5d0477', '62ca2539-c0c4-4920-aca8-60e8536e725d');
INSERT INTO public.library_task_recommendations VALUES ('be7221c1-f6b2-4bd0-b7ab-bfdd5913d044', '2330705c-290e-4010-9be4-62e7cb5d0477', 'a033267d-7322-42c8-b011-4015d68b2bc2');
INSERT INTO public.library_task_recommendations VALUES ('be7221c1-f6b2-4bd0-b7ab-bfdd5913d044', 'affd787b-1e6c-4c9d-a2d4-42d38e9c72b8', '845518bd-2a56-47c7-92d7-220087939243');
INSERT INTO public.library_task_recommendations VALUES ('be7221c1-f6b2-4bd0-b7ab-bfdd5913d044', 'affd787b-1e6c-4c9d-a2d4-42d38e9c72b8', '33e934a7-c837-4a28-b896-9e4612a6c810');
INSERT INTO public.library_task_recommendations VALUES ('be7221c1-f6b2-4bd0-b7ab-bfdd5913d044', 'affd787b-1e6c-4c9d-a2d4-42d38e9c72b8', 'a033267d-7322-42c8-b011-4015d68b2bc2');
INSERT INTO public.library_task_recommendations VALUES ('f8e7acfa-cc2d-46f2-9100-2a82a01654d5', '064e56c8-0024-4cf5-8b11-8acce96c67da', '62ca2539-c0c4-4920-aca8-60e8536e725d');
INSERT INTO public.library_task_recommendations VALUES ('f8e7acfa-cc2d-46f2-9100-2a82a01654d5', '064e56c8-0024-4cf5-8b11-8acce96c67da', 'bc886bd6-602f-49d5-8508-01b987fe7ed7');
INSERT INTO public.library_task_recommendations VALUES ('f8e7acfa-cc2d-46f2-9100-2a82a01654d5', '064e56c8-0024-4cf5-8b11-8acce96c67da', 'c2efdade-aac5-40c6-aa29-34687d2114f3');
INSERT INTO public.library_task_recommendations VALUES ('f8e7acfa-cc2d-46f2-9100-2a82a01654d5', '064e56c8-0024-4cf5-8b11-8acce96c67da', '6abcda1e-947c-4f1e-b913-18bc96c23334');
INSERT INTO public.library_task_recommendations VALUES ('f8e7acfa-cc2d-46f2-9100-2a82a01654d5', '17e26f9f-a273-478e-9b51-097c3f84ea94', '33e934a7-c837-4a28-b896-9e4612a6c810');
INSERT INTO public.library_task_recommendations VALUES ('f8e7acfa-cc2d-46f2-9100-2a82a01654d5', '17e26f9f-a273-478e-9b51-097c3f84ea94', '8b781386-e309-44d5-9b8d-35230f80119a');
INSERT INTO public.library_task_recommendations VALUES ('f8e7acfa-cc2d-46f2-9100-2a82a01654d5', '17e26f9f-a273-478e-9b51-097c3f84ea94', '4092d3b1-67d7-495b-84b4-de224a1b9894');
INSERT INTO public.library_task_recommendations VALUES ('f8e7acfa-cc2d-46f2-9100-2a82a01654d5', '17e26f9f-a273-478e-9b51-097c3f84ea94', 'b9434a7d-62cc-4dc7-9e8e-02d418af7f7a');
INSERT INTO public.library_task_recommendations VALUES ('f8e7acfa-cc2d-46f2-9100-2a82a01654d5', '17e26f9f-a273-478e-9b51-097c3f84ea94', '85abffe4-0558-462b-b17f-65d8f6ecb910');
INSERT INTO public.library_task_recommendations VALUES ('f8e7acfa-cc2d-46f2-9100-2a82a01654d5', '17e26f9f-a273-478e-9b51-097c3f84ea94', '62ca2539-c0c4-4920-aca8-60e8536e725d');
INSERT INTO public.library_task_recommendations VALUES ('f8e7acfa-cc2d-46f2-9100-2a82a01654d5', '1a5bfa7b-999f-42ca-b3a3-3ab238c8abd6', 'e3f0620c-d26d-48fb-a74a-e5e7118da855');
INSERT INTO public.library_task_recommendations VALUES ('f8e7acfa-cc2d-46f2-9100-2a82a01654d5', '2330705c-290e-4010-9be4-62e7cb5d0477', '4092d3b1-67d7-495b-84b4-de224a1b9894');
INSERT INTO public.library_task_recommendations VALUES ('f8e7acfa-cc2d-46f2-9100-2a82a01654d5', '2330705c-290e-4010-9be4-62e7cb5d0477', 'b9434a7d-62cc-4dc7-9e8e-02d418af7f7a');
INSERT INTO public.library_task_recommendations VALUES ('f8e7acfa-cc2d-46f2-9100-2a82a01654d5', '2330705c-290e-4010-9be4-62e7cb5d0477', '85abffe4-0558-462b-b17f-65d8f6ecb910');
INSERT INTO public.library_task_recommendations VALUES ('f8e7acfa-cc2d-46f2-9100-2a82a01654d5', '2330705c-290e-4010-9be4-62e7cb5d0477', '62ca2539-c0c4-4920-aca8-60e8536e725d');
INSERT INTO public.library_task_recommendations VALUES ('f8e7acfa-cc2d-46f2-9100-2a82a01654d5', '23b011d4-4cb2-4526-9761-e247d506557a', 'd8251088-33df-44b9-8286-3e11d80645d1');
INSERT INTO public.library_task_recommendations VALUES ('f8e7acfa-cc2d-46f2-9100-2a82a01654d5', '79548b0a-9a11-4a9f-bd66-e1aa601a77d8', '7bd1b8f8-020a-46bd-bff0-d4fba5910cac');
INSERT INTO public.library_task_recommendations VALUES ('f8e7acfa-cc2d-46f2-9100-2a82a01654d5', '79548b0a-9a11-4a9f-bd66-e1aa601a77d8', '89fe7159-5576-4696-9356-75a34e8da4ea');
INSERT INTO public.library_task_recommendations VALUES ('f8e7acfa-cc2d-46f2-9100-2a82a01654d5', '79548b0a-9a11-4a9f-bd66-e1aa601a77d8', '08bbff19-ce5b-47c1-a680-4cd5d6d8866f');
INSERT INTO public.library_task_recommendations VALUES ('7ebf6ae3-0cbe-455c-a677-396b132c0563', '064e56c8-0024-4cf5-8b11-8acce96c67da', '62ca2539-c0c4-4920-aca8-60e8536e725d');
INSERT INTO public.library_task_recommendations VALUES ('7ebf6ae3-0cbe-455c-a677-396b132c0563', '064e56c8-0024-4cf5-8b11-8acce96c67da', '845518bd-2a56-47c7-92d7-220087939243');
INSERT INTO public.library_task_recommendations VALUES ('7ebf6ae3-0cbe-455c-a677-396b132c0563', '064e56c8-0024-4cf5-8b11-8acce96c67da', '4ff781dd-8f2e-47ef-91b0-132ecfdee586');
INSERT INTO public.library_task_recommendations VALUES ('7ebf6ae3-0cbe-455c-a677-396b132c0563', '064e56c8-0024-4cf5-8b11-8acce96c67da', 'c2efdade-aac5-40c6-aa29-34687d2114f3');
INSERT INTO public.library_task_recommendations VALUES ('7ebf6ae3-0cbe-455c-a677-396b132c0563', '2330705c-290e-4010-9be4-62e7cb5d0477', 'e92f3626-be91-47da-b197-77e6154f5a15');
INSERT INTO public.library_task_recommendations VALUES ('7ebf6ae3-0cbe-455c-a677-396b132c0563', '2330705c-290e-4010-9be4-62e7cb5d0477', '4092d3b1-67d7-495b-84b4-de224a1b9894');
INSERT INTO public.library_task_recommendations VALUES ('7ebf6ae3-0cbe-455c-a677-396b132c0563', '25a02bff-ad3c-4291-8f57-b7cff5018a88', '1f9a5ff0-3394-4895-b45c-089ac6643003');
INSERT INTO public.library_task_recommendations VALUES ('7ebf6ae3-0cbe-455c-a677-396b132c0563', '25a02bff-ad3c-4291-8f57-b7cff5018a88', 'e92f3626-be91-47da-b197-77e6154f5a15');
INSERT INTO public.library_task_recommendations VALUES ('7ebf6ae3-0cbe-455c-a677-396b132c0563', '63256499-6af9-4600-8afd-3e9c24b3ea63', '98d73996-ac36-4dbd-8b6c-fa2682c421d4');
INSERT INTO public.library_task_recommendations VALUES ('7ebf6ae3-0cbe-455c-a677-396b132c0563', '63256499-6af9-4600-8afd-3e9c24b3ea63', 'e92f3626-be91-47da-b197-77e6154f5a15');
INSERT INTO public.library_task_recommendations VALUES ('7ebf6ae3-0cbe-455c-a677-396b132c0563', '63256499-6af9-4600-8afd-3e9c24b3ea63', '4092d3b1-67d7-495b-84b4-de224a1b9894');
INSERT INTO public.library_task_recommendations VALUES ('68d4fe67-2873-42c1-81cf-38d941b365d8', '064e56c8-0024-4cf5-8b11-8acce96c67da', '62ca2539-c0c4-4920-aca8-60e8536e725d');
INSERT INTO public.library_task_recommendations VALUES ('68d4fe67-2873-42c1-81cf-38d941b365d8', '064e56c8-0024-4cf5-8b11-8acce96c67da', '845518bd-2a56-47c7-92d7-220087939243');
INSERT INTO public.library_task_recommendations VALUES ('68d4fe67-2873-42c1-81cf-38d941b365d8', '064e56c8-0024-4cf5-8b11-8acce96c67da', '4ff781dd-8f2e-47ef-91b0-132ecfdee586');
INSERT INTO public.library_task_recommendations VALUES ('68d4fe67-2873-42c1-81cf-38d941b365d8', '064e56c8-0024-4cf5-8b11-8acce96c67da', '946381c0-6040-4576-b1c9-dbd9d6a607d1');
INSERT INTO public.library_task_recommendations VALUES ('68d4fe67-2873-42c1-81cf-38d941b365d8', '064e56c8-0024-4cf5-8b11-8acce96c67da', 'bc886bd6-602f-49d5-8508-01b987fe7ed7');
INSERT INTO public.library_task_recommendations VALUES ('68d4fe67-2873-42c1-81cf-38d941b365d8', '1a5bfa7b-999f-42ca-b3a3-3ab238c8abd6', '845518bd-2a56-47c7-92d7-220087939243');
INSERT INTO public.library_task_recommendations VALUES ('68d4fe67-2873-42c1-81cf-38d941b365d8', '1a5bfa7b-999f-42ca-b3a3-3ab238c8abd6', '4ff781dd-8f2e-47ef-91b0-132ecfdee586');
INSERT INTO public.library_task_recommendations VALUES ('68d4fe67-2873-42c1-81cf-38d941b365d8', '1a5bfa7b-999f-42ca-b3a3-3ab238c8abd6', '62ca2539-c0c4-4920-aca8-60e8536e725d');
INSERT INTO public.library_task_recommendations VALUES ('68d4fe67-2873-42c1-81cf-38d941b365d8', '23b011d4-4cb2-4526-9761-e247d506557a', 'd8251088-33df-44b9-8286-3e11d80645d1');
INSERT INTO public.library_task_recommendations VALUES ('68d4fe67-2873-42c1-81cf-38d941b365d8', '46c34c31-2f88-4885-94d2-f973cd3aa963', 'e92f3626-be91-47da-b197-77e6154f5a15');
INSERT INTO public.library_task_recommendations VALUES ('68d4fe67-2873-42c1-81cf-38d941b365d8', '46c34c31-2f88-4885-94d2-f973cd3aa963', '4092d3b1-67d7-495b-84b4-de224a1b9894');
INSERT INTO public.library_task_recommendations VALUES ('61584f3f-39ca-4968-b1f9-75df32e5ad42', '064e56c8-0024-4cf5-8b11-8acce96c67da', '08bbff19-ce5b-47c1-a680-4cd5d6d8866f');
INSERT INTO public.library_task_recommendations VALUES ('61584f3f-39ca-4968-b1f9-75df32e5ad42', '064e56c8-0024-4cf5-8b11-8acce96c67da', 'e92f3626-be91-47da-b197-77e6154f5a15');
INSERT INTO public.library_task_recommendations VALUES ('61584f3f-39ca-4968-b1f9-75df32e5ad42', '064e56c8-0024-4cf5-8b11-8acce96c67da', '845518bd-2a56-47c7-92d7-220087939243');
INSERT INTO public.library_task_recommendations VALUES ('61584f3f-39ca-4968-b1f9-75df32e5ad42', '064e56c8-0024-4cf5-8b11-8acce96c67da', 'c2efdade-aac5-40c6-aa29-34687d2114f3');
INSERT INTO public.library_task_recommendations VALUES ('61584f3f-39ca-4968-b1f9-75df32e5ad42', '5a7861e6-948f-451e-8f2e-0c4fc1a2aced', '85abffe4-0558-462b-b17f-65d8f6ecb910');
INSERT INTO public.library_task_recommendations VALUES ('61584f3f-39ca-4968-b1f9-75df32e5ad42', '5a7861e6-948f-451e-8f2e-0c4fc1a2aced', '1f9a5ff0-3394-4895-b45c-089ac6643003');
INSERT INTO public.library_task_recommendations VALUES ('61584f3f-39ca-4968-b1f9-75df32e5ad42', '5a7861e6-948f-451e-8f2e-0c4fc1a2aced', 'a033267d-7322-42c8-b011-4015d68b2bc2');
INSERT INTO public.library_task_recommendations VALUES ('61584f3f-39ca-4968-b1f9-75df32e5ad42', '5a7861e6-948f-451e-8f2e-0c4fc1a2aced', 'bc886bd6-602f-49d5-8508-01b987fe7ed7');
INSERT INTO public.library_task_recommendations VALUES ('61584f3f-39ca-4968-b1f9-75df32e5ad42', '5a7861e6-948f-451e-8f2e-0c4fc1a2aced', '62ca2539-c0c4-4920-aca8-60e8536e725d');
INSERT INTO public.library_task_recommendations VALUES ('61584f3f-39ca-4968-b1f9-75df32e5ad42', 'affd787b-1e6c-4c9d-a2d4-42d38e9c72b8', '730d586c-f9fc-48c2-bab9-018e5474b81c');
INSERT INTO public.library_task_recommendations VALUES ('61584f3f-39ca-4968-b1f9-75df32e5ad42', 'affd787b-1e6c-4c9d-a2d4-42d38e9c72b8', 'bc886bd6-602f-49d5-8508-01b987fe7ed7');
INSERT INTO public.library_task_recommendations VALUES ('61584f3f-39ca-4968-b1f9-75df32e5ad42', 'affd787b-1e6c-4c9d-a2d4-42d38e9c72b8', '08bbff19-ce5b-47c1-a680-4cd5d6d8866f');
INSERT INTO public.library_task_recommendations VALUES ('61584f3f-39ca-4968-b1f9-75df32e5ad42', 'd450fd01-39a6-443e-9b04-2c0eaaa1e99f', '4092d3b1-67d7-495b-84b4-de224a1b9894');
INSERT INTO public.library_task_recommendations VALUES ('61584f3f-39ca-4968-b1f9-75df32e5ad42', 'd450fd01-39a6-443e-9b04-2c0eaaa1e99f', 'e92f3626-be91-47da-b197-77e6154f5a15');
INSERT INTO public.library_task_recommendations VALUES ('61584f3f-39ca-4968-b1f9-75df32e5ad42', 'd450fd01-39a6-443e-9b04-2c0eaaa1e99f', '08bbff19-ce5b-47c1-a680-4cd5d6d8866f');
INSERT INTO public.library_task_recommendations VALUES ('61584f3f-39ca-4968-b1f9-75df32e5ad42', 'd450fd01-39a6-443e-9b04-2c0eaaa1e99f', '845518bd-2a56-47c7-92d7-220087939243');
INSERT INTO public.library_task_recommendations VALUES ('707c89f3-69f5-44ef-855d-1285c37bc19b', '1a5bfa7b-999f-42ca-b3a3-3ab238c8abd6', '62ca2539-c0c4-4920-aca8-60e8536e725d');
INSERT INTO public.library_task_recommendations VALUES ('707c89f3-69f5-44ef-855d-1285c37bc19b', '1a5bfa7b-999f-42ca-b3a3-3ab238c8abd6', '845518bd-2a56-47c7-92d7-220087939243');
INSERT INTO public.library_task_recommendations VALUES ('707c89f3-69f5-44ef-855d-1285c37bc19b', '1a5bfa7b-999f-42ca-b3a3-3ab238c8abd6', '4ff781dd-8f2e-47ef-91b0-132ecfdee586');
INSERT INTO public.library_task_recommendations VALUES ('707c89f3-69f5-44ef-855d-1285c37bc19b', '1a5bfa7b-999f-42ca-b3a3-3ab238c8abd6', 'bc886bd6-602f-49d5-8508-01b987fe7ed7');
INSERT INTO public.library_task_recommendations VALUES ('707c89f3-69f5-44ef-855d-1285c37bc19b', '20b5689a-ce74-40f8-a922-e2d5dc9a91f5', '1f9a5ff0-3394-4895-b45c-089ac6643003');
INSERT INTO public.library_task_recommendations VALUES ('707c89f3-69f5-44ef-855d-1285c37bc19b', '2330705c-290e-4010-9be4-62e7cb5d0477', '85abffe4-0558-462b-b17f-65d8f6ecb910');
INSERT INTO public.library_task_recommendations VALUES ('707c89f3-69f5-44ef-855d-1285c37bc19b', '2330705c-290e-4010-9be4-62e7cb5d0477', '1f9a5ff0-3394-4895-b45c-089ac6643003');
INSERT INTO public.library_task_recommendations VALUES ('707c89f3-69f5-44ef-855d-1285c37bc19b', '2330705c-290e-4010-9be4-62e7cb5d0477', '62ca2539-c0c4-4920-aca8-60e8536e725d');
INSERT INTO public.library_task_recommendations VALUES ('707c89f3-69f5-44ef-855d-1285c37bc19b', '2330705c-290e-4010-9be4-62e7cb5d0477', '359a02e2-7330-4175-a5b6-ef918e7d4158');
INSERT INTO public.library_task_recommendations VALUES ('707c89f3-69f5-44ef-855d-1285c37bc19b', '2330705c-290e-4010-9be4-62e7cb5d0477', 'a033267d-7322-42c8-b011-4015d68b2bc2');
INSERT INTO public.library_task_recommendations VALUES ('707c89f3-69f5-44ef-855d-1285c37bc19b', '23b011d4-4cb2-4526-9761-e247d506557a', 'd8251088-33df-44b9-8286-3e11d80645d1');
INSERT INTO public.library_task_recommendations VALUES ('707c89f3-69f5-44ef-855d-1285c37bc19b', 'aaf65ad9-2589-488a-87bd-52697e2fdc8b', '1f9a5ff0-3394-4895-b45c-089ac6643003');
INSERT INTO public.library_task_recommendations VALUES ('e76ac93a-3460-40e0-9c67-2ba771be2306', '064e56c8-0024-4cf5-8b11-8acce96c67da', 'c2efdade-aac5-40c6-aa29-34687d2114f3');
INSERT INTO public.library_task_recommendations VALUES ('e76ac93a-3460-40e0-9c67-2ba771be2306', '064e56c8-0024-4cf5-8b11-8acce96c67da', '946381c0-6040-4576-b1c9-dbd9d6a607d1');
INSERT INTO public.library_task_recommendations VALUES ('e76ac93a-3460-40e0-9c67-2ba771be2306', '1a5bfa7b-999f-42ca-b3a3-3ab238c8abd6', '62ca2539-c0c4-4920-aca8-60e8536e725d');
INSERT INTO public.library_task_recommendations VALUES ('e76ac93a-3460-40e0-9c67-2ba771be2306', '1a5bfa7b-999f-42ca-b3a3-3ab238c8abd6', '845518bd-2a56-47c7-92d7-220087939243');
INSERT INTO public.library_task_recommendations VALUES ('e76ac93a-3460-40e0-9c67-2ba771be2306', '1a5bfa7b-999f-42ca-b3a3-3ab238c8abd6', '4ff781dd-8f2e-47ef-91b0-132ecfdee586');
INSERT INTO public.library_task_recommendations VALUES ('e76ac93a-3460-40e0-9c67-2ba771be2306', '2330705c-290e-4010-9be4-62e7cb5d0477', '62ca2539-c0c4-4920-aca8-60e8536e725d');
INSERT INTO public.library_task_recommendations VALUES ('e76ac93a-3460-40e0-9c67-2ba771be2306', '2330705c-290e-4010-9be4-62e7cb5d0477', '85abffe4-0558-462b-b17f-65d8f6ecb910');
INSERT INTO public.library_task_recommendations VALUES ('e76ac93a-3460-40e0-9c67-2ba771be2306', '2330705c-290e-4010-9be4-62e7cb5d0477', '1f9a5ff0-3394-4895-b45c-089ac6643003');
INSERT INTO public.library_task_recommendations VALUES ('e76ac93a-3460-40e0-9c67-2ba771be2306', '2330705c-290e-4010-9be4-62e7cb5d0477', 'a033267d-7322-42c8-b011-4015d68b2bc2');
INSERT INTO public.library_task_recommendations VALUES ('e76ac93a-3460-40e0-9c67-2ba771be2306', 'cc751338-928a-499a-b1dd-87b9ecc573fd', '9445a787-c4cb-4fb2-8a49-1b9947f55876');
INSERT INTO public.library_task_recommendations VALUES ('e76ac93a-3460-40e0-9c67-2ba771be2306', 'cc751338-928a-499a-b1dd-87b9ecc573fd', '845518bd-2a56-47c7-92d7-220087939243');
INSERT INTO public.library_task_recommendations VALUES ('47946e56-d353-4d09-ba02-948403fe4acc', '1a5bfa7b-999f-42ca-b3a3-3ab238c8abd6', '62ca2539-c0c4-4920-aca8-60e8536e725d');
INSERT INTO public.library_task_recommendations VALUES ('47946e56-d353-4d09-ba02-948403fe4acc', '1a5bfa7b-999f-42ca-b3a3-3ab238c8abd6', '845518bd-2a56-47c7-92d7-220087939243');
INSERT INTO public.library_task_recommendations VALUES ('47946e56-d353-4d09-ba02-948403fe4acc', '1a5bfa7b-999f-42ca-b3a3-3ab238c8abd6', '4ff781dd-8f2e-47ef-91b0-132ecfdee586');
INSERT INTO public.library_task_recommendations VALUES ('47946e56-d353-4d09-ba02-948403fe4acc', '20b5689a-ce74-40f8-a922-e2d5dc9a91f5', 'e92f3626-be91-47da-b197-77e6154f5a15');
INSERT INTO public.library_task_recommendations VALUES ('47946e56-d353-4d09-ba02-948403fe4acc', '2330705c-290e-4010-9be4-62e7cb5d0477', '1a4fcf20-634f-4959-bf07-7baef3cbcd55');
INSERT INTO public.library_task_recommendations VALUES ('47946e56-d353-4d09-ba02-948403fe4acc', '2330705c-290e-4010-9be4-62e7cb5d0477', 'ff161bca-e057-4045-a3fe-708b6569ab8a');
INSERT INTO public.library_task_recommendations VALUES ('47946e56-d353-4d09-ba02-948403fe4acc', '2330705c-290e-4010-9be4-62e7cb5d0477', '62ca2539-c0c4-4920-aca8-60e8536e725d');
INSERT INTO public.library_task_recommendations VALUES ('47946e56-d353-4d09-ba02-948403fe4acc', '2330705c-290e-4010-9be4-62e7cb5d0477', '85abffe4-0558-462b-b17f-65d8f6ecb910');
INSERT INTO public.library_task_recommendations VALUES ('47946e56-d353-4d09-ba02-948403fe4acc', '2330705c-290e-4010-9be4-62e7cb5d0477', 'a033267d-7322-42c8-b011-4015d68b2bc2');
INSERT INTO public.library_task_recommendations VALUES ('47946e56-d353-4d09-ba02-948403fe4acc', '5a7861e6-948f-451e-8f2e-0c4fc1a2aced', 'a033267d-7322-42c8-b011-4015d68b2bc2');
INSERT INTO public.library_task_recommendations VALUES ('47946e56-d353-4d09-ba02-948403fe4acc', '5a7861e6-948f-451e-8f2e-0c4fc1a2aced', 'cb624eaf-2cda-4558-8c8a-d1778ec9df6e');
INSERT INTO public.library_task_recommendations VALUES ('47946e56-d353-4d09-ba02-948403fe4acc', '5a7861e6-948f-451e-8f2e-0c4fc1a2aced', '1a4fcf20-634f-4959-bf07-7baef3cbcd55');
INSERT INTO public.library_task_recommendations VALUES ('47946e56-d353-4d09-ba02-948403fe4acc', '5a7861e6-948f-451e-8f2e-0c4fc1a2aced', '54e26d98-c66d-45fb-929c-d6c7c2dc7d31');
INSERT INTO public.library_task_recommendations VALUES ('47946e56-d353-4d09-ba02-948403fe4acc', '5a7861e6-948f-451e-8f2e-0c4fc1a2aced', 'bc886bd6-602f-49d5-8508-01b987fe7ed7');
INSERT INTO public.library_task_recommendations VALUES ('47946e56-d353-4d09-ba02-948403fe4acc', '5a7861e6-948f-451e-8f2e-0c4fc1a2aced', '1f9a5ff0-3394-4895-b45c-089ac6643003');
INSERT INTO public.library_task_recommendations VALUES ('47946e56-d353-4d09-ba02-948403fe4acc', '5a7861e6-948f-451e-8f2e-0c4fc1a2aced', '4092d3b1-67d7-495b-84b4-de224a1b9894');
INSERT INTO public.library_task_recommendations VALUES ('47946e56-d353-4d09-ba02-948403fe4acc', '5a7861e6-948f-451e-8f2e-0c4fc1a2aced', '62ca2539-c0c4-4920-aca8-60e8536e725d');
INSERT INTO public.library_task_recommendations VALUES ('47946e56-d353-4d09-ba02-948403fe4acc', '78f5391a-d554-45ff-b13a-de230817806c', 'cf25cc91-be50-4117-aced-c8a8f83db846');
INSERT INTO public.library_task_recommendations VALUES ('47946e56-d353-4d09-ba02-948403fe4acc', '78f5391a-d554-45ff-b13a-de230817806c', '0f2534da-adad-4dab-a700-8d1493f5ba82');
INSERT INTO public.library_task_recommendations VALUES ('47946e56-d353-4d09-ba02-948403fe4acc', '78f5391a-d554-45ff-b13a-de230817806c', '4092d3b1-67d7-495b-84b4-de224a1b9894');
INSERT INTO public.library_task_recommendations VALUES ('47946e56-d353-4d09-ba02-948403fe4acc', '78f5391a-d554-45ff-b13a-de230817806c', '54e26d98-c66d-45fb-929c-d6c7c2dc7d31');
INSERT INTO public.library_task_recommendations VALUES ('47946e56-d353-4d09-ba02-948403fe4acc', 'd450fd01-39a6-443e-9b04-2c0eaaa1e99f', '8b781386-e309-44d5-9b8d-35230f80119a');
INSERT INTO public.library_task_recommendations VALUES ('47946e56-d353-4d09-ba02-948403fe4acc', 'd450fd01-39a6-443e-9b04-2c0eaaa1e99f', 'bb525844-3ff4-4c98-8a15-894cfc324715');
INSERT INTO public.library_task_recommendations VALUES ('f422cab2-a7be-4015-80d4-ddfc2a30e717', '064e56c8-0024-4cf5-8b11-8acce96c67da', '946381c0-6040-4576-b1c9-dbd9d6a607d1');
INSERT INTO public.library_task_recommendations VALUES ('f422cab2-a7be-4015-80d4-ddfc2a30e717', '064e56c8-0024-4cf5-8b11-8acce96c67da', 'c2efdade-aac5-40c6-aa29-34687d2114f3');
INSERT INTO public.library_task_recommendations VALUES ('f422cab2-a7be-4015-80d4-ddfc2a30e717', '1a5bfa7b-999f-42ca-b3a3-3ab238c8abd6', '62ca2539-c0c4-4920-aca8-60e8536e725d');
INSERT INTO public.library_task_recommendations VALUES ('f422cab2-a7be-4015-80d4-ddfc2a30e717', '1a5bfa7b-999f-42ca-b3a3-3ab238c8abd6', '845518bd-2a56-47c7-92d7-220087939243');
INSERT INTO public.library_task_recommendations VALUES ('f422cab2-a7be-4015-80d4-ddfc2a30e717', '1a5bfa7b-999f-42ca-b3a3-3ab238c8abd6', '4ff781dd-8f2e-47ef-91b0-132ecfdee586');
INSERT INTO public.library_task_recommendations VALUES ('f422cab2-a7be-4015-80d4-ddfc2a30e717', '20b5689a-ce74-40f8-a922-e2d5dc9a91f5', '8b781386-e309-44d5-9b8d-35230f80119a');
INSERT INTO public.library_task_recommendations VALUES ('f422cab2-a7be-4015-80d4-ddfc2a30e717', '20b5689a-ce74-40f8-a922-e2d5dc9a91f5', 'bb525844-3ff4-4c98-8a15-894cfc324715');
INSERT INTO public.library_task_recommendations VALUES ('f422cab2-a7be-4015-80d4-ddfc2a30e717', '5a7861e6-948f-451e-8f2e-0c4fc1a2aced', 'bc886bd6-602f-49d5-8508-01b987fe7ed7');
INSERT INTO public.library_task_recommendations VALUES ('f422cab2-a7be-4015-80d4-ddfc2a30e717', '5a7861e6-948f-451e-8f2e-0c4fc1a2aced', '1f9a5ff0-3394-4895-b45c-089ac6643003');
INSERT INTO public.library_task_recommendations VALUES ('f422cab2-a7be-4015-80d4-ddfc2a30e717', '5a7861e6-948f-451e-8f2e-0c4fc1a2aced', '4092d3b1-67d7-495b-84b4-de224a1b9894');
INSERT INTO public.library_task_recommendations VALUES ('f422cab2-a7be-4015-80d4-ddfc2a30e717', '5a7861e6-948f-451e-8f2e-0c4fc1a2aced', '62ca2539-c0c4-4920-aca8-60e8536e725d');
INSERT INTO public.library_task_recommendations VALUES ('f422cab2-a7be-4015-80d4-ddfc2a30e717', 'b8ad2b92-18e3-4ba4-a833-cbad42648f0b', '1f9a5ff0-3394-4895-b45c-089ac6643003');
INSERT INTO public.library_task_recommendations VALUES ('527054e9-88e8-44e9-b006-f72eb7934436', '064e56c8-0024-4cf5-8b11-8acce96c67da', '62ca2539-c0c4-4920-aca8-60e8536e725d');
INSERT INTO public.library_task_recommendations VALUES ('527054e9-88e8-44e9-b006-f72eb7934436', '064e56c8-0024-4cf5-8b11-8acce96c67da', '946381c0-6040-4576-b1c9-dbd9d6a607d1');
INSERT INTO public.library_task_recommendations VALUES ('527054e9-88e8-44e9-b006-f72eb7934436', '064e56c8-0024-4cf5-8b11-8acce96c67da', '4ff781dd-8f2e-47ef-91b0-132ecfdee586');
INSERT INTO public.library_task_recommendations VALUES ('527054e9-88e8-44e9-b006-f72eb7934436', '064e56c8-0024-4cf5-8b11-8acce96c67da', 'c2efdade-aac5-40c6-aa29-34687d2114f3');
INSERT INTO public.library_task_recommendations VALUES ('527054e9-88e8-44e9-b006-f72eb7934436', '0db44d38-fa65-4aa5-99bd-ab4a7ec0c880', '52182601-b5ef-4526-ad02-5d63f5b75e84');
INSERT INTO public.library_task_recommendations VALUES ('527054e9-88e8-44e9-b006-f72eb7934436', '0db44d38-fa65-4aa5-99bd-ab4a7ec0c880', '6f005259-0fc3-4fd2-bcf7-b2bf67d44766');
INSERT INTO public.library_task_recommendations VALUES ('527054e9-88e8-44e9-b006-f72eb7934436', '1a5bfa7b-999f-42ca-b3a3-3ab238c8abd6', '62ca2539-c0c4-4920-aca8-60e8536e725d');
INSERT INTO public.library_task_recommendations VALUES ('527054e9-88e8-44e9-b006-f72eb7934436', '1a5bfa7b-999f-42ca-b3a3-3ab238c8abd6', '845518bd-2a56-47c7-92d7-220087939243');
INSERT INTO public.library_task_recommendations VALUES ('527054e9-88e8-44e9-b006-f72eb7934436', '1a5bfa7b-999f-42ca-b3a3-3ab238c8abd6', '4ff781dd-8f2e-47ef-91b0-132ecfdee586');
INSERT INTO public.library_task_recommendations VALUES ('527054e9-88e8-44e9-b006-f72eb7934436', '20b5689a-ce74-40f8-a922-e2d5dc9a91f5', '8b781386-e309-44d5-9b8d-35230f80119a');
INSERT INTO public.library_task_recommendations VALUES ('527054e9-88e8-44e9-b006-f72eb7934436', '20b5689a-ce74-40f8-a922-e2d5dc9a91f5', 'bb525844-3ff4-4c98-8a15-894cfc324715');
INSERT INTO public.library_task_recommendations VALUES ('527054e9-88e8-44e9-b006-f72eb7934436', '23041379-366e-4ab2-a0db-a18b569bdafb', '8b1698a3-a055-499c-95e5-56059e3cdd89');
INSERT INTO public.library_task_recommendations VALUES ('527054e9-88e8-44e9-b006-f72eb7934436', '23b011d4-4cb2-4526-9761-e247d506557a', 'd8251088-33df-44b9-8286-3e11d80645d1');
INSERT INTO public.library_task_recommendations VALUES ('58e446e5-f278-4a65-aea1-a1e2604da5bb', '064e56c8-0024-4cf5-8b11-8acce96c67da', '08bbff19-ce5b-47c1-a680-4cd5d6d8866f');
INSERT INTO public.library_task_recommendations VALUES ('58e446e5-f278-4a65-aea1-a1e2604da5bb', '064e56c8-0024-4cf5-8b11-8acce96c67da', 'e92f3626-be91-47da-b197-77e6154f5a15');
INSERT INTO public.library_task_recommendations VALUES ('58e446e5-f278-4a65-aea1-a1e2604da5bb', '064e56c8-0024-4cf5-8b11-8acce96c67da', '845518bd-2a56-47c7-92d7-220087939243');
INSERT INTO public.library_task_recommendations VALUES ('58e446e5-f278-4a65-aea1-a1e2604da5bb', '064e56c8-0024-4cf5-8b11-8acce96c67da', 'c2efdade-aac5-40c6-aa29-34687d2114f3');
INSERT INTO public.library_task_recommendations VALUES ('58e446e5-f278-4a65-aea1-a1e2604da5bb', '0db44d38-fa65-4aa5-99bd-ab4a7ec0c880', '52182601-b5ef-4526-ad02-5d63f5b75e84');
INSERT INTO public.library_task_recommendations VALUES ('58e446e5-f278-4a65-aea1-a1e2604da5bb', '0db44d38-fa65-4aa5-99bd-ab4a7ec0c880', '6f005259-0fc3-4fd2-bcf7-b2bf67d44766');
INSERT INTO public.library_task_recommendations VALUES ('58e446e5-f278-4a65-aea1-a1e2604da5bb', '1a5bfa7b-999f-42ca-b3a3-3ab238c8abd6', '845518bd-2a56-47c7-92d7-220087939243');
INSERT INTO public.library_task_recommendations VALUES ('58e446e5-f278-4a65-aea1-a1e2604da5bb', '1a5bfa7b-999f-42ca-b3a3-3ab238c8abd6', '4ff781dd-8f2e-47ef-91b0-132ecfdee586');
INSERT INTO public.library_task_recommendations VALUES ('58e446e5-f278-4a65-aea1-a1e2604da5bb', '1a5bfa7b-999f-42ca-b3a3-3ab238c8abd6', '62ca2539-c0c4-4920-aca8-60e8536e725d');
INSERT INTO public.library_task_recommendations VALUES ('58e446e5-f278-4a65-aea1-a1e2604da5bb', '20b5689a-ce74-40f8-a922-e2d5dc9a91f5', '8b781386-e309-44d5-9b8d-35230f80119a');
INSERT INTO public.library_task_recommendations VALUES ('58e446e5-f278-4a65-aea1-a1e2604da5bb', '20b5689a-ce74-40f8-a922-e2d5dc9a91f5', 'bb525844-3ff4-4c98-8a15-894cfc324715');
INSERT INTO public.library_task_recommendations VALUES ('58e446e5-f278-4a65-aea1-a1e2604da5bb', '2330705c-290e-4010-9be4-62e7cb5d0477', '62ca2539-c0c4-4920-aca8-60e8536e725d');
INSERT INTO public.library_task_recommendations VALUES ('58e446e5-f278-4a65-aea1-a1e2604da5bb', '2330705c-290e-4010-9be4-62e7cb5d0477', 'e92f3626-be91-47da-b197-77e6154f5a15');
INSERT INTO public.library_task_recommendations VALUES ('58e446e5-f278-4a65-aea1-a1e2604da5bb', '2330705c-290e-4010-9be4-62e7cb5d0477', '845518bd-2a56-47c7-92d7-220087939243');
INSERT INTO public.library_task_recommendations VALUES ('58e446e5-f278-4a65-aea1-a1e2604da5bb', '2330705c-290e-4010-9be4-62e7cb5d0477', 'c2efdade-aac5-40c6-aa29-34687d2114f3');
INSERT INTO public.library_task_recommendations VALUES ('b7975a77-1cc9-45c4-8e90-9173f2e2ce5f', '064e56c8-0024-4cf5-8b11-8acce96c67da', '62ca2539-c0c4-4920-aca8-60e8536e725d');
INSERT INTO public.library_task_recommendations VALUES ('b7975a77-1cc9-45c4-8e90-9173f2e2ce5f', '064e56c8-0024-4cf5-8b11-8acce96c67da', '845518bd-2a56-47c7-92d7-220087939243');
INSERT INTO public.library_task_recommendations VALUES ('b7975a77-1cc9-45c4-8e90-9173f2e2ce5f', '064e56c8-0024-4cf5-8b11-8acce96c67da', '4ff781dd-8f2e-47ef-91b0-132ecfdee586');
INSERT INTO public.library_task_recommendations VALUES ('b7975a77-1cc9-45c4-8e90-9173f2e2ce5f', '064e56c8-0024-4cf5-8b11-8acce96c67da', 'c2efdade-aac5-40c6-aa29-34687d2114f3');
INSERT INTO public.library_task_recommendations VALUES ('b7975a77-1cc9-45c4-8e90-9173f2e2ce5f', '064e56c8-0024-4cf5-8b11-8acce96c67da', '946381c0-6040-4576-b1c9-dbd9d6a607d1');
INSERT INTO public.library_task_recommendations VALUES ('b7975a77-1cc9-45c4-8e90-9173f2e2ce5f', '0db44d38-fa65-4aa5-99bd-ab4a7ec0c880', '52182601-b5ef-4526-ad02-5d63f5b75e84');
INSERT INTO public.library_task_recommendations VALUES ('b7975a77-1cc9-45c4-8e90-9173f2e2ce5f', '0db44d38-fa65-4aa5-99bd-ab4a7ec0c880', '6f005259-0fc3-4fd2-bcf7-b2bf67d44766');
INSERT INTO public.library_task_recommendations VALUES ('b7975a77-1cc9-45c4-8e90-9173f2e2ce5f', '1a5bfa7b-999f-42ca-b3a3-3ab238c8abd6', '62ca2539-c0c4-4920-aca8-60e8536e725d');
INSERT INTO public.library_task_recommendations VALUES ('b7975a77-1cc9-45c4-8e90-9173f2e2ce5f', '1a5bfa7b-999f-42ca-b3a3-3ab238c8abd6', '845518bd-2a56-47c7-92d7-220087939243');
INSERT INTO public.library_task_recommendations VALUES ('b7975a77-1cc9-45c4-8e90-9173f2e2ce5f', '1a5bfa7b-999f-42ca-b3a3-3ab238c8abd6', '4ff781dd-8f2e-47ef-91b0-132ecfdee586');
INSERT INTO public.library_task_recommendations VALUES ('b7975a77-1cc9-45c4-8e90-9173f2e2ce5f', '5a7861e6-948f-451e-8f2e-0c4fc1a2aced', '85abffe4-0558-462b-b17f-65d8f6ecb910');
INSERT INTO public.library_task_recommendations VALUES ('b7975a77-1cc9-45c4-8e90-9173f2e2ce5f', '5a7861e6-948f-451e-8f2e-0c4fc1a2aced', '1f9a5ff0-3394-4895-b45c-089ac6643003');
INSERT INTO public.library_task_recommendations VALUES ('b7975a77-1cc9-45c4-8e90-9173f2e2ce5f', '5a7861e6-948f-451e-8f2e-0c4fc1a2aced', 'a033267d-7322-42c8-b011-4015d68b2bc2');
INSERT INTO public.library_task_recommendations VALUES ('b7975a77-1cc9-45c4-8e90-9173f2e2ce5f', '5a7861e6-948f-451e-8f2e-0c4fc1a2aced', 'bc886bd6-602f-49d5-8508-01b987fe7ed7');
INSERT INTO public.library_task_recommendations VALUES ('8fa3aba3-66fe-41ea-b315-ba070785bbcf', '5a7861e6-948f-451e-8f2e-0c4fc1a2aced', 'cb624eaf-2cda-4558-8c8a-d1778ec9df6e');
INSERT INTO public.library_task_recommendations VALUES ('8fa3aba3-66fe-41ea-b315-ba070785bbcf', '5a7861e6-948f-451e-8f2e-0c4fc1a2aced', 'a033267d-7322-42c8-b011-4015d68b2bc2');
INSERT INTO public.library_task_recommendations VALUES ('8fa3aba3-66fe-41ea-b315-ba070785bbcf', '5a7861e6-948f-451e-8f2e-0c4fc1a2aced', '1a4fcf20-634f-4959-bf07-7baef3cbcd55');
INSERT INTO public.library_task_recommendations VALUES ('8fa3aba3-66fe-41ea-b315-ba070785bbcf', '5a7861e6-948f-451e-8f2e-0c4fc1a2aced', '54e26d98-c66d-45fb-929c-d6c7c2dc7d31');
INSERT INTO public.library_task_recommendations VALUES ('8fa3aba3-66fe-41ea-b315-ba070785bbcf', '5a7861e6-948f-451e-8f2e-0c4fc1a2aced', '62ca2539-c0c4-4920-aca8-60e8536e725d');
INSERT INTO public.library_task_recommendations VALUES ('831d5978-5338-449b-97b1-feededfa0238', '0db44d38-fa65-4aa5-99bd-ab4a7ec0c880', '52182601-b5ef-4526-ad02-5d63f5b75e84');
INSERT INTO public.library_task_recommendations VALUES ('831d5978-5338-449b-97b1-feededfa0238', '0db44d38-fa65-4aa5-99bd-ab4a7ec0c880', '6f005259-0fc3-4fd2-bcf7-b2bf67d44766');
INSERT INTO public.library_task_recommendations VALUES ('831d5978-5338-449b-97b1-feededfa0238', '1a5bfa7b-999f-42ca-b3a3-3ab238c8abd6', '62ca2539-c0c4-4920-aca8-60e8536e725d');
INSERT INTO public.library_task_recommendations VALUES ('831d5978-5338-449b-97b1-feededfa0238', '1a5bfa7b-999f-42ca-b3a3-3ab238c8abd6', '845518bd-2a56-47c7-92d7-220087939243');
INSERT INTO public.library_task_recommendations VALUES ('831d5978-5338-449b-97b1-feededfa0238', '1a5bfa7b-999f-42ca-b3a3-3ab238c8abd6', '4ff781dd-8f2e-47ef-91b0-132ecfdee586');
INSERT INTO public.library_task_recommendations VALUES ('831d5978-5338-449b-97b1-feededfa0238', '20b5689a-ce74-40f8-a922-e2d5dc9a91f5', '8b781386-e309-44d5-9b8d-35230f80119a');
INSERT INTO public.library_task_recommendations VALUES ('831d5978-5338-449b-97b1-feededfa0238', '20b5689a-ce74-40f8-a922-e2d5dc9a91f5', 'bb525844-3ff4-4c98-8a15-894cfc324715');
INSERT INTO public.library_task_recommendations VALUES ('831d5978-5338-449b-97b1-feededfa0238', '23041379-366e-4ab2-a0db-a18b569bdafb', '9e21d7c7-3276-406e-951e-a710c5c3f35a');
INSERT INTO public.library_task_recommendations VALUES ('831d5978-5338-449b-97b1-feededfa0238', '23041379-366e-4ab2-a0db-a18b569bdafb', '62ca2539-c0c4-4920-aca8-60e8536e725d');
INSERT INTO public.library_task_recommendations VALUES ('831d5978-5338-449b-97b1-feededfa0238', '3c3e7da5-5a46-4ad8-a12c-533555359614', '62ca2539-c0c4-4920-aca8-60e8536e725d');
INSERT INTO public.library_task_recommendations VALUES ('831d5978-5338-449b-97b1-feededfa0238', '3c3e7da5-5a46-4ad8-a12c-533555359614', 'cb624eaf-2cda-4558-8c8a-d1778ec9df6e');
INSERT INTO public.library_task_recommendations VALUES ('831d5978-5338-449b-97b1-feededfa0238', '3c3e7da5-5a46-4ad8-a12c-533555359614', 'a033267d-7322-42c8-b011-4015d68b2bc2');
INSERT INTO public.library_task_recommendations VALUES ('831d5978-5338-449b-97b1-feededfa0238', '3c3e7da5-5a46-4ad8-a12c-533555359614', '4092d3b1-67d7-495b-84b4-de224a1b9894');
INSERT INTO public.library_task_recommendations VALUES ('831d5978-5338-449b-97b1-feededfa0238', '5a7861e6-948f-451e-8f2e-0c4fc1a2aced', '1a4fcf20-634f-4959-bf07-7baef3cbcd55');
INSERT INTO public.library_task_recommendations VALUES ('831d5978-5338-449b-97b1-feededfa0238', '5a7861e6-948f-451e-8f2e-0c4fc1a2aced', 'ff161bca-e057-4045-a3fe-708b6569ab8a');
INSERT INTO public.library_task_recommendations VALUES ('831d5978-5338-449b-97b1-feededfa0238', '5a7861e6-948f-451e-8f2e-0c4fc1a2aced', '62ca2539-c0c4-4920-aca8-60e8536e725d');
INSERT INTO public.library_task_recommendations VALUES ('831d5978-5338-449b-97b1-feededfa0238', '5a7861e6-948f-451e-8f2e-0c4fc1a2aced', '85abffe4-0558-462b-b17f-65d8f6ecb910');
INSERT INTO public.library_task_recommendations VALUES ('831d5978-5338-449b-97b1-feededfa0238', '5a7861e6-948f-451e-8f2e-0c4fc1a2aced', 'a033267d-7322-42c8-b011-4015d68b2bc2');
INSERT INTO public.library_task_recommendations VALUES ('831d5978-5338-449b-97b1-feededfa0238', '5a7861e6-948f-451e-8f2e-0c4fc1a2aced', '1f9a5ff0-3394-4895-b45c-089ac6643003');
INSERT INTO public.library_task_recommendations VALUES ('1867f569-da9d-4428-8081-189b9ff10c60', '064e56c8-0024-4cf5-8b11-8acce96c67da', '62ca2539-c0c4-4920-aca8-60e8536e725d');
INSERT INTO public.library_task_recommendations VALUES ('1867f569-da9d-4428-8081-189b9ff10c60', '064e56c8-0024-4cf5-8b11-8acce96c67da', '946381c0-6040-4576-b1c9-dbd9d6a607d1');
INSERT INTO public.library_task_recommendations VALUES ('1867f569-da9d-4428-8081-189b9ff10c60', '064e56c8-0024-4cf5-8b11-8acce96c67da', '4ff781dd-8f2e-47ef-91b0-132ecfdee586');
INSERT INTO public.library_task_recommendations VALUES ('1867f569-da9d-4428-8081-189b9ff10c60', '064e56c8-0024-4cf5-8b11-8acce96c67da', 'c2efdade-aac5-40c6-aa29-34687d2114f3');
INSERT INTO public.library_task_recommendations VALUES ('1867f569-da9d-4428-8081-189b9ff10c60', '0db44d38-fa65-4aa5-99bd-ab4a7ec0c880', '52182601-b5ef-4526-ad02-5d63f5b75e84');
INSERT INTO public.library_task_recommendations VALUES ('1867f569-da9d-4428-8081-189b9ff10c60', '0db44d38-fa65-4aa5-99bd-ab4a7ec0c880', '6f005259-0fc3-4fd2-bcf7-b2bf67d44766');
INSERT INTO public.library_task_recommendations VALUES ('1867f569-da9d-4428-8081-189b9ff10c60', '1a5bfa7b-999f-42ca-b3a3-3ab238c8abd6', '62ca2539-c0c4-4920-aca8-60e8536e725d');
INSERT INTO public.library_task_recommendations VALUES ('1867f569-da9d-4428-8081-189b9ff10c60', '1a5bfa7b-999f-42ca-b3a3-3ab238c8abd6', '845518bd-2a56-47c7-92d7-220087939243');
INSERT INTO public.library_task_recommendations VALUES ('1867f569-da9d-4428-8081-189b9ff10c60', '1a5bfa7b-999f-42ca-b3a3-3ab238c8abd6', '4ff781dd-8f2e-47ef-91b0-132ecfdee586');
INSERT INTO public.library_task_recommendations VALUES ('1867f569-da9d-4428-8081-189b9ff10c60', '1a5bfa7b-999f-42ca-b3a3-3ab238c8abd6', '946381c0-6040-4576-b1c9-dbd9d6a607d1');
INSERT INTO public.library_task_recommendations VALUES ('1867f569-da9d-4428-8081-189b9ff10c60', '1a5bfa7b-999f-42ca-b3a3-3ab238c8abd6', '8b781386-e309-44d5-9b8d-35230f80119a');
INSERT INTO public.library_task_recommendations VALUES ('1867f569-da9d-4428-8081-189b9ff10c60', '1a5bfa7b-999f-42ca-b3a3-3ab238c8abd6', 'bb525844-3ff4-4c98-8a15-894cfc324715');
INSERT INTO public.library_task_recommendations VALUES ('1867f569-da9d-4428-8081-189b9ff10c60', '5a7861e6-948f-451e-8f2e-0c4fc1a2aced', '1a4fcf20-634f-4959-bf07-7baef3cbcd55');
INSERT INTO public.library_task_recommendations VALUES ('1867f569-da9d-4428-8081-189b9ff10c60', '5a7861e6-948f-451e-8f2e-0c4fc1a2aced', 'ff161bca-e057-4045-a3fe-708b6569ab8a');
INSERT INTO public.library_task_recommendations VALUES ('1867f569-da9d-4428-8081-189b9ff10c60', '5a7861e6-948f-451e-8f2e-0c4fc1a2aced', '62ca2539-c0c4-4920-aca8-60e8536e725d');
INSERT INTO public.library_task_recommendations VALUES ('1867f569-da9d-4428-8081-189b9ff10c60', '5a7861e6-948f-451e-8f2e-0c4fc1a2aced', '85abffe4-0558-462b-b17f-65d8f6ecb910');
INSERT INTO public.library_task_recommendations VALUES ('1867f569-da9d-4428-8081-189b9ff10c60', '5a7861e6-948f-451e-8f2e-0c4fc1a2aced', 'a033267d-7322-42c8-b011-4015d68b2bc2');
INSERT INTO public.library_task_recommendations VALUES ('1867f569-da9d-4428-8081-189b9ff10c60', '5a7861e6-948f-451e-8f2e-0c4fc1a2aced', '1f9a5ff0-3394-4895-b45c-089ac6643003');
INSERT INTO public.library_task_recommendations VALUES ('1867f569-da9d-4428-8081-189b9ff10c60', 'affd787b-1e6c-4c9d-a2d4-42d38e9c72b8', '7bd1b8f8-020a-46bd-bff0-d4fba5910cac');
INSERT INTO public.library_task_recommendations VALUES ('1867f569-da9d-4428-8081-189b9ff10c60', 'affd787b-1e6c-4c9d-a2d4-42d38e9c72b8', 'bc886bd6-602f-49d5-8508-01b987fe7ed7');
INSERT INTO public.library_task_recommendations VALUES ('1867f569-da9d-4428-8081-189b9ff10c60', 'affd787b-1e6c-4c9d-a2d4-42d38e9c72b8', '08bbff19-ce5b-47c1-a680-4cd5d6d8866f');
INSERT INTO public.library_task_recommendations VALUES ('3ddc633b-f712-4f39-aa6b-ababefb6fbce', '064e56c8-0024-4cf5-8b11-8acce96c67da', '946381c0-6040-4576-b1c9-dbd9d6a607d1');
INSERT INTO public.library_task_recommendations VALUES ('3ddc633b-f712-4f39-aa6b-ababefb6fbce', '0db44d38-fa65-4aa5-99bd-ab4a7ec0c880', '52182601-b5ef-4526-ad02-5d63f5b75e84');
INSERT INTO public.library_task_recommendations VALUES ('3ddc633b-f712-4f39-aa6b-ababefb6fbce', '0db44d38-fa65-4aa5-99bd-ab4a7ec0c880', '6f005259-0fc3-4fd2-bcf7-b2bf67d44766');
INSERT INTO public.library_task_recommendations VALUES ('3ddc633b-f712-4f39-aa6b-ababefb6fbce', '1a5bfa7b-999f-42ca-b3a3-3ab238c8abd6', '62ca2539-c0c4-4920-aca8-60e8536e725d');
INSERT INTO public.library_task_recommendations VALUES ('3ddc633b-f712-4f39-aa6b-ababefb6fbce', '1a5bfa7b-999f-42ca-b3a3-3ab238c8abd6', '845518bd-2a56-47c7-92d7-220087939243');
INSERT INTO public.library_task_recommendations VALUES ('3ddc633b-f712-4f39-aa6b-ababefb6fbce', '1a5bfa7b-999f-42ca-b3a3-3ab238c8abd6', '4ff781dd-8f2e-47ef-91b0-132ecfdee586');
INSERT INTO public.library_task_recommendations VALUES ('3ddc633b-f712-4f39-aa6b-ababefb6fbce', '20b5689a-ce74-40f8-a922-e2d5dc9a91f5', '8b781386-e309-44d5-9b8d-35230f80119a');
INSERT INTO public.library_task_recommendations VALUES ('3ddc633b-f712-4f39-aa6b-ababefb6fbce', '20b5689a-ce74-40f8-a922-e2d5dc9a91f5', 'bb525844-3ff4-4c98-8a15-894cfc324715');
INSERT INTO public.library_task_recommendations VALUES ('3ddc633b-f712-4f39-aa6b-ababefb6fbce', '3c3e7da5-5a46-4ad8-a12c-533555359614', '33e934a7-c837-4a28-b896-9e4612a6c810');
INSERT INTO public.library_task_recommendations VALUES ('3ddc633b-f712-4f39-aa6b-ababefb6fbce', '3c3e7da5-5a46-4ad8-a12c-533555359614', 'cb624eaf-2cda-4558-8c8a-d1778ec9df6e');
INSERT INTO public.library_task_recommendations VALUES ('3ddc633b-f712-4f39-aa6b-ababefb6fbce', '3c3e7da5-5a46-4ad8-a12c-533555359614', 'a033267d-7322-42c8-b011-4015d68b2bc2');
INSERT INTO public.library_task_recommendations VALUES ('3ddc633b-f712-4f39-aa6b-ababefb6fbce', '3c3e7da5-5a46-4ad8-a12c-533555359614', '4092d3b1-67d7-495b-84b4-de224a1b9894');
INSERT INTO public.library_task_recommendations VALUES ('3ddc633b-f712-4f39-aa6b-ababefb6fbce', '5a7861e6-948f-451e-8f2e-0c4fc1a2aced', '1a4fcf20-634f-4959-bf07-7baef3cbcd55');
INSERT INTO public.library_task_recommendations VALUES ('3ddc633b-f712-4f39-aa6b-ababefb6fbce', '5a7861e6-948f-451e-8f2e-0c4fc1a2aced', 'a033267d-7322-42c8-b011-4015d68b2bc2');
INSERT INTO public.library_task_recommendations VALUES ('3ddc633b-f712-4f39-aa6b-ababefb6fbce', '5a7861e6-948f-451e-8f2e-0c4fc1a2aced', 'ff161bca-e057-4045-a3fe-708b6569ab8a');
INSERT INTO public.library_task_recommendations VALUES ('3ddc633b-f712-4f39-aa6b-ababefb6fbce', '5a7861e6-948f-451e-8f2e-0c4fc1a2aced', '62ca2539-c0c4-4920-aca8-60e8536e725d');
INSERT INTO public.library_task_recommendations VALUES ('3ddc633b-f712-4f39-aa6b-ababefb6fbce', '5a7861e6-948f-451e-8f2e-0c4fc1a2aced', '85abffe4-0558-462b-b17f-65d8f6ecb910');
INSERT INTO public.library_task_recommendations VALUES ('3ddc633b-f712-4f39-aa6b-ababefb6fbce', '5a7861e6-948f-451e-8f2e-0c4fc1a2aced', '1f9a5ff0-3394-4895-b45c-089ac6643003');
INSERT INTO public.library_task_recommendations VALUES ('598bf4fd-4c5f-4bce-919b-1aa56929f4b8', '064e56c8-0024-4cf5-8b11-8acce96c67da', '62ca2539-c0c4-4920-aca8-60e8536e725d');
INSERT INTO public.library_task_recommendations VALUES ('598bf4fd-4c5f-4bce-919b-1aa56929f4b8', '064e56c8-0024-4cf5-8b11-8acce96c67da', '946381c0-6040-4576-b1c9-dbd9d6a607d1');
INSERT INTO public.library_task_recommendations VALUES ('598bf4fd-4c5f-4bce-919b-1aa56929f4b8', '064e56c8-0024-4cf5-8b11-8acce96c67da', '4ff781dd-8f2e-47ef-91b0-132ecfdee586');
INSERT INTO public.library_task_recommendations VALUES ('598bf4fd-4c5f-4bce-919b-1aa56929f4b8', '064e56c8-0024-4cf5-8b11-8acce96c67da', 'c2efdade-aac5-40c6-aa29-34687d2114f3');
INSERT INTO public.library_task_recommendations VALUES ('598bf4fd-4c5f-4bce-919b-1aa56929f4b8', '0db44d38-fa65-4aa5-99bd-ab4a7ec0c880', '52182601-b5ef-4526-ad02-5d63f5b75e84');
INSERT INTO public.library_task_recommendations VALUES ('598bf4fd-4c5f-4bce-919b-1aa56929f4b8', '0db44d38-fa65-4aa5-99bd-ab4a7ec0c880', '6f005259-0fc3-4fd2-bcf7-b2bf67d44766');
INSERT INTO public.library_task_recommendations VALUES ('598bf4fd-4c5f-4bce-919b-1aa56929f4b8', '46c34c31-2f88-4885-94d2-f973cd3aa963', '8b781386-e309-44d5-9b8d-35230f80119a');
INSERT INTO public.library_task_recommendations VALUES ('598bf4fd-4c5f-4bce-919b-1aa56929f4b8', '46c34c31-2f88-4885-94d2-f973cd3aa963', 'bb525844-3ff4-4c98-8a15-894cfc324715');
INSERT INTO public.library_task_recommendations VALUES ('598bf4fd-4c5f-4bce-919b-1aa56929f4b8', '5075adf0-dc06-485a-9943-113e770334c1', '730d586c-f9fc-48c2-bab9-018e5474b81c');
INSERT INTO public.library_task_recommendations VALUES ('598bf4fd-4c5f-4bce-919b-1aa56929f4b8', '5075adf0-dc06-485a-9943-113e770334c1', 'bb525844-3ff4-4c98-8a15-894cfc324715');
INSERT INTO public.library_task_recommendations VALUES ('598bf4fd-4c5f-4bce-919b-1aa56929f4b8', '5075adf0-dc06-485a-9943-113e770334c1', '54e26d98-c66d-45fb-929c-d6c7c2dc7d31');
INSERT INTO public.library_task_recommendations VALUES ('598bf4fd-4c5f-4bce-919b-1aa56929f4b8', '5a7861e6-948f-451e-8f2e-0c4fc1a2aced', '1a4fcf20-634f-4959-bf07-7baef3cbcd55');
INSERT INTO public.library_task_recommendations VALUES ('598bf4fd-4c5f-4bce-919b-1aa56929f4b8', '5a7861e6-948f-451e-8f2e-0c4fc1a2aced', 'ff161bca-e057-4045-a3fe-708b6569ab8a');
INSERT INTO public.library_task_recommendations VALUES ('598bf4fd-4c5f-4bce-919b-1aa56929f4b8', '5a7861e6-948f-451e-8f2e-0c4fc1a2aced', '62ca2539-c0c4-4920-aca8-60e8536e725d');
INSERT INTO public.library_task_recommendations VALUES ('598bf4fd-4c5f-4bce-919b-1aa56929f4b8', '5a7861e6-948f-451e-8f2e-0c4fc1a2aced', 'a033267d-7322-42c8-b011-4015d68b2bc2');
INSERT INTO public.library_task_recommendations VALUES ('598bf4fd-4c5f-4bce-919b-1aa56929f4b8', '5a7861e6-948f-451e-8f2e-0c4fc1a2aced', '1f9a5ff0-3394-4895-b45c-089ac6643003');
INSERT INTO public.library_task_recommendations VALUES ('92ca4761-59c8-4682-96f1-e4942f1dc400', '064e56c8-0024-4cf5-8b11-8acce96c67da', '62ca2539-c0c4-4920-aca8-60e8536e725d');
INSERT INTO public.library_task_recommendations VALUES ('92ca4761-59c8-4682-96f1-e4942f1dc400', '064e56c8-0024-4cf5-8b11-8acce96c67da', '946381c0-6040-4576-b1c9-dbd9d6a607d1');
INSERT INTO public.library_task_recommendations VALUES ('92ca4761-59c8-4682-96f1-e4942f1dc400', '064e56c8-0024-4cf5-8b11-8acce96c67da', '4ff781dd-8f2e-47ef-91b0-132ecfdee586');
INSERT INTO public.library_task_recommendations VALUES ('92ca4761-59c8-4682-96f1-e4942f1dc400', '064e56c8-0024-4cf5-8b11-8acce96c67da', 'c2efdade-aac5-40c6-aa29-34687d2114f3');
INSERT INTO public.library_task_recommendations VALUES ('92ca4761-59c8-4682-96f1-e4942f1dc400', '79548b0a-9a11-4a9f-bd66-e1aa601a77d8', '7bd1b8f8-020a-46bd-bff0-d4fba5910cac');
INSERT INTO public.library_task_recommendations VALUES ('92ca4761-59c8-4682-96f1-e4942f1dc400', '79548b0a-9a11-4a9f-bd66-e1aa601a77d8', '89fe7159-5576-4696-9356-75a34e8da4ea');
INSERT INTO public.library_task_recommendations VALUES ('92ca4761-59c8-4682-96f1-e4942f1dc400', 'affd787b-1e6c-4c9d-a2d4-42d38e9c72b8', '7bd1b8f8-020a-46bd-bff0-d4fba5910cac');
INSERT INTO public.library_task_recommendations VALUES ('065b1971-6107-4e99-b84b-a44662262866', '5a7861e6-948f-451e-8f2e-0c4fc1a2aced', '157f439d-8fcb-4182-b172-eaacee5f9ff0');
INSERT INTO public.library_task_recommendations VALUES ('065b1971-6107-4e99-b84b-a44662262866', '5a7861e6-948f-451e-8f2e-0c4fc1a2aced', '4ccb55b6-34d4-4bd7-b0e1-4d84a4018520');
INSERT INTO public.library_task_recommendations VALUES ('abf3d9dc-2de8-4ea5-9f26-16c3b1fd55a5', '064e56c8-0024-4cf5-8b11-8acce96c67da', '62ca2539-c0c4-4920-aca8-60e8536e725d');
INSERT INTO public.library_task_recommendations VALUES ('abf3d9dc-2de8-4ea5-9f26-16c3b1fd55a5', '064e56c8-0024-4cf5-8b11-8acce96c67da', '946381c0-6040-4576-b1c9-dbd9d6a607d1');
INSERT INTO public.library_task_recommendations VALUES ('abf3d9dc-2de8-4ea5-9f26-16c3b1fd55a5', '064e56c8-0024-4cf5-8b11-8acce96c67da', '4ff781dd-8f2e-47ef-91b0-132ecfdee586');
INSERT INTO public.library_task_recommendations VALUES ('abf3d9dc-2de8-4ea5-9f26-16c3b1fd55a5', '064e56c8-0024-4cf5-8b11-8acce96c67da', 'c2efdade-aac5-40c6-aa29-34687d2114f3');
INSERT INTO public.library_task_recommendations VALUES ('abf3d9dc-2de8-4ea5-9f26-16c3b1fd55a5', '1a5bfa7b-999f-42ca-b3a3-3ab238c8abd6', '62ca2539-c0c4-4920-aca8-60e8536e725d');
INSERT INTO public.library_task_recommendations VALUES ('abf3d9dc-2de8-4ea5-9f26-16c3b1fd55a5', '1a5bfa7b-999f-42ca-b3a3-3ab238c8abd6', '845518bd-2a56-47c7-92d7-220087939243');
INSERT INTO public.library_task_recommendations VALUES ('abf3d9dc-2de8-4ea5-9f26-16c3b1fd55a5', '1a5bfa7b-999f-42ca-b3a3-3ab238c8abd6', '4ff781dd-8f2e-47ef-91b0-132ecfdee586');
INSERT INTO public.library_task_recommendations VALUES ('abf3d9dc-2de8-4ea5-9f26-16c3b1fd55a5', '20b5689a-ce74-40f8-a922-e2d5dc9a91f5', '8b781386-e309-44d5-9b8d-35230f80119a');
INSERT INTO public.library_task_recommendations VALUES ('abf3d9dc-2de8-4ea5-9f26-16c3b1fd55a5', '20b5689a-ce74-40f8-a922-e2d5dc9a91f5', 'bb525844-3ff4-4c98-8a15-894cfc324715');
INSERT INTO public.library_task_recommendations VALUES ('abf3d9dc-2de8-4ea5-9f26-16c3b1fd55a5', '5a7861e6-948f-451e-8f2e-0c4fc1a2aced', '1a4fcf20-634f-4959-bf07-7baef3cbcd55');
INSERT INTO public.library_task_recommendations VALUES ('abf3d9dc-2de8-4ea5-9f26-16c3b1fd55a5', '5a7861e6-948f-451e-8f2e-0c4fc1a2aced', 'ff161bca-e057-4045-a3fe-708b6569ab8a');
INSERT INTO public.library_task_recommendations VALUES ('abf3d9dc-2de8-4ea5-9f26-16c3b1fd55a5', '5a7861e6-948f-451e-8f2e-0c4fc1a2aced', '62ca2539-c0c4-4920-aca8-60e8536e725d');
INSERT INTO public.library_task_recommendations VALUES ('abf3d9dc-2de8-4ea5-9f26-16c3b1fd55a5', '5a7861e6-948f-451e-8f2e-0c4fc1a2aced', '85abffe4-0558-462b-b17f-65d8f6ecb910');
INSERT INTO public.library_task_recommendations VALUES ('abf3d9dc-2de8-4ea5-9f26-16c3b1fd55a5', '5a7861e6-948f-451e-8f2e-0c4fc1a2aced', 'a033267d-7322-42c8-b011-4015d68b2bc2');
INSERT INTO public.library_task_recommendations VALUES ('abf3d9dc-2de8-4ea5-9f26-16c3b1fd55a5', '5a7861e6-948f-451e-8f2e-0c4fc1a2aced', '1f9a5ff0-3394-4895-b45c-089ac6643003');
INSERT INTO public.library_task_recommendations VALUES ('ba3283c2-4a73-4306-bc01-ecb61a69b982', '064e56c8-0024-4cf5-8b11-8acce96c67da', '946381c0-6040-4576-b1c9-dbd9d6a607d1');
INSERT INTO public.library_task_recommendations VALUES ('ba3283c2-4a73-4306-bc01-ecb61a69b982', '064e56c8-0024-4cf5-8b11-8acce96c67da', 'c2efdade-aac5-40c6-aa29-34687d2114f3');
INSERT INTO public.library_task_recommendations VALUES ('ba3283c2-4a73-4306-bc01-ecb61a69b982', '5a7861e6-948f-451e-8f2e-0c4fc1a2aced', '62ca2539-c0c4-4920-aca8-60e8536e725d');
INSERT INTO public.library_task_recommendations VALUES ('ba3283c2-4a73-4306-bc01-ecb61a69b982', '5a7861e6-948f-451e-8f2e-0c4fc1a2aced', '1f9a5ff0-3394-4895-b45c-089ac6643003');
INSERT INTO public.library_task_recommendations VALUES ('ba3283c2-4a73-4306-bc01-ecb61a69b982', '5a7861e6-948f-451e-8f2e-0c4fc1a2aced', '8b781386-e309-44d5-9b8d-35230f80119a');
INSERT INTO public.library_task_recommendations VALUES ('ba3283c2-4a73-4306-bc01-ecb61a69b982', 'd450fd01-39a6-443e-9b04-2c0eaaa1e99f', '33e934a7-c837-4a28-b896-9e4612a6c810');
INSERT INTO public.library_task_recommendations VALUES ('ba3283c2-4a73-4306-bc01-ecb61a69b982', 'd450fd01-39a6-443e-9b04-2c0eaaa1e99f', '8b781386-e309-44d5-9b8d-35230f80119a');
INSERT INTO public.library_task_recommendations VALUES ('a5ae7d47-0f09-4636-9d96-b998b62f8f5d', 'fd29c2cf-d3b4-4528-a919-d2dc9dbf9a08', '845518bd-2a56-47c7-92d7-220087939243');
INSERT INTO public.library_task_recommendations VALUES ('ba622c1d-dee9-4b51-a0e4-d98acefd1092', '3c3e7da5-5a46-4ad8-a12c-533555359614', '845518bd-2a56-47c7-92d7-220087939243');
INSERT INTO public.library_task_recommendations VALUES ('1b6fad18-62cc-4eec-af79-fba6bcb65cdd', '064e56c8-0024-4cf5-8b11-8acce96c67da', 'c2efdade-aac5-40c6-aa29-34687d2114f3');
INSERT INTO public.library_task_recommendations VALUES ('1b6fad18-62cc-4eec-af79-fba6bcb65cdd', '064e56c8-0024-4cf5-8b11-8acce96c67da', '8897d760-3e77-499b-a3b8-ef060ac5fbd9');
INSERT INTO public.library_task_recommendations VALUES ('1b6fad18-62cc-4eec-af79-fba6bcb65cdd', '064e56c8-0024-4cf5-8b11-8acce96c67da', '7bd1b8f8-020a-46bd-bff0-d4fba5910cac');
INSERT INTO public.library_task_recommendations VALUES ('1b6fad18-62cc-4eec-af79-fba6bcb65cdd', '1a5bfa7b-999f-42ca-b3a3-3ab238c8abd6', '62ca2539-c0c4-4920-aca8-60e8536e725d');
INSERT INTO public.library_task_recommendations VALUES ('1b6fad18-62cc-4eec-af79-fba6bcb65cdd', '1a5bfa7b-999f-42ca-b3a3-3ab238c8abd6', '845518bd-2a56-47c7-92d7-220087939243');
INSERT INTO public.library_task_recommendations VALUES ('1b6fad18-62cc-4eec-af79-fba6bcb65cdd', '1a5bfa7b-999f-42ca-b3a3-3ab238c8abd6', '4ff781dd-8f2e-47ef-91b0-132ecfdee586');
INSERT INTO public.library_task_recommendations VALUES ('1b6fad18-62cc-4eec-af79-fba6bcb65cdd', '29ba89ae-b023-4799-a333-acce29102862', '6abcda1e-947c-4f1e-b913-18bc96c23334');
INSERT INTO public.library_task_recommendations VALUES ('1b6fad18-62cc-4eec-af79-fba6bcb65cdd', 'affd787b-1e6c-4c9d-a2d4-42d38e9c72b8', '7bd1b8f8-020a-46bd-bff0-d4fba5910cac');
INSERT INTO public.library_task_recommendations VALUES ('1b6fad18-62cc-4eec-af79-fba6bcb65cdd', 'b8ad2b92-18e3-4ba4-a833-cbad42648f0b', '08bbff19-ce5b-47c1-a680-4cd5d6d8866f');
INSERT INTO public.library_task_recommendations VALUES ('a27c5ce6-d0ba-428f-af2e-1b01768df242', '064e56c8-0024-4cf5-8b11-8acce96c67da', '946381c0-6040-4576-b1c9-dbd9d6a607d1');
INSERT INTO public.library_task_recommendations VALUES ('a27c5ce6-d0ba-428f-af2e-1b01768df242', '064e56c8-0024-4cf5-8b11-8acce96c67da', '845518bd-2a56-47c7-92d7-220087939243');
INSERT INTO public.library_task_recommendations VALUES ('a27c5ce6-d0ba-428f-af2e-1b01768df242', '064e56c8-0024-4cf5-8b11-8acce96c67da', 'c2efdade-aac5-40c6-aa29-34687d2114f3');
INSERT INTO public.library_task_recommendations VALUES ('a27c5ce6-d0ba-428f-af2e-1b01768df242', '1a5bfa7b-999f-42ca-b3a3-3ab238c8abd6', '62ca2539-c0c4-4920-aca8-60e8536e725d');
INSERT INTO public.library_task_recommendations VALUES ('a27c5ce6-d0ba-428f-af2e-1b01768df242', '1a5bfa7b-999f-42ca-b3a3-3ab238c8abd6', '845518bd-2a56-47c7-92d7-220087939243');
INSERT INTO public.library_task_recommendations VALUES ('a27c5ce6-d0ba-428f-af2e-1b01768df242', '1a5bfa7b-999f-42ca-b3a3-3ab238c8abd6', '4ff781dd-8f2e-47ef-91b0-132ecfdee586');
INSERT INTO public.library_task_recommendations VALUES ('a27c5ce6-d0ba-428f-af2e-1b01768df242', 'cc751338-928a-499a-b1dd-87b9ecc573fd', 'e92f3626-be91-47da-b197-77e6154f5a15');
INSERT INTO public.library_task_recommendations VALUES ('a27c5ce6-d0ba-428f-af2e-1b01768df242', 'cc751338-928a-499a-b1dd-87b9ecc573fd', '9445a787-c4cb-4fb2-8a49-1b9947f55876');
INSERT INTO public.library_task_recommendations VALUES ('7da1893e-0657-4c7c-ab14-043f3f731691', '064e56c8-0024-4cf5-8b11-8acce96c67da', '08bbff19-ce5b-47c1-a680-4cd5d6d8866f');
INSERT INTO public.library_task_recommendations VALUES ('7da1893e-0657-4c7c-ab14-043f3f731691', '064e56c8-0024-4cf5-8b11-8acce96c67da', 'e92f3626-be91-47da-b197-77e6154f5a15');
INSERT INTO public.library_task_recommendations VALUES ('7da1893e-0657-4c7c-ab14-043f3f731691', '064e56c8-0024-4cf5-8b11-8acce96c67da', '845518bd-2a56-47c7-92d7-220087939243');
INSERT INTO public.library_task_recommendations VALUES ('7da1893e-0657-4c7c-ab14-043f3f731691', '064e56c8-0024-4cf5-8b11-8acce96c67da', 'c2efdade-aac5-40c6-aa29-34687d2114f3');
INSERT INTO public.library_task_recommendations VALUES ('7da1893e-0657-4c7c-ab14-043f3f731691', '0db44d38-fa65-4aa5-99bd-ab4a7ec0c880', '52182601-b5ef-4526-ad02-5d63f5b75e84');
INSERT INTO public.library_task_recommendations VALUES ('7da1893e-0657-4c7c-ab14-043f3f731691', '0db44d38-fa65-4aa5-99bd-ab4a7ec0c880', '6f005259-0fc3-4fd2-bcf7-b2bf67d44766');
INSERT INTO public.library_task_recommendations VALUES ('7da1893e-0657-4c7c-ab14-043f3f731691', '1a5bfa7b-999f-42ca-b3a3-3ab238c8abd6', '845518bd-2a56-47c7-92d7-220087939243');
INSERT INTO public.library_task_recommendations VALUES ('7da1893e-0657-4c7c-ab14-043f3f731691', '1a5bfa7b-999f-42ca-b3a3-3ab238c8abd6', '4ff781dd-8f2e-47ef-91b0-132ecfdee586');
INSERT INTO public.library_task_recommendations VALUES ('7da1893e-0657-4c7c-ab14-043f3f731691', '1a5bfa7b-999f-42ca-b3a3-3ab238c8abd6', '62ca2539-c0c4-4920-aca8-60e8536e725d');
INSERT INTO public.library_task_recommendations VALUES ('7da1893e-0657-4c7c-ab14-043f3f731691', '20b5689a-ce74-40f8-a922-e2d5dc9a91f5', '8b781386-e309-44d5-9b8d-35230f80119a');
INSERT INTO public.library_task_recommendations VALUES ('7da1893e-0657-4c7c-ab14-043f3f731691', '20b5689a-ce74-40f8-a922-e2d5dc9a91f5', 'bb525844-3ff4-4c98-8a15-894cfc324715');
INSERT INTO public.library_task_recommendations VALUES ('7da1893e-0657-4c7c-ab14-043f3f731691', '2330705c-290e-4010-9be4-62e7cb5d0477', '62ca2539-c0c4-4920-aca8-60e8536e725d');
INSERT INTO public.library_task_recommendations VALUES ('7da1893e-0657-4c7c-ab14-043f3f731691', '2330705c-290e-4010-9be4-62e7cb5d0477', 'e92f3626-be91-47da-b197-77e6154f5a15');
INSERT INTO public.library_task_recommendations VALUES ('7da1893e-0657-4c7c-ab14-043f3f731691', '2330705c-290e-4010-9be4-62e7cb5d0477', '845518bd-2a56-47c7-92d7-220087939243');
INSERT INTO public.library_task_recommendations VALUES ('7da1893e-0657-4c7c-ab14-043f3f731691', '2330705c-290e-4010-9be4-62e7cb5d0477', 'c2efdade-aac5-40c6-aa29-34687d2114f3');
INSERT INTO public.library_task_recommendations VALUES ('4643f8d2-0379-4119-b30e-10086ce2bc14', '064e56c8-0024-4cf5-8b11-8acce96c67da', '62ca2539-c0c4-4920-aca8-60e8536e725d');
INSERT INTO public.library_task_recommendations VALUES ('4643f8d2-0379-4119-b30e-10086ce2bc14', '064e56c8-0024-4cf5-8b11-8acce96c67da', '845518bd-2a56-47c7-92d7-220087939243');
INSERT INTO public.library_task_recommendations VALUES ('4643f8d2-0379-4119-b30e-10086ce2bc14', '064e56c8-0024-4cf5-8b11-8acce96c67da', '4ff781dd-8f2e-47ef-91b0-132ecfdee586');
INSERT INTO public.library_task_recommendations VALUES ('4643f8d2-0379-4119-b30e-10086ce2bc14', '064e56c8-0024-4cf5-8b11-8acce96c67da', 'c2efdade-aac5-40c6-aa29-34687d2114f3');
INSERT INTO public.library_task_recommendations VALUES ('4643f8d2-0379-4119-b30e-10086ce2bc14', '064e56c8-0024-4cf5-8b11-8acce96c67da', '946381c0-6040-4576-b1c9-dbd9d6a607d1');
INSERT INTO public.library_task_recommendations VALUES ('4643f8d2-0379-4119-b30e-10086ce2bc14', '0db44d38-fa65-4aa5-99bd-ab4a7ec0c880', '52182601-b5ef-4526-ad02-5d63f5b75e84');
INSERT INTO public.library_task_recommendations VALUES ('4643f8d2-0379-4119-b30e-10086ce2bc14', '0db44d38-fa65-4aa5-99bd-ab4a7ec0c880', '6f005259-0fc3-4fd2-bcf7-b2bf67d44766');
INSERT INTO public.library_task_recommendations VALUES ('4643f8d2-0379-4119-b30e-10086ce2bc14', '1a5bfa7b-999f-42ca-b3a3-3ab238c8abd6', '62ca2539-c0c4-4920-aca8-60e8536e725d');
INSERT INTO public.library_task_recommendations VALUES ('4643f8d2-0379-4119-b30e-10086ce2bc14', '1a5bfa7b-999f-42ca-b3a3-3ab238c8abd6', '845518bd-2a56-47c7-92d7-220087939243');
INSERT INTO public.library_task_recommendations VALUES ('4643f8d2-0379-4119-b30e-10086ce2bc14', '1a5bfa7b-999f-42ca-b3a3-3ab238c8abd6', '4ff781dd-8f2e-47ef-91b0-132ecfdee586');
INSERT INTO public.library_task_recommendations VALUES ('4643f8d2-0379-4119-b30e-10086ce2bc14', '5a7861e6-948f-451e-8f2e-0c4fc1a2aced', '85abffe4-0558-462b-b17f-65d8f6ecb910');
INSERT INTO public.library_task_recommendations VALUES ('4643f8d2-0379-4119-b30e-10086ce2bc14', '5a7861e6-948f-451e-8f2e-0c4fc1a2aced', '1f9a5ff0-3394-4895-b45c-089ac6643003');
INSERT INTO public.library_task_recommendations VALUES ('4643f8d2-0379-4119-b30e-10086ce2bc14', '5a7861e6-948f-451e-8f2e-0c4fc1a2aced', 'a033267d-7322-42c8-b011-4015d68b2bc2');
INSERT INTO public.library_task_recommendations VALUES ('4643f8d2-0379-4119-b30e-10086ce2bc14', '5a7861e6-948f-451e-8f2e-0c4fc1a2aced', 'bc886bd6-602f-49d5-8508-01b987fe7ed7');
INSERT INTO public.library_task_recommendations VALUES ('f5304c43-efbb-4767-84ba-a679c428b0d1', '064e56c8-0024-4cf5-8b11-8acce96c67da', '62ca2539-c0c4-4920-aca8-60e8536e725d');
INSERT INTO public.library_task_recommendations VALUES ('f5304c43-efbb-4767-84ba-a679c428b0d1', '064e56c8-0024-4cf5-8b11-8acce96c67da', '946381c0-6040-4576-b1c9-dbd9d6a607d1');
INSERT INTO public.library_task_recommendations VALUES ('f5304c43-efbb-4767-84ba-a679c428b0d1', '064e56c8-0024-4cf5-8b11-8acce96c67da', '4ff781dd-8f2e-47ef-91b0-132ecfdee586');
INSERT INTO public.library_task_recommendations VALUES ('f5304c43-efbb-4767-84ba-a679c428b0d1', '064e56c8-0024-4cf5-8b11-8acce96c67da', 'c2efdade-aac5-40c6-aa29-34687d2114f3');
INSERT INTO public.library_task_recommendations VALUES ('f5304c43-efbb-4767-84ba-a679c428b0d1', '0db44d38-fa65-4aa5-99bd-ab4a7ec0c880', '52182601-b5ef-4526-ad02-5d63f5b75e84');
INSERT INTO public.library_task_recommendations VALUES ('f5304c43-efbb-4767-84ba-a679c428b0d1', '0db44d38-fa65-4aa5-99bd-ab4a7ec0c880', '6f005259-0fc3-4fd2-bcf7-b2bf67d44766');
INSERT INTO public.library_task_recommendations VALUES ('f5304c43-efbb-4767-84ba-a679c428b0d1', '1a5bfa7b-999f-42ca-b3a3-3ab238c8abd6', '62ca2539-c0c4-4920-aca8-60e8536e725d');
INSERT INTO public.library_task_recommendations VALUES ('f5304c43-efbb-4767-84ba-a679c428b0d1', '1a5bfa7b-999f-42ca-b3a3-3ab238c8abd6', '845518bd-2a56-47c7-92d7-220087939243');
INSERT INTO public.library_task_recommendations VALUES ('f5304c43-efbb-4767-84ba-a679c428b0d1', '1a5bfa7b-999f-42ca-b3a3-3ab238c8abd6', '4ff781dd-8f2e-47ef-91b0-132ecfdee586');
INSERT INTO public.library_task_recommendations VALUES ('f5304c43-efbb-4767-84ba-a679c428b0d1', '1a5bfa7b-999f-42ca-b3a3-3ab238c8abd6', '946381c0-6040-4576-b1c9-dbd9d6a607d1');
INSERT INTO public.library_task_recommendations VALUES ('f5304c43-efbb-4767-84ba-a679c428b0d1', '1a5bfa7b-999f-42ca-b3a3-3ab238c8abd6', '8b781386-e309-44d5-9b8d-35230f80119a');
INSERT INTO public.library_task_recommendations VALUES ('f5304c43-efbb-4767-84ba-a679c428b0d1', '1a5bfa7b-999f-42ca-b3a3-3ab238c8abd6', 'bb525844-3ff4-4c98-8a15-894cfc324715');
INSERT INTO public.library_task_recommendations VALUES ('f5304c43-efbb-4767-84ba-a679c428b0d1', '5a7861e6-948f-451e-8f2e-0c4fc1a2aced', '1a4fcf20-634f-4959-bf07-7baef3cbcd55');
INSERT INTO public.library_task_recommendations VALUES ('f5304c43-efbb-4767-84ba-a679c428b0d1', '5a7861e6-948f-451e-8f2e-0c4fc1a2aced', 'ff161bca-e057-4045-a3fe-708b6569ab8a');
INSERT INTO public.library_task_recommendations VALUES ('f5304c43-efbb-4767-84ba-a679c428b0d1', '5a7861e6-948f-451e-8f2e-0c4fc1a2aced', '62ca2539-c0c4-4920-aca8-60e8536e725d');
INSERT INTO public.library_task_recommendations VALUES ('f5304c43-efbb-4767-84ba-a679c428b0d1', '5a7861e6-948f-451e-8f2e-0c4fc1a2aced', '85abffe4-0558-462b-b17f-65d8f6ecb910');
INSERT INTO public.library_task_recommendations VALUES ('f5304c43-efbb-4767-84ba-a679c428b0d1', '5a7861e6-948f-451e-8f2e-0c4fc1a2aced', 'a033267d-7322-42c8-b011-4015d68b2bc2');
INSERT INTO public.library_task_recommendations VALUES ('f5304c43-efbb-4767-84ba-a679c428b0d1', '5a7861e6-948f-451e-8f2e-0c4fc1a2aced', '1f9a5ff0-3394-4895-b45c-089ac6643003');
INSERT INTO public.library_task_recommendations VALUES ('f5304c43-efbb-4767-84ba-a679c428b0d1', 'affd787b-1e6c-4c9d-a2d4-42d38e9c72b8', '7bd1b8f8-020a-46bd-bff0-d4fba5910cac');
INSERT INTO public.library_task_recommendations VALUES ('f5304c43-efbb-4767-84ba-a679c428b0d1', 'affd787b-1e6c-4c9d-a2d4-42d38e9c72b8', 'bc886bd6-602f-49d5-8508-01b987fe7ed7');
INSERT INTO public.library_task_recommendations VALUES ('f5304c43-efbb-4767-84ba-a679c428b0d1', 'affd787b-1e6c-4c9d-a2d4-42d38e9c72b8', '08bbff19-ce5b-47c1-a680-4cd5d6d8866f');
INSERT INTO public.library_task_recommendations VALUES ('43974f5a-8576-49e4-a2b3-7c2caa56b8e2', '064e56c8-0024-4cf5-8b11-8acce96c67da', '62ca2539-c0c4-4920-aca8-60e8536e725d');
INSERT INTO public.library_task_recommendations VALUES ('43974f5a-8576-49e4-a2b3-7c2caa56b8e2', '064e56c8-0024-4cf5-8b11-8acce96c67da', '946381c0-6040-4576-b1c9-dbd9d6a607d1');
INSERT INTO public.library_task_recommendations VALUES ('43974f5a-8576-49e4-a2b3-7c2caa56b8e2', '064e56c8-0024-4cf5-8b11-8acce96c67da', '4ff781dd-8f2e-47ef-91b0-132ecfdee586');
INSERT INTO public.library_task_recommendations VALUES ('65f285d4-cf2f-4ff5-b490-1deeeea38d94', '064e56c8-0024-4cf5-8b11-8acce96c67da', '62ca2539-c0c4-4920-aca8-60e8536e725d');
INSERT INTO public.library_task_recommendations VALUES ('65f285d4-cf2f-4ff5-b490-1deeeea38d94', '064e56c8-0024-4cf5-8b11-8acce96c67da', '946381c0-6040-4576-b1c9-dbd9d6a607d1');
INSERT INTO public.library_task_recommendations VALUES ('65f285d4-cf2f-4ff5-b490-1deeeea38d94', '064e56c8-0024-4cf5-8b11-8acce96c67da', '4ff781dd-8f2e-47ef-91b0-132ecfdee586');
INSERT INTO public.library_task_recommendations VALUES ('2b09776f-7c33-46e9-b90c-e28df4320e49', '5075adf0-dc06-485a-9943-113e770334c1', '62ca2539-c0c4-4920-aca8-60e8536e725d');
INSERT INTO public.library_task_recommendations VALUES ('2b09776f-7c33-46e9-b90c-e28df4320e49', '5075adf0-dc06-485a-9943-113e770334c1', '946381c0-6040-4576-b1c9-dbd9d6a607d1');
INSERT INTO public.library_task_recommendations VALUES ('2b09776f-7c33-46e9-b90c-e28df4320e49', '5075adf0-dc06-485a-9943-113e770334c1', '4ff781dd-8f2e-47ef-91b0-132ecfdee586');
INSERT INTO public.library_task_recommendations VALUES ('e9ba4860-d0c2-4b84-a4af-4d2b29dc8da3', '5075adf0-dc06-485a-9943-113e770334c1', '62ca2539-c0c4-4920-aca8-60e8536e725d');
INSERT INTO public.library_task_recommendations VALUES ('e9ba4860-d0c2-4b84-a4af-4d2b29dc8da3', '5075adf0-dc06-485a-9943-113e770334c1', '946381c0-6040-4576-b1c9-dbd9d6a607d1');
INSERT INTO public.library_task_recommendations VALUES ('e9ba4860-d0c2-4b84-a4af-4d2b29dc8da3', '5075adf0-dc06-485a-9943-113e770334c1', '4ff781dd-8f2e-47ef-91b0-132ecfdee586');
INSERT INTO public.library_task_recommendations VALUES ('e57a4ddb-dec3-4aac-836b-b5661428d788', '46c34c31-2f88-4885-94d2-f973cd3aa963', '8b781386-e309-44d5-9b8d-35230f80119a');
INSERT INTO public.library_task_recommendations VALUES ('e57a4ddb-dec3-4aac-836b-b5661428d788', '46c34c31-2f88-4885-94d2-f973cd3aa963', 'bb525844-3ff4-4c98-8a15-894cfc324715');
INSERT INTO public.library_task_recommendations VALUES ('0d43e37f-0c51-4315-9dc4-56d0c6028bba', '016a66cb-ed49-469f-a494-facf0fddbeba', '8282db17-1e36-4022-b03b-0d81a6815d13');
INSERT INTO public.library_task_recommendations VALUES ('0d43e37f-0c51-4315-9dc4-56d0c6028bba', '0db44d38-fa65-4aa5-99bd-ab4a7ec0c880', '52182601-b5ef-4526-ad02-5d63f5b75e84');
INSERT INTO public.library_task_recommendations VALUES ('0d43e37f-0c51-4315-9dc4-56d0c6028bba', '0db44d38-fa65-4aa5-99bd-ab4a7ec0c880', '6f005259-0fc3-4fd2-bcf7-b2bf67d44766');
INSERT INTO public.library_task_recommendations VALUES ('0d43e37f-0c51-4315-9dc4-56d0c6028bba', '5075adf0-dc06-485a-9943-113e770334c1', '730d586c-f9fc-48c2-bab9-018e5474b81c');
INSERT INTO public.library_task_recommendations VALUES ('0d43e37f-0c51-4315-9dc4-56d0c6028bba', '5a7861e6-948f-451e-8f2e-0c4fc1a2aced', 'a033267d-7322-42c8-b011-4015d68b2bc2');
INSERT INTO public.library_task_recommendations VALUES ('0d43e37f-0c51-4315-9dc4-56d0c6028bba', '5a7861e6-948f-451e-8f2e-0c4fc1a2aced', 'cb624eaf-2cda-4558-8c8a-d1778ec9df6e');
INSERT INTO public.library_task_recommendations VALUES ('e95730a6-1ca7-4582-95f3-d0fca91644f7', '016a66cb-ed49-469f-a494-facf0fddbeba', '8282db17-1e36-4022-b03b-0d81a6815d13');
INSERT INTO public.library_task_recommendations VALUES ('e95730a6-1ca7-4582-95f3-d0fca91644f7', '0db44d38-fa65-4aa5-99bd-ab4a7ec0c880', '52182601-b5ef-4526-ad02-5d63f5b75e84');
INSERT INTO public.library_task_recommendations VALUES ('e95730a6-1ca7-4582-95f3-d0fca91644f7', '0db44d38-fa65-4aa5-99bd-ab4a7ec0c880', '6f005259-0fc3-4fd2-bcf7-b2bf67d44766');
INSERT INTO public.library_task_recommendations VALUES ('e95730a6-1ca7-4582-95f3-d0fca91644f7', '5a7861e6-948f-451e-8f2e-0c4fc1a2aced', 'a033267d-7322-42c8-b011-4015d68b2bc2');
INSERT INTO public.library_task_recommendations VALUES ('e95730a6-1ca7-4582-95f3-d0fca91644f7', '5a7861e6-948f-451e-8f2e-0c4fc1a2aced', 'cb624eaf-2cda-4558-8c8a-d1778ec9df6e');
INSERT INTO public.library_task_recommendations VALUES ('3ccbb149-9243-4377-835c-c2ffb7963775', '016a66cb-ed49-469f-a494-facf0fddbeba', '8282db17-1e36-4022-b03b-0d81a6815d13');
INSERT INTO public.library_task_recommendations VALUES ('3ccbb149-9243-4377-835c-c2ffb7963775', '0db44d38-fa65-4aa5-99bd-ab4a7ec0c880', '52182601-b5ef-4526-ad02-5d63f5b75e84');
INSERT INTO public.library_task_recommendations VALUES ('3ccbb149-9243-4377-835c-c2ffb7963775', '0db44d38-fa65-4aa5-99bd-ab4a7ec0c880', '6f005259-0fc3-4fd2-bcf7-b2bf67d44766');
INSERT INTO public.library_task_recommendations VALUES ('3ccbb149-9243-4377-835c-c2ffb7963775', '5a7861e6-948f-451e-8f2e-0c4fc1a2aced', 'a033267d-7322-42c8-b011-4015d68b2bc2');
INSERT INTO public.library_task_recommendations VALUES ('3ccbb149-9243-4377-835c-c2ffb7963775', '5a7861e6-948f-451e-8f2e-0c4fc1a2aced', 'cb624eaf-2cda-4558-8c8a-d1778ec9df6e');
INSERT INTO public.library_task_recommendations VALUES ('744eaba2-7220-4ce1-9b0c-eb1850898926', '016a66cb-ed49-469f-a494-facf0fddbeba', '8282db17-1e36-4022-b03b-0d81a6815d13');
INSERT INTO public.library_task_recommendations VALUES ('744eaba2-7220-4ce1-9b0c-eb1850898926', '0db44d38-fa65-4aa5-99bd-ab4a7ec0c880', '52182601-b5ef-4526-ad02-5d63f5b75e84');
INSERT INTO public.library_task_recommendations VALUES ('744eaba2-7220-4ce1-9b0c-eb1850898926', '0db44d38-fa65-4aa5-99bd-ab4a7ec0c880', '6f005259-0fc3-4fd2-bcf7-b2bf67d44766');
INSERT INTO public.library_task_recommendations VALUES ('744eaba2-7220-4ce1-9b0c-eb1850898926', '5a7861e6-948f-451e-8f2e-0c4fc1a2aced', 'a033267d-7322-42c8-b011-4015d68b2bc2');
INSERT INTO public.library_task_recommendations VALUES ('744eaba2-7220-4ce1-9b0c-eb1850898926', '5a7861e6-948f-451e-8f2e-0c4fc1a2aced', 'cb624eaf-2cda-4558-8c8a-d1778ec9df6e');
INSERT INTO public.library_task_recommendations VALUES ('c28d58f4-d149-4970-b224-7c6350b03972', '016a66cb-ed49-469f-a494-facf0fddbeba', '8282db17-1e36-4022-b03b-0d81a6815d13');
INSERT INTO public.library_task_recommendations VALUES ('c28d58f4-d149-4970-b224-7c6350b03972', '0db44d38-fa65-4aa5-99bd-ab4a7ec0c880', '52182601-b5ef-4526-ad02-5d63f5b75e84');
INSERT INTO public.library_task_recommendations VALUES ('c28d58f4-d149-4970-b224-7c6350b03972', '0db44d38-fa65-4aa5-99bd-ab4a7ec0c880', '6f005259-0fc3-4fd2-bcf7-b2bf67d44766');
INSERT INTO public.library_task_recommendations VALUES ('c28d58f4-d149-4970-b224-7c6350b03972', '5a7861e6-948f-451e-8f2e-0c4fc1a2aced', 'a033267d-7322-42c8-b011-4015d68b2bc2');
INSERT INTO public.library_task_recommendations VALUES ('c28d58f4-d149-4970-b224-7c6350b03972', '5a7861e6-948f-451e-8f2e-0c4fc1a2aced', 'cb624eaf-2cda-4558-8c8a-d1778ec9df6e');
INSERT INTO public.library_task_recommendations VALUES ('002ddb94-2cc9-4fb5-92a9-76d6f2581e31', '016a66cb-ed49-469f-a494-facf0fddbeba', '8282db17-1e36-4022-b03b-0d81a6815d13');
INSERT INTO public.library_task_recommendations VALUES ('002ddb94-2cc9-4fb5-92a9-76d6f2581e31', '0db44d38-fa65-4aa5-99bd-ab4a7ec0c880', '52182601-b5ef-4526-ad02-5d63f5b75e84');
INSERT INTO public.library_task_recommendations VALUES ('002ddb94-2cc9-4fb5-92a9-76d6f2581e31', '0db44d38-fa65-4aa5-99bd-ab4a7ec0c880', '6f005259-0fc3-4fd2-bcf7-b2bf67d44766');
INSERT INTO public.library_task_recommendations VALUES ('002ddb94-2cc9-4fb5-92a9-76d6f2581e31', '5a7861e6-948f-451e-8f2e-0c4fc1a2aced', 'a033267d-7322-42c8-b011-4015d68b2bc2');
INSERT INTO public.library_task_recommendations VALUES ('002ddb94-2cc9-4fb5-92a9-76d6f2581e31', '5a7861e6-948f-451e-8f2e-0c4fc1a2aced', 'cb624eaf-2cda-4558-8c8a-d1778ec9df6e');
INSERT INTO public.library_task_recommendations VALUES ('33cb8b7f-fd2f-4b3a-b253-e04c1cc10b27', '016a66cb-ed49-469f-a494-facf0fddbeba', '8282db17-1e36-4022-b03b-0d81a6815d13');
INSERT INTO public.library_task_recommendations VALUES ('33cb8b7f-fd2f-4b3a-b253-e04c1cc10b27', '0db44d38-fa65-4aa5-99bd-ab4a7ec0c880', '52182601-b5ef-4526-ad02-5d63f5b75e84');
INSERT INTO public.library_task_recommendations VALUES ('33cb8b7f-fd2f-4b3a-b253-e04c1cc10b27', '0db44d38-fa65-4aa5-99bd-ab4a7ec0c880', '6f005259-0fc3-4fd2-bcf7-b2bf67d44766');
INSERT INTO public.library_task_recommendations VALUES ('33cb8b7f-fd2f-4b3a-b253-e04c1cc10b27', '5a7861e6-948f-451e-8f2e-0c4fc1a2aced', 'a033267d-7322-42c8-b011-4015d68b2bc2');
INSERT INTO public.library_task_recommendations VALUES ('33cb8b7f-fd2f-4b3a-b253-e04c1cc10b27', '5a7861e6-948f-451e-8f2e-0c4fc1a2aced', 'cb624eaf-2cda-4558-8c8a-d1778ec9df6e');
INSERT INTO public.library_task_recommendations VALUES ('ec04a3b9-8029-428d-95fe-62ae33873cd2', '63256499-6af9-4600-8afd-3e9c24b3ea63', 'b3afd68f-9237-483a-ba6f-bdd8219c3004');
INSERT INTO public.library_task_recommendations VALUES ('beb35c74-0e4e-443c-8061-b91eb35d4bed', '63256499-6af9-4600-8afd-3e9c24b3ea63', 'b3afd68f-9237-483a-ba6f-bdd8219c3004');
INSERT INTO public.library_task_recommendations VALUES ('9071983c-5123-475f-9f1c-351c6756a5a5', '63256499-6af9-4600-8afd-3e9c24b3ea63', 'b3afd68f-9237-483a-ba6f-bdd8219c3004');
INSERT INTO public.library_task_recommendations VALUES ('9748890b-d2da-4371-b324-a6570a4d22f2', '63256499-6af9-4600-8afd-3e9c24b3ea63', 'b3afd68f-9237-483a-ba6f-bdd8219c3004');
INSERT INTO public.library_task_recommendations VALUES ('1e2a329c-a413-41a4-90f3-9c2d6f3fe6b3', '63256499-6af9-4600-8afd-3e9c24b3ea63', 'b3afd68f-9237-483a-ba6f-bdd8219c3004');
INSERT INTO public.library_task_recommendations VALUES ('a1b21057-f86f-466a-bdce-1a2fafc4bfdd', '63256499-6af9-4600-8afd-3e9c24b3ea63', 'b3afd68f-9237-483a-ba6f-bdd8219c3004');
INSERT INTO public.library_task_recommendations VALUES ('66ef2d32-22fe-4a07-8d6c-2dde41a9df50', '63256499-6af9-4600-8afd-3e9c24b3ea63', 'b3afd68f-9237-483a-ba6f-bdd8219c3004');
INSERT INTO public.library_task_recommendations VALUES ('1d4de35b-2025-4fd4-b9f9-e6f29548c304', '63256499-6af9-4600-8afd-3e9c24b3ea63', 'b3afd68f-9237-483a-ba6f-bdd8219c3004');
INSERT INTO public.library_task_recommendations VALUES ('c0e9be57-d54a-4b59-8710-3ff9d964e414', '63256499-6af9-4600-8afd-3e9c24b3ea63', 'b3afd68f-9237-483a-ba6f-bdd8219c3004');
INSERT INTO public.library_task_recommendations VALUES ('85c2c126-7d1c-4e39-8d73-03ebbf894804', '63256499-6af9-4600-8afd-3e9c24b3ea63', 'b3afd68f-9237-483a-ba6f-bdd8219c3004');



























INSERT INTO public.rm_calc_parameters VALUES ('contractor_safety_history_near_miss', '0.001', NULL);
INSERT INTO public.rm_calc_parameters VALUES ('contractor_safety_history_first_aid', '0.007', NULL);
INSERT INTO public.rm_calc_parameters VALUES ('contractor_safety_history_recordable', '0.033', NULL);
INSERT INTO public.rm_calc_parameters VALUES ('contractor_safety_history_restricted', '0.033', NULL);
INSERT INTO public.rm_calc_parameters VALUES ('contractor_safety_history_lost_time', '0.067', NULL);
INSERT INTO public.rm_calc_parameters VALUES ('contractor_safety_history_p_sif', '0.10', NULL);
INSERT INTO public.rm_calc_parameters VALUES ('contractor_safety_history_sif', '0.10', NULL);
INSERT INTO public.rm_calc_parameters VALUES ('contractor_project_execution_cph_weight_low', '0', NULL);
INSERT INTO public.rm_calc_parameters VALUES ('contractor_project_execution_cph_weight_high', '1', NULL);
INSERT INTO public.rm_calc_parameters VALUES ('contractor_project_execution_exp_factor_1', '1', NULL);
INSERT INTO public.rm_calc_parameters VALUES ('contractor_project_execution_exp_factor_2', '0.5', NULL);
INSERT INTO public.rm_calc_parameters VALUES ('contractor_project_execution_exp_factor_n', '0', NULL);
INSERT INTO public.rm_calc_parameters VALUES ('sef_obs_number_threshold', '4', NULL);
INSERT INTO public.rm_calc_parameters VALUES ('sef_esd_number_threshold', '4', NULL);
INSERT INTO public.rm_calc_parameters VALUES ('sef_obs_number_value_below', '1', NULL);
INSERT INTO public.rm_calc_parameters VALUES ('sef_obs_number_value_above', '0', NULL);
INSERT INTO public.rm_calc_parameters VALUES ('sef_esd_number_value_below', '1', NULL);
INSERT INTO public.rm_calc_parameters VALUES ('sef_esd_number_value_above', '0', NULL);
INSERT INTO public.rm_calc_parameters VALUES ('sef_obs_timing_threshold_first', '0.25', NULL);
INSERT INTO public.rm_calc_parameters VALUES ('sef_obs_timing_threshold_second', '0.5', NULL);
INSERT INTO public.rm_calc_parameters VALUES ('sef_obs_timing_threshold_third', '0.75', NULL);
INSERT INTO public.rm_calc_parameters VALUES ('sef_obs_timing_value_first', '0', NULL);
INSERT INTO public.rm_calc_parameters VALUES ('sef_obs_timing_value_second', '1', NULL);
INSERT INTO public.rm_calc_parameters VALUES ('sef_obs_timing_value_third', '1.5', NULL);
INSERT INTO public.rm_calc_parameters VALUES ('sef_obs_timing_value_fourth', '2', NULL);
INSERT INTO public.rm_calc_parameters VALUES ('sef_esd_timing_threshold_first', '0.25', NULL);
INSERT INTO public.rm_calc_parameters VALUES ('sef_esd_timing_threshold_second', '0.5', NULL);
INSERT INTO public.rm_calc_parameters VALUES ('sef_esd_timing_threshold_third', '0.75', NULL);
INSERT INTO public.rm_calc_parameters VALUES ('sef_esd_timing_value_first', '0', NULL);
INSERT INTO public.rm_calc_parameters VALUES ('sef_esd_timing_value_second', '1', NULL);
INSERT INTO public.rm_calc_parameters VALUES ('sef_esd_timing_value_third', '1.5', NULL);
INSERT INTO public.rm_calc_parameters VALUES ('sef_esd_timing_value_fourth', '2', NULL);
INSERT INTO public.rm_calc_parameters VALUES ('sef_obs_month_fraction', '0.75', NULL);
INSERT INTO public.rm_calc_parameters VALUES ('sef_esd_month_fraction', '0.75', NULL);
INSERT INTO public.rm_calc_parameters VALUES ('project_safety_climate_multiplier_w_sef', '0.20', NULL);
INSERT INTO public.rm_calc_parameters VALUES ('project_safety_climate_multiplier_w_csr', '0.80', NULL);
INSERT INTO public.rm_calc_parameters VALUES ('task_specific_safety_climate_multiplier_near_miss', '0.001', NULL);
INSERT INTO public.rm_calc_parameters VALUES ('task_specific_safety_climate_multiplier_first_aid', '0.007', NULL);
INSERT INTO public.rm_calc_parameters VALUES ('task_specific_safety_climate_multiplier_recordable', '0.033', NULL);
INSERT INTO public.rm_calc_parameters VALUES ('task_specific_safety_climate_multiplier_restricted', '0.033', NULL);
INSERT INTO public.rm_calc_parameters VALUES ('task_specific_safety_climate_multiplier_lost_time', '0.067', NULL);
INSERT INTO public.rm_calc_parameters VALUES ('task_specific_safety_climate_multiplier_p_sif', '0.10', NULL);
INSERT INTO public.rm_calc_parameters VALUES ('task_specific_safety_climate_multiplier_sif', '0.10', NULL);
INSERT INTO public.rm_calc_parameters VALUES ('total_task_risk_score_ranking_low', '85.0', NULL);
INSERT INTO public.rm_calc_parameters VALUES ('total_task_risk_score_ranking_medium', '210.0', NULL);
INSERT INTO public.rm_calc_parameters VALUES ('task_specific_risk_score_ranking_low', '85.0', NULL);
INSERT INTO public.rm_calc_parameters VALUES ('task_specific_risk_score_ranking_medium', '210.0', NULL);
INSERT INTO public.rm_calc_parameters VALUES ('project_risk_score_ranking_low', '100.0', NULL);
INSERT INTO public.rm_calc_parameters VALUES ('project_risk_score_ranking_medium', '250.0', NULL);
INSERT INTO public.rm_calc_parameters VALUES ('project_location_risk_score_ranking_low', '100.0', NULL);
INSERT INTO public.rm_calc_parameters VALUES ('project_location_risk_score_ranking_medium', '250.0', NULL);
INSERT INTO public.rm_calc_parameters VALUES ('total_project_risk_score_weight_low', '1.0', NULL);
INSERT INTO public.rm_calc_parameters VALUES ('total_project_risk_score_weight_medium', '1.5', NULL);
INSERT INTO public.rm_calc_parameters VALUES ('total_project_risk_score_weight_high', '2.0', NULL);
INSERT INTO public.rm_calc_parameters VALUES ('total_task_risk_score_weight_low', '1.0', NULL);
INSERT INTO public.rm_calc_parameters VALUES ('total_task_risk_score_weight_medium', '1.5', NULL);
INSERT INTO public.rm_calc_parameters VALUES ('total_task_risk_score_weight_high', '2.0', NULL);



























































































































INSERT INTO public.work_type_tenant_link VALUES ('5f12b55b-710f-4613-92f6-48bf0448c025', 'beefa9d8-2a7d-4b37-9fec-3f2a433e7050');
INSERT INTO public.work_type_tenant_link VALUES ('43974dda-0338-4e76-9856-2a76a472fda5', 'beefa9d8-2a7d-4b37-9fec-3f2a433e7050');





















