INSERT INTO public.tenants VALUES ('beefa9d8-2a7d-4b37-9fec-3f2a433e7050', 'asgard', 'asgard');

INSERT INTO public.users VALUES ('107aa47c-be70-4a31-a499-76bc131afa8a', '3d318ad4-f5e4-42b6-96ab-d2c5c84569a9', 'Undefined', '', NULL, '', 'beefa9d8-2a7d-4b37-9fec-3f2a433e7050');

INSERT INTO public.contractor VALUES ('383fbe30-2eef-441f-898e-b07f8c53bb68', 'Kiewit Power', 'beefa9d8-2a7d-4b37-9fec-3f2a433e7050', false);
INSERT INTO public.contractor VALUES ('841b37e4-f9ac-42a1-b273-ce0c7eed6678', 'Kiewit Energy Group Inc. And Subsidiaries', 'beefa9d8-2a7d-4b37-9fec-3f2a433e7050', false);
INSERT INTO public.contractor VALUES ('d09325dc-ff71-43f9-8495-d07690f75fa5', 'Feeney Brothers', 'beefa9d8-2a7d-4b37-9fec-3f2a433e7050', false);
INSERT INTO public.contractor VALUES ('071af55d-0b58-4309-b6ca-3676c49276b9', 'NEUCO', 'beefa9d8-2a7d-4b37-9fec-3f2a433e7050', false);
INSERT INTO public.contractor VALUES ('9c78fc54-7321-4252-b38d-5889c9e21f70', 'CHI Engineering Services', 'beefa9d8-2a7d-4b37-9fec-3f2a433e7050', false);
INSERT INTO public.contractor VALUES ('fbf1c60d-0eee-41d2-851c-cf8199abbb37', 'RH White Construction', 'beefa9d8-2a7d-4b37-9fec-3f2a433e7050', false);
INSERT INTO public.contractor VALUES ('f7303fa9-dd72-437c-8fba-6a65472cfb8d', 'Bond Brothers Inc.', 'beefa9d8-2a7d-4b37-9fec-3f2a433e7050', false);
INSERT INTO public.contractor VALUES ('9afbb0b0-7b68-475f-ad7a-3cad9f38f646', 'Fraser Engineering Company Inc.', 'beefa9d8-2a7d-4b37-9fec-3f2a433e7050', false);
INSERT INTO public.contractor VALUES ('4b7ad271-cb74-47d7-b498-70d8cd1760d0', 'Lewis Tree Services', 'beefa9d8-2a7d-4b37-9fec-3f2a433e7050', false);
INSERT INTO public.contractor VALUES ('100faf19-b58b-43de-88bb-ba8e4b75dc26', 'Arden Engineering Constructors LLC', 'beefa9d8-2a7d-4b37-9fec-3f2a433e7050', false);
INSERT INTO public.contractor VALUES ('3feb41e9-e355-48ad-8fd1-1960e70cf6c8', 'GPL Construction Inc', 'beefa9d8-2a7d-4b37-9fec-3f2a433e7050', false);
INSERT INTO public.contractor VALUES ('8074395d-467c-45dc-a66f-4f64a16bbb4e', 'Hallen Construction Co. Inc.', 'beefa9d8-2a7d-4b37-9fec-3f2a433e7050', false);
INSERT INTO public.contractor VALUES ('2614296d-6622-402b-b176-177ccc2d8abd', 'Sapphire Gas Solutions', 'beefa9d8-2a7d-4b37-9fec-3f2a433e7050', false);
INSERT INTO public.contractor VALUES ('46217c83-40b8-433d-af42-db4e0aec3acc', 'Bancker Construction Corp.', 'beefa9d8-2a7d-4b37-9fec-3f2a433e7050', false);
INSERT INTO public.contractor VALUES ('543155bb-c749-4845-8190-9a1632649d94', 'IPC', 'beefa9d8-2a7d-4b37-9fec-3f2a433e7050', false);
INSERT INTO public.contractor VALUES ('17b7a25f-a5cf-4df8-b3bb-45cbc7e4ca2b', 'Sky Testing Services Inc.', 'beefa9d8-2a7d-4b37-9fec-3f2a433e7050', false);
INSERT INTO public.contractor VALUES ('98eb14a1-d924-4ce1-b4fe-e5ae1fae9600', 'AccuWeld Technologies Inc', 'beefa9d8-2a7d-4b37-9fec-3f2a433e7050', false);
INSERT INTO public.contractor VALUES ('8977ac78-bada-4282-80e4-9b28a4a50fb7', 'Safeway Construction Enterprises, LLC', 'beefa9d8-2a7d-4b37-9fec-3f2a433e7050', false);
INSERT INTO public.contractor VALUES ('76bc4a92-35b2-4cf2-86b1-ba3bc94fc9e9', 'Burns & McDonnell Engineering Inc.', 'beefa9d8-2a7d-4b37-9fec-3f2a433e7050', false);
INSERT INTO public.contractor VALUES ('ef9c1a1d-6edb-4389-ad0a-0f652b15781c', 'AGI Construction', 'beefa9d8-2a7d-4b37-9fec-3f2a433e7050', false);
INSERT INTO public.contractor VALUES ('98c4edfe-5925-4c20-9cd3-a72d890f8a2e', 'Alliance Integrated Systems Inc.', 'beefa9d8-2a7d-4b37-9fec-3f2a433e7050', false);
INSERT INTO public.contractor VALUES ('e9880591-9886-4b49-b041-caabc81dbb48', 'Mass Bay Electrical Corporation', 'beefa9d8-2a7d-4b37-9fec-3f2a433e7050', false);
INSERT INTO public.contractor VALUES ('a1d50a05-61b8-4875-9fe8-74d0e0192fed', 'McDonough Electric Construction Corporation', 'beefa9d8-2a7d-4b37-9fec-3f2a433e7050', false);
INSERT INTO public.contractor VALUES ('199f703e-5b4f-4da0-90f5-dbf082a8c7d0', 'One Source Power LLC', 'beefa9d8-2a7d-4b37-9fec-3f2a433e7050', false);
INSERT INTO public.contractor VALUES ('d3eb75b6-655c-4a1a-a304-61ae6944f0fd', 'Alliance Power Group', 'beefa9d8-2a7d-4b37-9fec-3f2a433e7050', false);
INSERT INTO public.contractor VALUES ('8c51ca12-7c08-4332-9131-f4004bddfb2f', 'Robert J. Devereaux Corp.', 'beefa9d8-2a7d-4b37-9fec-3f2a433e7050', false);
INSERT INTO public.contractor VALUES ('cfa6f2e5-b72f-45f7-803b-65c67227072a', 'McGrath Fence Company Inc.', 'beefa9d8-2a7d-4b37-9fec-3f2a433e7050', false);
INSERT INTO public.contractor VALUES ('d31bcd4d-2c62-4c92-bc8a-30168338b9de', 'Murphy Electric & Industrial Control', 'beefa9d8-2a7d-4b37-9fec-3f2a433e7050', false);
INSERT INTO public.contractor VALUES ('dbbfb7a5-87c4-4e5e-b631-c0297beda377', 'CCS & Sons Inc.', 'beefa9d8-2a7d-4b37-9fec-3f2a433e7050', false);
INSERT INTO public.contractor VALUES ('1eb12570-5a8d-49b1-bed2-e13061d977f4', 'Riley Brothers', 'beefa9d8-2a7d-4b37-9fec-3f2a433e7050', false);
INSERT INTO public.contractor VALUES ('bb52ee9b-a470-4c54-8521-d8b19ebd0abc', 'P.J. Keating Co', 'beefa9d8-2a7d-4b37-9fec-3f2a433e7050', false);
INSERT INTO public.contractor VALUES ('404e45f5-f09b-4669-8c2a-c41d1e86bb6f', 'Stuart Irby Co.', 'beefa9d8-2a7d-4b37-9fec-3f2a433e7050', false);
INSERT INTO public.contractor VALUES ('97ccdac4-1a14-4496-a5ed-660397fde3ff', 'Capital Fence Co Inc', 'beefa9d8-2a7d-4b37-9fec-3f2a433e7050', false);
INSERT INTO public.contractor VALUES ('5cbfa0d7-5a61-449e-94ba-f4116c57dc63', 'CW Wright Construction Company', 'beefa9d8-2a7d-4b37-9fec-3f2a433e7050', false);
INSERT INTO public.contractor VALUES ('af5b5037-c888-4ccf-8192-36d0bcefd9df', 'Davis H Elliot Construction Company Inc.', 'beefa9d8-2a7d-4b37-9fec-3f2a433e7050', false);
INSERT INTO public.contractor VALUES ('3c640551-d5e0-4de3-8c5c-00a07f2d21a4', 'ELDOR CONTRACTING CORP', 'beefa9d8-2a7d-4b37-9fec-3f2a433e7050', false);
INSERT INTO public.contractor VALUES ('05550944-a870-42ec-a68b-40c9d666a105', 'TRC Companies', 'beefa9d8-2a7d-4b37-9fec-3f2a433e7050', false);
INSERT INTO public.contractor VALUES ('3d28aa81-2657-4b80-9e91-3476028d9aa8', 'K Electric Inc.', 'beefa9d8-2a7d-4b37-9fec-3f2a433e7050', false);
INSERT INTO public.contractor VALUES ('b0624204-b4c0-4c34-8400-4da360fdddf6', 'Midway Utility Contractors', 'beefa9d8-2a7d-4b37-9fec-3f2a433e7050', false);
INSERT INTO public.contractor VALUES ('44bd2691-7144-4a68-8b0e-59100c329772', 'BSC Companies, Inc.', 'beefa9d8-2a7d-4b37-9fec-3f2a433e7050', false);
INSERT INTO public.contractor VALUES ('10c85019-3d80-4b6a-8f32-f64130e8aeda', 'CHA Consulting Inc.', 'beefa9d8-2a7d-4b37-9fec-3f2a433e7050', false);
INSERT INTO public.contractor VALUES ('f143ea1b-8ccd-41f9-9f8a-0927b4439ea7', 'New England Utility Constructors Inc', 'beefa9d8-2a7d-4b37-9fec-3f2a433e7050', false);
INSERT INTO public.contractor VALUES ('4995e66b-813f-48ac-a2cb-386f2f0a7434', 'Hiller New England Fire Protection Inc.', 'beefa9d8-2a7d-4b37-9fec-3f2a433e7050', false);
INSERT INTO public.contractor VALUES ('2f09122d-e6ec-4830-b6cd-74503626a25d', 'Bay State Piping Co. Inc.', 'beefa9d8-2a7d-4b37-9fec-3f2a433e7050', false);
INSERT INTO public.contractor VALUES ('e4deaa3c-a2c7-472b-bf46-8b5209206141', 'Lawrence Lynch', 'beefa9d8-2a7d-4b37-9fec-3f2a433e7050', false);
INSERT INTO public.contractor VALUES ('42e045e7-197d-45df-86e6-b3bcaad75eef', 'Process Pipeline Services', 'beefa9d8-2a7d-4b37-9fec-3f2a433e7050', false);
INSERT INTO public.contractor VALUES ('e9060a36-63c8-4260-8fac-c86319c5a485', 'United Site Services, Inc. (Inactive)', 'beefa9d8-2a7d-4b37-9fec-3f2a433e7050', false);
INSERT INTO public.contractor VALUES ('954393eb-b0c3-4cb2-a358-87aabc005dd9', 'Vanderwiel Engineering (NEPA)', 'beefa9d8-2a7d-4b37-9fec-3f2a433e7050', false);
INSERT INTO public.contractor VALUES ('120c6332-7bc1-4c1b-9349-778b384e45af', 'Riggs Distler', 'beefa9d8-2a7d-4b37-9fec-3f2a433e7050', false);
INSERT INTO public.contractor VALUES ('8b3fcad5-8309-4a58-a48b-d37bb9dd374d', 'Atlantic Detroit Diesel Allison LLC', 'beefa9d8-2a7d-4b37-9fec-3f2a433e7050', false);
INSERT INTO public.contractor VALUES ('46429146-8f0f-441a-8675-3104c68f3417', 'Anchor Insulation', 'beefa9d8-2a7d-4b37-9fec-3f2a433e7050', false);
INSERT INTO public.contractor VALUES ('a8917c2f-06ee-4d56-bd02-80941c7077b1', 'CitiWorks Fence Company', 'beefa9d8-2a7d-4b37-9fec-3f2a433e7050', false);
INSERT INTO public.contractor VALUES ('67b94657-af6d-4163-951b-df81aae0edaa', 'Analytical Testing Consultants Inc.', 'beefa9d8-2a7d-4b37-9fec-3f2a433e7050', false);
INSERT INTO public.contractor VALUES ('c1b7c2de-1459-4bda-ad7e-79ca7cd673aa', 'Costello Dismantling Company Inc.', 'beefa9d8-2a7d-4b37-9fec-3f2a433e7050', false);
INSERT INTO public.contractor VALUES ('176dc111-c1a7-4b09-b014-a32a47b621a5', 'Badger Daylighting Corp', 'beefa9d8-2a7d-4b37-9fec-3f2a433e7050', false);
INSERT INTO public.contractor VALUES ('ca29f285-fff6-4544-bfa7-88c6f5c994c6', 'GZA GeoEnvironmental Inc.', 'beefa9d8-2a7d-4b37-9fec-3f2a433e7050', false);
INSERT INTO public.contractor VALUES ('97e98bb3-7124-45a9-a92f-4957b16756ec', 'M&X Utility Co., Inc.', 'beefa9d8-2a7d-4b37-9fec-3f2a433e7050', false);

INSERT INTO public.library_divisions VALUES ('3784b32f-006d-4b22-b87e-6d04a32ed33c', 'Gas');
INSERT INTO public.library_divisions VALUES ('8cc132b0-33e1-4541-b5b8-1fccc85a797c', 'Electric');

INSERT INTO public.library_project_types VALUES ('9aebe333-a793-4ec4-8dc6-7845e0edd773', 'LNG/CNG');
INSERT INTO public.library_project_types VALUES ('0b982026-69f5-44dc-99f1-0c3cb0176a15', 'Distribution');
INSERT INTO public.library_project_types VALUES ('00d803b2-b928-4ba2-8c60-b46b222c7d77', 'Lining');
INSERT INTO public.library_project_types VALUES ('723ee7a6-258d-4b2a-a694-9f836d4e25e4', 'Reg Stations / Heaters');
INSERT INTO public.library_project_types VALUES ('02099c38-4654-45e8-9b4c-1b19bfadc24f', 'Transmission');
INSERT INTO public.library_project_types VALUES ('3ca5a15e-f5b3-4e7f-ab94-52c8e6512a26', 'Facilities');
INSERT INTO public.library_project_types VALUES ('5a17baad-0c66-41b9-b7e3-971aad0ead5b', 'Other');

INSERT INTO public.library_regions VALUES ('6bf37c9c-0f5f-4b4e-997f-beb3f5329db4', 'DNY (Downstate New York)');
INSERT INTO public.library_regions VALUES ('a2030bdf-8a9e-40a6-b477-7cd1f7089193', 'UNY (Upstate New York)');
INSERT INTO public.library_regions VALUES ('4ac410e1-8d66-4c2a-bc9c-1a481931ec29', 'NE (New England)');

INSERT INTO public.library_site_conditions VALUES ('b4d9101d-28d1-4265-ab6a-22b6957638a8', 'Heat index classification', 'heat_index');
INSERT INTO public.library_site_conditions VALUES ('b9a1bc0e-0152-41e7-b14e-10172fa09a11', 'Cold index classification', 'cold_index');
INSERT INTO public.library_site_conditions VALUES ('6ef7ba5e-cdcf-4a04-aa5d-b339fd54c6c5', 'Lightning forecast', 'lightning_forecast');
INSERT INTO public.library_site_conditions VALUES ('0e36249c-28a7-4454-809b-33cbd4b2880f', 'Slip potential', 'slip');
INSERT INTO public.library_site_conditions VALUES ('242195fb-e4ef-4d72-ada6-d7ccb7078ec5', 'Environmentally sensitive area', 'environment_sensitive');
INSERT INTO public.library_site_conditions VALUES ('85ddce3d-d2cf-490b-be25-7f3e68997de1', 'Roadway with classification (Highway / CR)', 'roadway');
INSERT INTO public.library_site_conditions VALUES ('6fcc5b80-cfa5-4097-b03e-44eed04dd9dd', 'Traffic density', 'traffic_density');
INSERT INTO public.library_site_conditions VALUES ('7774b205-ad0c-4ce4-86e1-51a2762d8602', 'Travel time to nearest hospital', 'hospital_distance');
INSERT INTO public.library_site_conditions VALUES ('427ab836-1d51-4535-bfa4-6f08085b9c9f', 'Cellular coverage', 'cell_coverage');
INSERT INTO public.library_site_conditions VALUES ('024ff047-1ab4-4fa5-8a4f-c1f57277a4a4', 'Urban density / population', 'population_density');
INSERT INTO public.library_site_conditions VALUES ('bb0246ec-84a9-450e-8103-b29e62ac3349', 'Crime', 'crime');
INSERT INTO public.library_site_conditions VALUES ('b61df9d0-4d8f-49ff-8b2c-34fafa950bdc', 'Insects / Ticks / Vermin', 'insects');
INSERT INTO public.library_site_conditions VALUES ('76a65257-7697-46db-b28a-6d229bae79ba', 'Snakes', 'snakes');
INSERT INTO public.library_site_conditions VALUES ('211d23ac-127a-4c5a-9c53-6c1ff6b28ee5', 'Bears / Mountain Lions', 'bears');
INSERT INTO public.library_site_conditions VALUES ('406e2587-94f4-4225-a727-fb4025bc5add', 'Working above water', 'working_over_water');
INSERT INTO public.library_site_conditions VALUES ('7d4e6780-6710-4249-a3ab-1765c6975e50', 'Other ongoing construction operations in ROW', 'other_constructions');
INSERT INTO public.library_site_conditions VALUES ('8157bb4b-f85c-45a0-9fda-7ea0c5d75830', 'Work near regulator station ', 'work_near_regulator_station');
INSERT INTO public.library_site_conditions VALUES ('c0a84add-44b8-49e4-895e-9300eb711b46', 'Working at night ', 'working_at_night');
INSERT INTO public.library_site_conditions VALUES ('c121e8ed-3629-42cb-b355-ae7f747569d0', 'Working on an elevated ROW (Bridge)', 'elevated_row');
INSERT INTO public.library_site_conditions VALUES ('932b4861-1901-46d2-874e-ec717b908a5a', 'Exposure to active roadway (exposureactiveroad)', 'exposure_active_road');
INSERT INTO public.library_site_conditions VALUES ('edb8f382-f825-49d8-adc6-11b7deae686c', 'Roadway closed for work (roadclosed)', 'road_closed');
INSERT INTO public.library_site_conditions VALUES ('73929607-e45a-4460-a41b-4abc197722a6', 'Extreme Topography', 'extreme_topography');
INSERT INTO public.contractor_aliases VALUES ('383fbe30-2eef-441f-898e-b07f8c53bb68', 'Kiewit Power', NULL, '55fb329a-27b4-40ab-9c23-fba98fa5b552');
INSERT INTO public.contractor_aliases VALUES ('841b37e4-f9ac-42a1-b273-ce0c7eed6678', 'Kiewit Energy Group Inc. And Subsidiaries', NULL, 'ed430bef-7360-4458-aa4e-982b469ebc68');
INSERT INTO public.contractor_aliases VALUES ('d09325dc-ff71-43f9-8495-d07690f75fa5', 'Feeney Brothers', NULL, '5c35e0b0-03bc-48d3-80dc-84ede66323fa');
INSERT INTO public.contractor_aliases VALUES ('071af55d-0b58-4309-b6ca-3676c49276b9', 'NEUCO', NULL, 'd1966330-e11c-4a5b-ac04-7fcbd9ac652e');
INSERT INTO public.contractor_aliases VALUES ('9c78fc54-7321-4252-b38d-5889c9e21f70', 'CHI Engineering Services', NULL, '82f3bac5-5e4e-4d76-ae70-9992dd5cb13d');
INSERT INTO public.contractor_aliases VALUES ('fbf1c60d-0eee-41d2-851c-cf8199abbb37', 'RH White Construction', NULL, '4e7e4d80-51ff-4501-9262-9b585c7fdd47');
INSERT INTO public.contractor_aliases VALUES ('f7303fa9-dd72-437c-8fba-6a65472cfb8d', 'Bond Brothers Inc.', NULL, '1c4a2d6c-1e57-4580-b31f-b240b63df45a');
INSERT INTO public.contractor_aliases VALUES ('9afbb0b0-7b68-475f-ad7a-3cad9f38f646', 'Fraser Engineering Company Inc.', NULL, '09e30837-c597-4416-a002-a82fe2359de1');
INSERT INTO public.contractor_aliases VALUES ('4b7ad271-cb74-47d7-b498-70d8cd1760d0', 'Lewis Tree Services', NULL, '2892b44a-ce34-428e-ae14-bf42c8d68eef');
INSERT INTO public.contractor_aliases VALUES ('100faf19-b58b-43de-88bb-ba8e4b75dc26', 'Arden Engineering Constructors LLC', NULL, '2d0dfddf-2f59-4b55-9c99-c58d507f5940');
INSERT INTO public.contractor_aliases VALUES ('3feb41e9-e355-48ad-8fd1-1960e70cf6c8', 'GPL Construction Inc', NULL, 'e8192a7d-b0d8-4ee2-8827-5a0206b8c6f8');
INSERT INTO public.contractor_aliases VALUES ('8074395d-467c-45dc-a66f-4f64a16bbb4e', 'Hallen Construction Co. Inc.', NULL, '3d948c06-d88f-4667-8278-10fa77d23737');
INSERT INTO public.contractor_aliases VALUES ('2614296d-6622-402b-b176-177ccc2d8abd', 'Sapphire Gas Solutions', NULL, '78fa9023-509b-4431-bb2d-f9f850f5ff9a');
INSERT INTO public.contractor_aliases VALUES ('46217c83-40b8-433d-af42-db4e0aec3acc', 'Bancker Construction Corp.', NULL, '227c3f39-173d-45d6-a6ea-3f986d6a1d82');
INSERT INTO public.contractor_aliases VALUES ('543155bb-c749-4845-8190-9a1632649d94', 'IPC', NULL, 'b996889c-9582-4fcc-a000-b61c55737e17');
INSERT INTO public.contractor_aliases VALUES ('17b7a25f-a5cf-4df8-b3bb-45cbc7e4ca2b', 'Sky Testing Services Inc.', NULL, 'b07ea708-f653-46b5-b2fe-f17c867f9851');
INSERT INTO public.contractor_aliases VALUES ('98eb14a1-d924-4ce1-b4fe-e5ae1fae9600', 'AccuWeld Technologies Inc', NULL, 'ca51c24a-3fc0-472f-9a50-ade16d0dc8f7');
INSERT INTO public.contractor_aliases VALUES ('8977ac78-bada-4282-80e4-9b28a4a50fb7', 'Safeway Construction Enterprises, LLC', NULL, 'b8104f29-9fcf-470a-9134-7e93ee4f553e');
INSERT INTO public.contractor_aliases VALUES ('76bc4a92-35b2-4cf2-86b1-ba3bc94fc9e9', 'Burns & McDonnell Engineering Inc.', NULL, '027409c1-ccbc-44d3-a6c9-c5ec639e49d1');
INSERT INTO public.contractor_aliases VALUES ('ef9c1a1d-6edb-4389-ad0a-0f652b15781c', 'AGI Construction', NULL, '787faeff-deb0-4e61-8b0f-f51d3e91301c');
INSERT INTO public.contractor_aliases VALUES ('98c4edfe-5925-4c20-9cd3-a72d890f8a2e', 'Alliance Integrated Systems Inc.', NULL, '866ac973-d4f8-429c-8625-a22413a8ba6b');
INSERT INTO public.contractor_aliases VALUES ('e9880591-9886-4b49-b041-caabc81dbb48', 'Mass Bay Electrical Corporation', NULL, 'c46c1455-9cd6-4c63-9f0a-dba047d97102');
INSERT INTO public.contractor_aliases VALUES ('a1d50a05-61b8-4875-9fe8-74d0e0192fed', 'McDonough Electric Construction Corporation', NULL, '76352da0-9f40-42c6-be90-762b84270e2f');
INSERT INTO public.contractor_aliases VALUES ('199f703e-5b4f-4da0-90f5-dbf082a8c7d0', 'One Source Power LLC', NULL, '7d6d192e-0647-49ab-b729-3ed7f63eabc5');
INSERT INTO public.contractor_aliases VALUES ('d3eb75b6-655c-4a1a-a304-61ae6944f0fd', 'Alliance Power Group', NULL, '36e1eea4-5ab2-4ece-9233-8533331582dd');
INSERT INTO public.contractor_aliases VALUES ('8c51ca12-7c08-4332-9131-f4004bddfb2f', 'Robert J. Devereaux Corp.', NULL, '81463a7d-fa01-44d8-9d20-a7c2880c7bc9');
INSERT INTO public.contractor_aliases VALUES ('cfa6f2e5-b72f-45f7-803b-65c67227072a', 'McGrath Fence Company Inc.', NULL, 'fdde19ab-5f60-4806-8102-f7edba46a659');
INSERT INTO public.contractor_aliases VALUES ('d31bcd4d-2c62-4c92-bc8a-30168338b9de', 'Murphy Electric & Industrial Control', NULL, 'c9a8546a-89ca-4d35-9158-bb7faae153af');
INSERT INTO public.contractor_aliases VALUES ('dbbfb7a5-87c4-4e5e-b631-c0297beda377', 'CCS & Sons Inc.', NULL, '0c99ff61-b72b-4d67-b794-dd9911d71879');
INSERT INTO public.contractor_aliases VALUES ('1eb12570-5a8d-49b1-bed2-e13061d977f4', 'Riley Brothers', NULL, 'd015bc21-6bd7-458c-a693-5df2a7313a51');
INSERT INTO public.contractor_aliases VALUES ('bb52ee9b-a470-4c54-8521-d8b19ebd0abc', 'P.J. Keating Co', NULL, '8cb41add-9022-4213-b083-2cfeb8d39fa5');
INSERT INTO public.contractor_aliases VALUES ('404e45f5-f09b-4669-8c2a-c41d1e86bb6f', 'Stuart Irby Co.', NULL, '83a77652-116a-4b7e-a5a3-4e514f0c2ebc');
INSERT INTO public.contractor_aliases VALUES ('97ccdac4-1a14-4496-a5ed-660397fde3ff', 'Capital Fence Co Inc', NULL, '8b48056b-b0d3-47df-8d82-0143e1aefb38');
INSERT INTO public.contractor_aliases VALUES ('5cbfa0d7-5a61-449e-94ba-f4116c57dc63', 'CW Wright Construction Company', NULL, 'a933aba0-9347-4586-a15f-546c9595c8b2');
INSERT INTO public.contractor_aliases VALUES ('af5b5037-c888-4ccf-8192-36d0bcefd9df', 'Davis H Elliot Construction Company Inc.', NULL, '4dffe6dc-4b65-4760-9a2d-6c2400d04491');
INSERT INTO public.contractor_aliases VALUES ('3c640551-d5e0-4de3-8c5c-00a07f2d21a4', 'ELDOR CONTRACTING CORP', NULL, 'ba1f8e46-08a4-4253-9ea1-d0f5c4294d73');
INSERT INTO public.contractor_aliases VALUES ('05550944-a870-42ec-a68b-40c9d666a105', 'TRC Companies', NULL, '9c7ee479-764a-4757-ad4c-f8ba4837f121');
INSERT INTO public.contractor_aliases VALUES ('3d28aa81-2657-4b80-9e91-3476028d9aa8', 'K Electric Inc.', NULL, '4758c5fe-0fa8-4975-a259-223c39219d36');
INSERT INTO public.contractor_aliases VALUES ('b0624204-b4c0-4c34-8400-4da360fdddf6', 'Midway Utility Contractors', NULL, 'a2212855-ad2c-455a-922b-1ea5f30bdc5d');
INSERT INTO public.contractor_aliases VALUES ('44bd2691-7144-4a68-8b0e-59100c329772', 'BSC Companies, Inc.', NULL, '4788c9b7-2740-4f01-a294-3f624bab3072');
INSERT INTO public.contractor_aliases VALUES ('10c85019-3d80-4b6a-8f32-f64130e8aeda', 'CHA Consulting Inc.', NULL, '929653ac-08ae-4013-bb3e-027946719365');
INSERT INTO public.contractor_aliases VALUES ('f143ea1b-8ccd-41f9-9f8a-0927b4439ea7', 'New England Utility Constructors Inc', NULL, '30bf9700-6744-4049-86d9-0b1d779ac8df');
INSERT INTO public.contractor_aliases VALUES ('4995e66b-813f-48ac-a2cb-386f2f0a7434', 'Hiller New England Fire Protection Inc.', NULL, '468a74b5-c764-4914-a1de-83e947705d08');
INSERT INTO public.contractor_aliases VALUES ('2f09122d-e6ec-4830-b6cd-74503626a25d', 'Bay State Piping Co. Inc.', NULL, '6886d864-043a-4cf5-86b4-05508ce88869');
INSERT INTO public.contractor_aliases VALUES ('e4deaa3c-a2c7-472b-bf46-8b5209206141', 'Lawrence Lynch', NULL, '3a727327-dede-44de-9b64-cbfaec0612d1');
INSERT INTO public.contractor_aliases VALUES ('120c6332-7bc1-4c1b-9349-778b384e45af', 'Riggs Distler', NULL, 'ccaa4572-c356-4a4b-bf6f-bf5fdd6d4efd');
INSERT INTO public.contractor_aliases VALUES ('42e045e7-197d-45df-86e6-b3bcaad75eef', 'Process Pipeline Services', NULL, 'a6fb8a9c-4251-4d09-a383-9b6f7d2f33bd');
INSERT INTO public.contractor_aliases VALUES ('e9060a36-63c8-4260-8fac-c86319c5a485', 'United Site Services, Inc. (Inactive)', NULL, '854e4ef7-e2f3-4b91-adf2-4d6ce668ed9a');
INSERT INTO public.contractor_aliases VALUES ('954393eb-b0c3-4cb2-a358-87aabc005dd9', 'Vanderwiel Engineering (NEPA)', NULL, '96756926-6f72-4627-addc-5e15a3fb88e8');
INSERT INTO public.contractor_aliases VALUES ('8b3fcad5-8309-4a58-a48b-d37bb9dd374d', 'Atlantic Detroit Diesel Allison LLC', NULL, '595492fe-1c82-466e-88e3-bc4a160d4bd1');
INSERT INTO public.contractor_aliases VALUES ('46429146-8f0f-441a-8675-3104c68f3417', 'Anchor Insulation', NULL, '250b1782-dac0-42f9-bde2-92ed869b30cf');
INSERT INTO public.contractor_aliases VALUES ('a8917c2f-06ee-4d56-bd02-80941c7077b1', 'CitiWorks Fence Company', NULL, 'e9e6c3c5-4a51-450b-a265-c2011d217183');
INSERT INTO public.contractor_aliases VALUES ('67b94657-af6d-4163-951b-df81aae0edaa', 'Analytical Testing Consultants Inc.', NULL, '2eee9e46-71bb-4690-a3b3-46a2321ca0f4');
INSERT INTO public.contractor_aliases VALUES ('c1b7c2de-1459-4bda-ad7e-79ca7cd673aa', 'Costello Dismantling Company Inc.', NULL, 'c305274a-db9e-4a9e-bd13-f0c23af44144');
INSERT INTO public.contractor_aliases VALUES ('176dc111-c1a7-4b09-b014-a32a47b621a5', 'Badger Daylighting Corp', NULL, '412f382e-7b9a-4300-8428-4abb8c0098df');
INSERT INTO public.contractor_aliases VALUES ('ca29f285-fff6-4544-bfa7-88c6f5c994c6', 'GZA GeoEnvironmental Inc.', NULL, '3ff70dea-0c42-4879-a37c-3568b312593c');
INSERT INTO public.contractor_aliases VALUES ('97e98bb3-7124-45a9-a92f-4957b16756ec', 'M&X Utility Co., Inc.', NULL, 'a4f81d2e-5d1d-49bd-b9a8-dc1734bd17c7');

INSERT INTO public.library_tasks VALUES ('a36c2136-e8ad-45e7-a32e-1f515edca089', 'Above-ground welding - Above ground weld', 134, 'Welding / joining', 'GASTRANS027');
INSERT INTO public.library_tasks VALUES ('7a91aaf5-b54f-4586-ab38-66d0bb3b22bd', 'Above-ground welding - Pipe face alignment', 24, 'Welding / joining', 'GASTRANS026');
INSERT INTO public.library_tasks VALUES ('b48e5589-9674-41eb-91f0-e4e7777cf4b2', 'Above-ground welding - Pipe face beveling', 23, 'Welding / joining', 'GASTRANS024');
INSERT INTO public.library_tasks VALUES ('f859c660-0513-4470-9d86-06c5c9643314', 'Above-ground welding - Pipe face preheating', 55, 'Welding / joining', 'GASTRANS025');
INSERT INTO public.library_tasks VALUES ('9464aee6-1ddb-4e65-94e2-6007fabeea02', 'Above-ground welding - Preheating with blankets', 46, 'Welding / joining', 'GASTRANS033');
INSERT INTO public.library_tasks VALUES ('ec04a3b9-8029-428d-95fe-62ae33873cd2', 'Applying corrosion wrap (e.g. clock spring)', 165, 'Field coating', 'GASTRANS043');
INSERT INTO public.library_tasks VALUES ('238d46eb-72ba-47ee-8742-99ed25567366', 'Backfill', 122, 'Trenching / excavating', 'GASTRANS014');
INSERT INTO public.library_tasks VALUES ('01baa494-99c5-43bf-aa8a-53a6f4732924', 'Cable tray and support install - Above ground', 66, 'Electrical work', 'GASTRANS071');
INSERT INTO public.library_tasks VALUES ('223b04e9-62fa-4cf9-97f7-42d7e63994f0', 'Clearing & grading', 217, 'Clearing & grading', 'GASTRANS005');
INSERT INTO public.library_tasks VALUES ('9071983c-5123-475f-9f1c-351c6756a5a5', 'Coating pipe or welds with epoxy', 22, 'Field coating', 'GASTRANS042');
INSERT INTO public.library_tasks VALUES ('f4202f63-3ec3-442a-8c44-788d8d9c8fee', 'Concrete formwork install / strip', 54, 'Civil work', 'GASTRANS068');
INSERT INTO public.library_tasks VALUES ('29a8acf6-8312-4f26-b773-7908d67d437f', 'Concrete replacement', 111, 'Site restoration', 'GASTRANS058');
INSERT INTO public.library_tasks VALUES ('b0702e49-5604-4c8a-a0b6-8bd51ba1db68', 'Concrete work', 51, 'Civil work', 'GASTRANS066');
INSERT INTO public.library_tasks VALUES ('d8217652-973e-4216-aea5-28ced89eac26', 'Conduit work - Underground', 47, 'Electrical work', 'GASTRANS070');
INSERT INTO public.library_tasks VALUES ('ac1e15a5-7021-48a6-a88d-b9799b6355ea', 'Confined space entry', 139, 'Confined space entry', 'GASTRANS057');
INSERT INTO public.library_tasks VALUES ('f89ac6f3-7598-490c-98e8-07b5986fcd0c', 'Control line installation', 57, 'Regulator / gate station installation', 'GASTRANS054');
INSERT INTO public.library_tasks VALUES ('e0d4426a-400b-48b3-abdc-940648d53c28', 'Corrosion system install - Anode', 66, 'Electrical work', 'GASTRANS074');
INSERT INTO public.library_tasks VALUES ('9d37a2f3-d5c4-4cbf-839c-96ef5fc4c497', 'Corrosion system install - Rectifier', 66, 'Electrical work', 'GASTRANS075');
INSERT INTO public.library_tasks VALUES ('7a16673f-0ef8-4d12-8d33-9586cbfe1f54', 'Cut and remove existing pipe', 173, 'Mechanical work', 'GASTRANS022');
INSERT INTO public.library_tasks VALUES ('7b9bcd4f-cc64-48eb-8d38-ab8988dda7f6', 'Demo of retired facilities', 85, 'Structural work', 'GASTRANS062');
INSERT INTO public.library_tasks VALUES ('ad7a3d5c-ea72-45ed-a849-96540c68d337', 'Driving equipment and vehicles', 43, 'Traffic control', 'GASTRANS002');
INSERT INTO public.library_tasks VALUES ('590f0c15-1ff2-4de1-9488-124388f94fd3', 'Electrical testing', 66, 'Electrical work', 'GASTRANS073');
INSERT INTO public.library_tasks VALUES ('35a07126-c052-4f57-b386-95581220cf05', 'Excavation of road / subsurface', 131, 'Trenching / excavating', 'GASTRANS008');
INSERT INTO public.library_tasks VALUES ('a3de1387-17a5-4b9f-a6ea-391990d4a199', 'Excavation of soil using hydro-vac', 55, 'Trenching / excavating', 'GASTRANS012');
INSERT INTO public.library_tasks VALUES ('1d4de35b-2025-4fd4-b9f9-e6f29548c304', 'Excavation of soil (using means other than hydro-vac)', 330, 'Trenching / excavating', 'GASTRANS009');
INSERT INTO public.library_tasks VALUES ('bf77f03b-0088-4161-b20d-2e12681693a5', 'Field bending pipe', 148, 'Material handling', 'GASTRANS019');
INSERT INTO public.library_tasks VALUES ('eebe5e56-d8c2-4816-b819-3ba0da0d6566', 'Fusion of plastic pipe', 330, 'Welding / joining', 'GASTRANS029');
INSERT INTO public.library_tasks VALUES ('3fc9c105-f594-41be-9f24-c5c74cb495ad', 'Gassing-in', 226, 'Commissioning of facility', 'GASTRANS076');
INSERT INTO public.library_tasks VALUES ('ff20527c-5375-4bb6-91e0-b280e9d6ffca', 'Grinding', 67, 'Welding / joining', 'GASTRANS030');
INSERT INTO public.library_tasks VALUES ('24a278d2-7563-4030-8d0e-c68c67523290', 'Heater installation', 57, 'Regulator / gate station installation', 'GASTRANS053');
INSERT INTO public.library_tasks VALUES ('9c924f91-1675-42e7-b62d-8cca55a6e4c0', 'High Torque / bolt up (Using high torque machine)', 103, 'Mechanical work', 'GASTRANS021');
INSERT INTO public.library_tasks VALUES ('ed0a3403-fa19-460b-b2fe-32ca0d1063e1', 'Masonry work', 138, 'Civil work', 'GASTRANS067');
INSERT INTO public.library_tasks VALUES ('ee5fe360-3225-4deb-a51e-441ccddce65d', 'In- trench welding', 413, 'Welding / joining', 'GASTRANS028');
INSERT INTO public.library_tasks VALUES ('aa5c660c-2a51-40c4-bbf4-4543052ec064', 'In-trench welding - Pipe face alignment', 123, 'Welding / joining', 'GASTRANS031');
INSERT INTO public.library_tasks VALUES ('77cc07b4-fdcf-4a2b-a5e0-cc77e8c4ecc4', 'In-trench welding - Pipe face preheating', 145, 'Welding / joining', 'GASTRANS032');
INSERT INTO public.library_tasks VALUES ('9748890b-d2da-4371-b324-a6570a4d22f2', 'In-trench welding - Preheating with blankets', 146, 'Welding / joining', 'GASTRANS034');
INSERT INTO public.library_tasks VALUES ('2ce1dddc-72d6-4fae-b639-f855171abf00', 'Install fences and/or barricades', 33, 'Site restoration', 'GASTRANS061');
INSERT INTO public.library_tasks VALUES ('199ce778-1eed-4a6f-9401-3fefe1b1baac', 'Install insulating kit', 43, 'Mechanical work', 'GASTRANS023');
INSERT INTO public.library_tasks VALUES ('637eba71-e353-42cc-8be8-7f40ad440514', 'Install large diameter pipe (>12") - Open trench / above ground', 312, 'Pipe installation', 'GASTRANS049');
INSERT INTO public.library_tasks VALUES ('c2fed5e6-58c5-4b6b-b299-09d617f99f39', 'Install pipe - Boring / HDD', 403, 'Pipe installation', 'GASTRANS048');
INSERT INTO public.library_tasks VALUES ('4880814a-ec17-4825-8757-67d8ff7862df', 'Install small diameter pipe / fittings (<=12") - Open trench / above ground', 114, 'Pipe installation', 'GASTRANS050');
INSERT INTO public.library_tasks VALUES ('88b99733-ead6-4278-917f-bc1b72442a35', 'Keeping - Above ground', 38, 'Field coating', 'GASTRANS047');
INSERT INTO public.library_tasks VALUES ('1e2a329c-a413-41a4-90f3-9c2d6f3fe6b3', 'Keeping - In-trench', 118, 'Field coating', 'GASTRANS046');
INSERT INTO public.library_tasks VALUES ('7b79a1b8-fe2c-4fe5-94a0-81409c033212', 'Matting install / removal', 306, 'Trenching / excavating', 'GASTRANS007');
INSERT INTO public.library_tasks VALUES ('37a72bab-91b2-41b4-bd83-107a5a4b4951', 'Locates / Mark-outs', 45, 'Locates / Mark-outs', 'GASTRANS003');
INSERT INTO public.library_tasks VALUES ('69bfb299-4543-4292-98bd-c52d05319666', 'Magnetic particle inspection (MPI), ultrasonic testing, liquid/dye penetrant', 55, 'Non-destructive examination (NDE)', 'GASTRANS038');
INSERT INTO public.library_tasks VALUES ('450a47f4-a174-47d4-8c46-54d2fc12555f', 'Micropile installation', 247, 'Structural work', 'GASTRANS065');
INSERT INTO public.library_tasks VALUES ('8d379ebc-493e-48ab-a519-a201359d0ad7', 'Modular shoring system install / removal', 204, 'Trenching / excavating', 'GASTRANS011');
INSERT INTO public.library_tasks VALUES ('3dc04aa4-58b9-40b2-a34b-bb3c59d91120', 'Paving / asphalt replacement', 122, 'Site restoration', 'GASTRANS059');
INSERT INTO public.library_tasks VALUES ('c7f383d0-c01e-43fc-8d62-c262862aca69', 'Pigging', 147, 'Pigging', 'GASTRANS056');
INSERT INTO public.library_tasks VALUES ('48253a67-cad2-4fe0-bce8-9089465936e0', 'Pipe surface preparation - Abrasive blasting', 48, 'Field coating', 'GASTRANS040');
INSERT INTO public.library_tasks VALUES ('66ef2d32-22fe-4a07-8d6c-2dde41a9df50', 'Pipe surface preparation - Power tools', 66, 'Field coating', 'GASTRANS041');
INSERT INTO public.library_tasks VALUES ('8e0a24ec-0575-4a33-a4bd-ff1795b390f3', 'Pipe threading', 21, 'Pipe installation', 'GASTRANS051');
INSERT INTO public.library_tasks VALUES ('27a4547a-3167-4087-be03-cc7568097936', 'Plumbing', 55, 'Plumbing work', 'GASTRANS077');
INSERT INTO public.library_tasks VALUES ('9ef25e64-91ba-430d-9e24-e0d6f9ad561b', 'Pressure test (hydrostatic / pneumatic)', 140, 'Pressure test', 'GASTRANS055');
INSERT INTO public.library_tasks VALUES ('22232ece-c66b-45db-9dd1-162c3c92d017', 'Purging gas', 166, 'Live gas work', 'GASTRANS036');
INSERT INTO public.library_tasks VALUES ('d280ee9d-ad2d-4a83-8af8-f61bca0a7057', 'Rebar install', 51, 'Civil work', 'GASTRANS069');
INSERT INTO public.library_tasks VALUES ('422df780-6c14-4321-8525-32853c93b712', 'Remove corrosion wrap - Above ground', 26, 'Field coating', 'GASTRANS044');
INSERT INTO public.library_tasks VALUES ('a1b21057-f86f-466a-bdce-1a2fafc4bfdd', 'Remove corrosion wrap - In-trench', 114, 'Field coating', 'GASTRANS045');
INSERT INTO public.library_tasks VALUES ('20758fec-c71a-4954-b1fa-6284e6782afc', 'Rigging and lifting activities - Critical lift', 331, 'Material handling', 'GASTRANS018');
INSERT INTO public.library_tasks VALUES ('13973c9b-95e5-424c-b2ca-930682b57cbd', 'Rigging and lifting activities - Non-critical lift', 151, 'Material handling', 'GASTRANS017');
INSERT INTO public.library_tasks VALUES ('a6c64af7-4968-452e-9501-b2b1f050cbf6', 'Road plate install / removal', 313, 'Trenching / excavating', 'GASTRANS006');
INSERT INTO public.library_tasks VALUES ('4609fbd4-c55b-4cdc-9302-7c0a8794643f', 'Scaffold assembly/demo', 146, 'Structural work', 'GASTRANS064');
INSERT INTO public.library_tasks VALUES ('9d9464e3-c15d-4653-b2dc-25959015bb61', 'Soft surface (seeding, mulch, lime, sod, etc.)', 32, 'Site restoration', 'GASTRANS060');
INSERT INTO public.library_tasks VALUES ('23631748-7c0c-48f0-b0f8-e7e7bc676c18', 'Structural fabrication / assembly', 247, 'Structural work', 'GASTRANS063');
INSERT INTO public.library_tasks VALUES ('ed717165-b18b-4f07-ba6a-f4a4e046123b', 'Surveying & staking', 22, 'Surveying & staking', 'GASTRANS004');
INSERT INTO public.library_tasks VALUES ('c0e9be57-d54a-4b59-8710-3ff9d964e414', 'Tie-ins / hot tapping (Steel, cast iron, plastic)', 253, 'Live gas work', 'GASTRANS035');
INSERT INTO public.library_tasks VALUES ('c0406c51-8e6f-4e27-bf72-cf80ac508277', 'Tieback install/removal', 255, 'Trenching / excavating', 'GASTRANS015');
INSERT INTO public.library_tasks VALUES ('e7c23039-78b3-46be-ab03-844a3140f358', 'Timber shoring install / removal', 204, 'Trenching / excavating', 'GASTRANS010');
INSERT INTO public.library_tasks VALUES ('2593f81a-3c6a-4916-8590-51fc9b934207', 'Torquing / bolt up (Using wrench tool)', 67, 'Mechanical work', 'GASTRANS020');
INSERT INTO public.library_tasks VALUES ('b1738bbd-1570-482d-91ee-ad64ccfb3aea', 'Traffic control (Site set-up)', 113, 'Traffic control', 'GASTRANS001');
INSERT INTO public.library_tasks VALUES ('85c2c126-7d1c-4e39-8d73-03ebbf894804', 'Vault installation', 317, 'Regulator / gate station installation', 'GASTRANS052');
INSERT INTO public.library_tasks VALUES ('195f89bf-b80a-4853-8c73-972017ba8a50', 'Vertical drilling / core sampling', 165, 'Trenching / excavating', 'GASTRANS013');
INSERT INTO public.library_tasks VALUES ('07236ab1-19c5-439d-8403-d5d544f31ab5', 'Weld X-ray / radiography - Above ground', 113, 'Non-destructive examination (NDE)', 'GASTRANS037');
INSERT INTO public.library_tasks VALUES ('beb35c74-0e4e-443c-8061-b91eb35d4bed', 'Weld X-ray / radiography - In-trench', 213, 'Non-destructive examination (NDE)', 'GASTRANS039');
INSERT INTO public.library_tasks VALUES ('335ca6b6-798b-4a21-9825-5cb499154f45', 'Wiring work', 66, 'Electrical work', 'GASTRANS072');
INSERT INTO public.library_tasks VALUES ('a180f2d7-213c-4b12-8bfe-6640e4c47e98', 'Loading / unloading materials (e.g., pipe, fittings, valves, etc) during receiving / staging / demobilization', 132, 'Material handling', 'GASTRANS016');
INSERT INTO public.library_controls VALUES ('8aac579e-b59c-4252-8939-c799b7f9166d', 'Fire extinguisher', true, false);
INSERT INTO public.library_controls VALUES ('0b2da794-4f9a-4ec2-adc6-ddd15342ca5e', 'Cutting goggles', true, false);
INSERT INTO public.library_controls VALUES ('7921b1cb-2b96-4e55-a67f-0f22af0e95cf', 'Situational jobsite awareness', true, false);
INSERT INTO public.library_controls VALUES ('9e21d7c7-3276-406e-951e-a710c5c3f35a', 'Housekeeping', true, false);
INSERT INTO public.library_controls VALUES ('a033267d-7322-42c8-b011-4015d68b2bc2', 'Insulating gloves', true, false);
INSERT INTO public.library_controls VALUES ('2cef1dab-d0bd-4c3c-a0b8-79ff3e67b6d1', 'Proper ladder usage', true, false);
INSERT INTO public.library_controls VALUES ('8b781386-e309-44d5-9b8d-35230f80119a', 'Proper PPE as outlined by Safety Data Sheet', true, false);
INSERT INTO public.library_controls VALUES ('730d586c-f9fc-48c2-bab9-018e5474b81c', 'Cut resistant gloves', true, false);
INSERT INTO public.library_controls VALUES ('62ca2539-c0c4-4920-aca8-60e8536e725d', 'Spotters', true, false);
INSERT INTO public.library_controls VALUES ('14652da3-051a-4ff9-b7d1-34ea9ed4be81', 'Goal post', true, false);
INSERT INTO public.library_controls VALUES ('52182601-b5ef-4526-ad02-5d63f5b75e84', 'Repellant', true, false);
INSERT INTO public.library_controls VALUES ('0707486a-fd22-4959-887c-a0cd930ec087', 'Chaps', true, false);
INSERT INTO public.library_controls VALUES ('b4affcfd-2c5a-471e-bf27-61d20dac834b', 'Bend over nails', true, false);
INSERT INTO public.library_controls VALUES ('c2efdade-aac5-40c6-aa29-34687d2114f3', 'Hard hat', true, false);
INSERT INTO public.library_controls VALUES ('4ad1bc4a-ec30-4246-8796-23315c9d9f88', 'keep hands away from bender head', true, false);
INSERT INTO public.library_controls VALUES ('d9b46efa-f00e-4ac9-b550-0541dda61246', 'Supplied fresh air and/or air movers', true, false);
INSERT INTO public.library_controls VALUES ('e92f3626-be91-47da-b197-77e6154f5a15', 'Inspect entrances for signs of animal habitation prior to entry', true, false);
INSERT INTO public.library_controls VALUES ('712c64dd-9f74-4a8a-9dcd-3b55bfe5bb0c', 'Inspect ladders and scaffold', true, false);
INSERT INTO public.library_controls VALUES ('8035cbfb-4b42-4c1f-9ae3-b8f57983660b', 'Inspect equipment', true, false);
INSERT INTO public.library_controls VALUES ('ef04b4a5-9196-4122-b6f4-0b787190dff0', '360 walk around', true, false);
INSERT INTO public.library_controls VALUES ('8897d760-3e77-499b-a3b8-ef060ac5fbd9', 'Safety toe boots', true, false);
INSERT INTO public.library_controls VALUES ('6c9d1d49-53f1-4baf-a382-abcb11d9f40d', 'Hydro-vac', true, false);
INSERT INTO public.library_controls VALUES ('b9434a7d-62cc-4dc7-9e8e-02d418af7f7a', '811 locate tickets in place and utilities clearly marked', true, false);
INSERT INTO public.library_controls VALUES ('c8bdcb66-e7e4-440b-aea9-6cb4fd97cd38', 'Use a spotter to maintain at least 12" clearance from utilities', true, false);
INSERT INTO public.library_controls VALUES ('9ad431e2-a945-4e5a-8108-64a734717dfa', 'Maintain an exclusion zone around excavator and loading trucks', true, false);
INSERT INTO public.library_controls VALUES ('8d9dc6bf-cb00-4d8d-bcfe-9aa498fc2de3', 'Install trench boxes', true, false);
INSERT INTO public.library_controls VALUES ('1f9a5ff0-3394-4895-b45c-089ac6643003', 'Keep body parts away from end of hose', true, false);
INSERT INTO public.library_controls VALUES ('e767c285-3f2d-4b59-a7fa-881921ba5317', 'Placement of sandbags or timber skids', true, false);
INSERT INTO public.library_controls VALUES ('53a4afff-cfd5-4b30-89af-3d875f62722a', 'Whip checks', true, false);
INSERT INTO public.library_controls VALUES ('cf25cc91-be50-4117-aced-c8a8f83db846', 'Proper body and tool position', true, false);
INSERT INTO public.library_controls VALUES ('ff161bca-e057-4045-a3fe-708b6569ab8a', 'LOTO procedures', true, false);
INSERT INTO public.library_controls VALUES ('09cf14aa-3069-469a-ae4a-d2bb7e50d767', 'Welding gloves', true, false);
INSERT INTO public.library_controls VALUES ('b4380ba8-f086-4c83-b3f6-876d94d00239', 'Radiation monitoring device', true, false);
INSERT INTO public.library_controls VALUES ('6abcda1e-947c-4f1e-b913-18bc96c23334', 'Double eye protection', true, false);
INSERT INTO public.library_controls VALUES ('eb982aae-a4a6-4f8b-b5b9-418f9df86b22', 'Pre-shift inspection', true, false);
INSERT INTO public.library_controls VALUES ('1b79d139-38b2-44f7-aefc-e2871e2d46d9', 'Combustible gas indicators', true, false);
INSERT INTO public.library_controls VALUES ('9445a787-c4cb-4fb2-8a49-1b9947f55876', 'Machine guarding', true, false);
INSERT INTO public.library_controls VALUES ('8b1698a3-a055-499c-95e5-56059e3cdd89', 'Fill in gaps and holes in mats', true, false);
INSERT INTO public.library_controls VALUES ('59052adf-ceb6-48af-9884-751a9cc07903', 'Inspect hoses and fittings', true, false);
INSERT INTO public.library_controls VALUES ('5ad9c296-febb-41b1-bd83-c21910101a10', 'Inspect rigging', true, false);
INSERT INTO public.library_controls VALUES ('42c7d15f-00c4-49cc-bcce-7e58927d09b6', 'Deadman switch (emergency shut-down)', true, false);
INSERT INTO public.library_controls VALUES ('5ddd6a21-1f39-45fc-af9d-1dc783eba9a5', 'Respirator', true, false);
INSERT INTO public.library_controls VALUES ('359a02e2-7330-4175-a5b6-ef918e7d4158', 'Bonding of material and equipment', true, false);
INSERT INTO public.library_controls VALUES ('48319073-8386-49c9-9bab-735def7b1872', 'Do not wear loose fitting clothes', true, false);
INSERT INTO public.library_controls VALUES ('25ae5c04-3dab-4c7d-bf0d-2317fd997619', 'Face shield', true, false);
INSERT INTO public.library_controls VALUES ('610c3314-762f-4985-9701-6cfe44059cd8', 'Pressure relief valves', true, false);
INSERT INTO public.library_controls VALUES ('8358a4b3-7972-441d-918f-dbdb6b8a836f', 'Gas detectors', true, false);
INSERT INTO public.library_controls VALUES ('253829fa-56ea-40a7-a938-cceee82cd7d6', 'Rebar caps', true, false);
INSERT INTO public.library_controls VALUES ('23d96813-1901-4a25-b6d7-5579a2799a10', 'Asbestos abatement', true, false);
INSERT INTO public.library_controls VALUES ('7bd1b8f8-020a-46bd-bff0-d4fba5910cac', 'Impact rated gloves', true, false);
INSERT INTO public.library_controls VALUES ('00cf6e41-877a-480a-974a-7eea86e66486', 'Inspected and erected by trained and competent person/s', true, false);
INSERT INTO public.library_controls VALUES ('ea323b12-7f98-4064-873c-92886cef07ec', 'Welding hood', true, false);
INSERT INTO public.library_controls VALUES ('d1a3a929-254a-4dbe-82b4-2c9272a8481a', 'Inspect all electrical cords and ensure proper grounding', true, false);
INSERT INTO public.library_controls VALUES ('5ebf83da-3097-4739-8f5c-28fb21a4e124', 'Inspect all equipment and ensure proper guarding', true, false);
INSERT INTO public.library_controls VALUES ('4092d3b1-67d7-495b-84b4-de224a1b9894', 'Training and qualification', true, false);
INSERT INTO public.library_controls VALUES ('a1944ad5-2895-436f-afa9-9a752dd81ecc', 'Isotopes stored and handled properly', true, false);
INSERT INTO public.library_controls VALUES ('f5fb0d9d-1e01-42b7-835e-7c5e46482119', 'Erection of proper barricades and warning signs', true, false);
INSERT INTO public.library_controls VALUES ('48024368-7a73-4440-a062-5965f3156eb3', 'hydration', false, true);
INSERT INTO public.library_controls VALUES ('0ca8ae31-79c3-4357-b81b-bd161c2e221b', 'cool down stations', false, true);
INSERT INTO public.library_controls VALUES ('cbac5c9a-ae06-4c4c-8190-c00e3136a610', 'cold weather rated clothing (boots ,  gloves,  etc)', false, true);
INSERT INTO public.library_controls VALUES ('3305bcf8-5a86-4206-855e-604c33546100', '"cab up" / seek shelter', false, true);
INSERT INTO public.library_controls VALUES ('1a4fcf20-634f-4959-bf07-7baef3cbcd55', 'grounding', false, true);
INSERT INTO public.library_controls VALUES ('c9eb9013-7801-4a47-ade5-509eec23c5ae', 'Traction control footwear', false, true);
INSERT INTO public.library_controls VALUES ('a1331fdc-0331-4ef0-984a-3acaa5c3b8e7', 'Fill in holes where possible', false, true);
INSERT INTO public.library_controls VALUES ('b860c7d1-ceb3-456a-bf46-7b78319034bc', 'mark out tripping hazards with orange paint', false, true);
INSERT INTO public.library_controls VALUES ('7b762a64-300d-4d12-b476-679ff208b8ae', 'First aid training', false, true);
INSERT INTO public.library_controls VALUES ('54e26d98-c66d-45fb-929c-d6c7c2dc7d31', 'emergency response plan', false, true);
INSERT INTO public.library_controls VALUES ('5c405e26-7c53-4843-b6fe-3c41be279098', 'defibrillator', false, true);
INSERT INTO public.library_controls VALUES ('7c1faa79-f11e-494f-92c7-e1cd11830174', 'radio / satellite communications', false, true);
INSERT INTO public.library_controls VALUES ('2c285dc8-124f-4ebb-b913-3ca8ebf49f5a', 'Traffic control plan', false, true);
INSERT INTO public.library_controls VALUES ('bc5a8143-674b-4c22-a6ba-7999fe27a867', 'fencing / barriers. signage', false, true);
INSERT INTO public.library_controls VALUES ('dcbbe649-9372-4f75-9cea-14cccbd29523', 'Pre-inspection checklist', false, true);
INSERT INTO public.library_controls VALUES ('3df87226-b750-4993-934d-3bf0e7a52301', 'secure jobsite', false, true);
INSERT INTO public.library_controls VALUES ('803d7f67-8c8f-459b-80b9-7dae729caa02', 'security presence', false, true);
INSERT INTO public.library_controls VALUES ('23b51248-40b2-4d23-9a17-a23618f71f7b', 'Vegetation clearing', false, true);
INSERT INTO public.library_controls VALUES ('4a13e5ed-a01f-4181-820b-22117e0558ab', 'repellants', false, true);
INSERT INTO public.library_controls VALUES ('26fc35ae-ab0e-42bd-aecc-70ae333e1ab4', 'poison', false, true);
INSERT INTO public.library_controls VALUES ('c6bf3348-5b7c-4ff9-87ab-aaba79aaf4a8', 'self checks', false, true);
INSERT INTO public.library_controls VALUES ('cfa2cc28-d8ed-4f62-b044-fa58f4712eb4', 'knowledge of allergies and treatment', false, true);
INSERT INTO public.library_controls VALUES ('cb16a961-0c90-4b53-8ec7-fc5be0fdd59d', 'Jobsite inspection', false, true);
INSERT INTO public.library_controls VALUES ('66927a93-240a-4534-88d9-4ca43c834ef6', 'bite resistant clothing', false, true);
INSERT INTO public.library_controls VALUES ('5ec8d174-e46c-44f3-832b-5e0c8020d0b4', 'boots', false, true);
INSERT INTO public.library_controls VALUES ('257a7f05-942d-4405-8dd4-6ba5cd9ff7b3', 'and chaps', false, true);
INSERT INTO public.library_controls VALUES ('a212e2a9-cd72-4399-ac1e-73b2011fd517', 'Bears / Mountain Lions awareness training', false, true);
INSERT INTO public.library_controls VALUES ('658a85c0-091a-42e1-a39b-d0d722b56f50', 'electric fence', false, true);
INSERT INTO public.library_controls VALUES ('013671f3-75d8-49a6-b325-469663b04b4b', 'store food in bear-safe containers', false, true);
INSERT INTO public.library_controls VALUES ('cc3f773f-b107-4fdc-8523-11c735ef28b4', 'bear spray', false, true);
INSERT INTO public.library_controls VALUES ('0e9a05da-6753-42ce-aa0e-0448c397c4e8', 'guard rails', false, true);
INSERT INTO public.library_controls VALUES ('058e7079-eb40-4b9d-a02a-126102ea8322', 'Life jacket / buoyancy aid', false, true);
INSERT INTO public.library_controls VALUES ('d31a11ea-37e9-44c0-8d8b-17ddf95f0850', 'spotters', false, true);
INSERT INTO public.library_controls VALUES ('d6655e42-e43b-404d-bdac-e55cc37205a1', 'pre-job coordination', false, true);
INSERT INTO public.library_controls VALUES ('2840b102-d910-4cb3-80cc-b0aba53c74ec', 'Locate control lines', false, true);
INSERT INTO public.library_controls VALUES ('a9b4b502-cc1b-43b6-8c7e-9e5a15e4f1e7', 'Lighting', false, true);
INSERT INTO public.library_controls VALUES ('d8251088-33df-44b9-8286-3e11d80645d1', 'Hearing protection', true, true);
INSERT INTO public.library_controls VALUES ('1f482f5a-820b-4710-8ecf-d6a816d6e96b', '3 points of contact', true, true);
INSERT INTO public.library_controls VALUES ('845518bd-2a56-47c7-92d7-220087939243', 'Exclusion zone', true, true);
INSERT INTO public.library_controls VALUES ('873def37-dd23-4abe-acdb-81eab0602c08', 'Work rest cycle', true, true);
INSERT INTO public.library_controls VALUES ('c8202f22-79a8-4037-b566-5c7ea9dfe935', 'Traffic control devices ( eg. barricades, delineators, signs)', true, true);
INSERT INTO public.library_controls VALUES ('ddb617a0-9e06-4599-9b99-3e36e7b5ee28', 'Controlled access zone', true, true);
INSERT INTO public.library_controls VALUES ('cfd7b6a5-45f2-42d2-83ce-f6426667095b', 'Continuous atmospheric monitoring', true, false);
INSERT INTO public.library_controls VALUES ('da3696b1-530b-4fc0-a624-9fbc77c26b00', 'Competent person inspect excavation before each shift', true, false);
INSERT INTO public.library_controls VALUES ('8241c09d-c55b-4953-984e-ca6ca8154098', 'Wind direction', true, false);
INSERT INTO public.library_controls VALUES ('b9be969d-9811-4546-8494-13f95f63fa0e', 'Walk down of isolation points', true, false);
INSERT INTO public.library_controls VALUES ('f42676bc-01c7-4f57-a55b-8c07b5904c56', 'Eye protection', true, false);
INSERT INTO public.library_controls VALUES ('0899d101-6a06-41f4-910e-1fbba2de1458', 'Handle', true, false);
INSERT INTO public.library_controls VALUES ('496344fb-1c4d-4b89-bc32-9ba7b50f619e', 'Ramps placed no more than 25’ laterally from one another, Inspect daily by competent person', true, false);
INSERT INTO public.library_controls VALUES ('6f005259-0fc3-4fd2-bcf7-b2bf67d44766', 'Long pants and sleeves', true, true);
INSERT INTO public.library_controls VALUES ('bc886bd6-602f-49d5-8508-01b987fe7ed7', 'Lift director communicates with operator', true, false);
INSERT INTO public.library_controls VALUES ('5224cf50-d219-4f8b-a5e3-7e652b6e648f', 'Safe limits of approach', true, false);
INSERT INTO public.library_controls VALUES ('dc925cd9-a7bd-4a68-b61b-389fe09289d9', 'Back in parking', true, false);
INSERT INTO public.library_controls VALUES ('5d06c932-2434-4990-8609-45afc42f9864', 'Pipe holders', true, false);
INSERT INTO public.library_controls VALUES ('98d73996-ac36-4dbd-8b6c-fa2682c421d4', 'Ensure proper benching/shoring', true, false);
INSERT INTO public.library_controls VALUES ('4df673d5-943d-481f-83e7-cf0f0e6f7b47', 'Lift plan', true, false);
INSERT INTO public.library_controls VALUES ('08bbff19-ce5b-47c1-a680-4cd5d6d8866f', 'Use proper lifting technique, Use team lift or equipment if necessary', true, false);
INSERT INTO public.library_controls VALUES ('33e934a7-c837-4a28-b896-9e4612a6c810', 'Full sleeve natural fibers (100% cotton) or FR garment', true, false);
INSERT INTO public.library_controls VALUES ('f52b676d-516e-4068-8878-050dfb32313f', 'Police detail', true, true);
INSERT INTO public.library_controls VALUES ('7d39bcf4-6f3d-4daa-914d-6335018fbcf8', 'Stretch and flex', true, false);
INSERT INTO public.library_controls VALUES ('fdfdc2f6-af19-413b-aacc-e0819cae5f5d', 'Redundant tag lines', true, false);
INSERT INTO public.library_controls VALUES ('0f2534da-adad-4dab-a700-8d1493f5ba82', 'Fall protection / Arrest', true, true);
INSERT INTO public.library_controls VALUES ('f03198ec-d56a-434b-aa72-f21a7e80eed2', 'Mechanical steak driver', true, false);
INSERT INTO public.library_controls VALUES ('097a4aec-a6b7-4e3c-8862-b927ab19a93f', 'Ladders', true, false);
INSERT INTO public.library_controls VALUES ('b4b3b004-49a6-4471-84d6-7b6d0a4a7004', 'Wall for public safety', true, false);
INSERT INTO public.library_controls VALUES ('b22839ca-d7a1-4308-88ab-11d617bcdbff', 'Adhere to traffic control plan', true, false);

INSERT INTO public.library_hazards VALUES ('1625a8d4-3330-4a9a-8054-f29948dde211', 'Eye Flash', true, false);
INSERT INTO public.library_hazards VALUES ('b967e3e8-ca66-4039-91ee-688f33ac31d7', 'Fire', true, false);
INSERT INTO public.library_hazards VALUES ('444fc4b3-3b98-4b08-abbe-dbb799903c4c', 'Burns', true, false);
INSERT INTO public.library_hazards VALUES ('ec4c82da-0923-4040-b142-b693bf382d1a', 'Pinch point', true, false);
INSERT INTO public.library_hazards VALUES ('37731c12-55bf-4120-8c2c-57dcf0b8ecd2', 'Struck by equipment and material', true, false);
INSERT INTO public.library_hazards VALUES ('12da934f-0077-40cc-823d-10956ff8954a', 'Caught in between bevel machine', true, false);
INSERT INTO public.library_hazards VALUES ('d5f817c0-200a-4fc7-9738-65567b514c4c', 'Flying debris', true, false);
INSERT INTO public.library_hazards VALUES ('23041379-366e-4ab2-a0db-a18b569bdafb', 'Slips, trips, falls', true, false);
INSERT INTO public.library_hazards VALUES ('3c3e7da5-5a46-4ad8-a12c-533555359614', 'Arc flash', true, false);
INSERT INTO public.library_hazards VALUES ('87abca2a-fa66-40c2-b203-7ebfc9b0bbae', 'Exposure to hot equipment surfaces', true, false);
INSERT INTO public.library_hazards VALUES ('5965c7c9-3ccc-4cd6-b382-8f1b2d413ea7', 'Exposure to electrical current', true, false);
INSERT INTO public.library_hazards VALUES ('c7dfba23-7b73-4a35-a2ab-c760c3d48523', 'Exposure to hazardous substances', true, false);
INSERT INTO public.library_hazards VALUES ('63256499-6af9-4600-8afd-3e9c24b3ea63', 'Exposure to cave-ins', true, false);
INSERT INTO public.library_hazards VALUES ('b9b412f5-ba59-4a22-bb4e-986489b88684', 'Caught by rotating equipment', true, false);
INSERT INTO public.library_hazards VALUES ('d869805c-e7a8-4ceb-8d04-e0e017487256', 'Falling dirt and rock', true, false);
INSERT INTO public.library_hazards VALUES ('a62c25ba-41a9-4850-b0de-23a33b0e50d2', 'Flying debris and dust', true, false);
INSERT INTO public.library_hazards VALUES ('1f35e6ad-063b-44dd-ae08-f8405750ea57', 'Struck by equipment / vehicles', true, false);
INSERT INTO public.library_hazards VALUES ('2330705c-290e-4010-9be4-62e7cb5d0477', 'Overhead utilities', true, false);
INSERT INTO public.library_hazards VALUES ('94f174da-bd95-4a23-8dda-967a04ad4547', 'Working at heights', true, false);
INSERT INTO public.library_hazards VALUES ('10702f3f-726a-448a-bef6-c160ed05f58b', 'Moving equipment and material', true, false);
INSERT INTO public.library_hazards VALUES ('700671bb-dbd0-4f31-be94-68f83ea3e63e', 'Falling debris', true, false);
INSERT INTO public.library_hazards VALUES ('0fe9d64c-4223-4f21-bd66-ab6b38d2ed2f', 'Struck by moving equipment and vehicles', true, false);
INSERT INTO public.library_hazards VALUES ('0db44d38-fa65-4aa5-99bd-ab4a7ec0c880', 'Insects, plants, animals', true, false);
INSERT INTO public.library_hazards VALUES ('7924f0e9-090a-4121-9e67-ad1e0a9d5998', 'Sharp tools and edges (saws)', true, false);
INSERT INTO public.library_hazards VALUES ('0de4f8b2-b328-49de-9e29-2c41d96b7ee8', 'Burns/fire', true, false);
INSERT INTO public.library_hazards VALUES ('3bea337f-0799-4658-b0c3-c60fb79b4c13', 'Overhead loads', true, false);
INSERT INTO public.library_hazards VALUES ('affd787b-1e6c-4c9d-a2d4-42d38e9c72b8', 'Pinch points of hands and fingers', true, false);
INSERT INTO public.library_hazards VALUES ('b2e83054-cd9b-4105-ab0f-a7af807b96b2', 'Fall to lower level', true, false);
INSERT INTO public.library_hazards VALUES ('58c16421-62fc-4ce4-ac8f-7de43b475958', 'Struck by moving equipment and material', true, false);
INSERT INTO public.library_hazards VALUES ('4c9a74d2-a290-416e-ad85-ea4129cceb0a', 'Exposure to falling debris and objects', true, false);
INSERT INTO public.library_hazards VALUES ('2a4671f4-fb14-4b9f-bf4c-d45512ac0135', 'Pinch points', true, false);
INSERT INTO public.library_hazards VALUES ('c76648c4-5473-41e7-9058-7e5b079cf1d4', 'Back injury', true, false);
INSERT INTO public.library_hazards VALUES ('7cbd62ff-c094-4847-a980-ccaf6996adce', 'Struck by moving vehicles and equipment', true, false);
INSERT INTO public.library_hazards VALUES ('e6798938-30da-4aab-bc3e-9a8b6ab73759', 'Eye and skin irritation', true, false);
INSERT INTO public.library_hazards VALUES ('f34fdc2d-5dc2-4db2-852a-275f50fbc580', 'Silica and fine particulate', true, false);
INSERT INTO public.library_hazards VALUES ('f198b507-80e7-4c4d-a59b-f1f962ac3a05', 'Muscle strains and sprains', true, false);
INSERT INTO public.library_hazards VALUES ('31470545-a49e-4225-9963-b450699e4f33', 'Lacerations, metal debris eye hazards', true, false);
INSERT INTO public.library_hazards VALUES ('bbaa12bb-0ef0-4f9e-bd91-fc8417bcba55', 'Pinching of hands and fingers', true, false);
INSERT INTO public.library_hazards VALUES ('a550e66b-bedc-44e4-82fc-bb24da083a66', 'Flammable or toxic atmosphere', true, false);
INSERT INTO public.library_hazards VALUES ('be566662-c5ae-45e7-8f02-ea108847b10f', 'Insects and animals', true, false);
INSERT INTO public.library_hazards VALUES ('604bab16-64c3-4870-bd2e-52ea93e73e9e', 'Exposure to extreme heat', true, false);
INSERT INTO public.library_hazards VALUES ('5bd09b75-9bc3-4afa-9cf4-012c4efe0dbe', 'Explosive release of stored energy', true, false);
INSERT INTO public.library_hazards VALUES ('9d1e99b6-e939-4a57-bb13-ab69dc901053', 'Fire, burns', true, false);
INSERT INTO public.library_hazards VALUES ('6c792f6a-1f89-431a-8a75-944d37d05c44', 'Moving equipment', true, false);
INSERT INTO public.library_hazards VALUES ('cc751338-928a-499a-b1dd-87b9ecc573fd', 'Caught in or struck by rotating equipment', true, false);
INSERT INTO public.library_hazards VALUES ('78bd1d30-057a-47f0-b122-08a8c1f3e12c', 'Contact with people, property, environment', true, false);
INSERT INTO public.library_hazards VALUES ('064e56c8-0024-4cf5-8b11-8acce96c67da', 'Flying objects striking head', true, false);
INSERT INTO public.library_hazards VALUES ('450e2223-58da-431c-8cc1-e09b001e4764', 'Particles in eye', true, false);
INSERT INTO public.library_hazards VALUES ('e4834f5d-e71c-4140-a47d-67dcdacc3bc8', 'Tool striking foot', true, false);
INSERT INTO public.library_hazards VALUES ('79548b0a-9a11-4a9f-bd66-e1aa601a77d8', 'Carpal tunnel in wrist', true, false);
INSERT INTO public.library_hazards VALUES ('01f5f6db-6635-4090-8e0e-9c1ea24c8d82', 'Damage to buried electrical utilities', true, false);
INSERT INTO public.library_hazards VALUES ('325227e4-fef3-464b-a8d2-1e7da2503bff', 'Damage to high pressure utilities', true, false);
INSERT INTO public.library_hazards VALUES ('25a02bff-ad3c-4291-8f57-b7cff5018a88', 'Inadequate access and egress', true, false);
INSERT INTO public.library_hazards VALUES ('203c1d2a-1831-4a96-b031-e106120c1b3f', 'Contact with utilities', true, false);
INSERT INTO public.library_hazards VALUES ('20b5689a-ce74-40f8-a922-e2d5dc9a91f5', 'Suction at end of hose', true, false);
INSERT INTO public.library_hazards VALUES ('aaf65ad9-2589-488a-87bd-52697e2fdc8b', 'Caught in between hose opening and material being vacked', true, false);
INSERT INTO public.library_hazards VALUES ('2aee0714-eb88-4cac-9c26-35af3607fa5a', 'Struck by shifting or rolling pipe', true, false);
INSERT INTO public.library_hazards VALUES ('f5122c82-f343-4f0d-93fd-fc4d64c9cb8b', 'Shaver', true, false);
INSERT INTO public.library_hazards VALUES ('bbf5dbe5-57df-4cfb-a28a-d050a496ce1d', 'Stored energy in bent pipe', true, false);
INSERT INTO public.library_hazards VALUES ('ab2071b5-e299-454a-adf0-f42ac141c936', 'Exposure to hazardous atmosphere / substances', true, false);
INSERT INTO public.library_hazards VALUES ('208e1317-908b-4930-a360-68a83cc5106a', 'Failure of hose fittings', true, false);
INSERT INTO public.library_hazards VALUES ('be591329-a272-4e0f-8277-98df369fc821', 'Static discharge', true, false);
INSERT INTO public.library_hazards VALUES ('b8130b46-bc9d-43f9-8749-6e1f4d9cd4ed', 'Kick back', true, false);
INSERT INTO public.library_hazards VALUES ('a14c123b-057a-4caa-88a2-aec0d378a1fe', 'Struck by rotating equipment or material', true, false);
INSERT INTO public.library_hazards VALUES ('ed7bfa03-5c1e-4c69-9695-33266dbe21fe', 'Hands and fingers caught between torque tool and bolt', true, false);
INSERT INTO public.library_hazards VALUES ('87b77997-08cc-4a49-ad31-22a8353b445d', 'Oxygen deficient atmosphere / exposure to CO', true, false);
INSERT INTO public.library_hazards VALUES ('4336636d-093e-43b4-97ac-10b32ba19dc0', 'Exposure to buried facilities', true, false);
INSERT INTO public.library_hazards VALUES ('6ef6502b-8311-4338-8785-c11f7f235ecf', 'Struck by pipe/pinch points', true, false);
INSERT INTO public.library_hazards VALUES ('e8b47167-e74b-48cd-85bb-5bc367f33732', 'Falling equipment', true, false);
INSERT INTO public.library_hazards VALUES ('271cd95b-4725-47f2-ab54-ce40bcc6a80b', 'Damage to other utilities', true, false);
INSERT INTO public.library_hazards VALUES ('0ea0c26f-3cf4-4e2d-9e1b-b8399896bbd3', 'Struck by pipe / pinch points', true, false);
INSERT INTO public.library_hazards VALUES ('1c17f15a-3933-4468-b567-3e9064fde41e', 'Uneven surfaces and debris', true, false);
INSERT INTO public.library_hazards VALUES ('72f1cef7-3fd2-42af-8e60-c834b27d4860', 'Skin and eye irritant', true, false);
INSERT INTO public.library_hazards VALUES ('c3d364df-34a4-4606-a343-77da4f35067d', 'Masonry saw cutting', true, false);
INSERT INTO public.library_hazards VALUES ('87edc574-5a43-4ca7-a154-cd933b78f505', 'Caught in between matting', true, false);
INSERT INTO public.library_hazards VALUES ('225a322e-3c38-4285-ace7-da31b9ea5c41', 'Struck by falling material', true, false);
INSERT INTO public.library_hazards VALUES ('9a389c13-b759-461c-91e1-4b9841c22463', 'Struck by moving equipment', true, false);
INSERT INTO public.library_hazards VALUES ('d80218dc-ca1b-4faa-b318-d9974e8ff728', 'Hoses and pipe under pressure', true, false);
INSERT INTO public.library_hazards VALUES ('049a8013-e4c4-4bda-9dde-7a20f317c201', 'Pinch points from pounding and prying', true, false);
INSERT INTO public.library_hazards VALUES ('a066ef73-a9ab-452e-bdfc-c7cf5a9cf725', 'Improper lifting', true, false);
INSERT INTO public.library_hazards VALUES ('7a6c1a11-c920-406f-be16-29781269b581', 'Falling objects and debris', true, false);
INSERT INTO public.library_hazards VALUES ('34b2d6ee-34b7-4a62-bed5-2dda4e0ca0cf', 'Struck by pig', true, false);
INSERT INTO public.library_hazards VALUES ('bcb1b595-592c-4cd0-9da1-4c4e49fbf062', 'High velocity blasting media', true, false);
INSERT INTO public.library_hazards VALUES ('24277cc9-c07c-40cb-916a-6fc7fb42909a', 'Hoses and equipment under pressure', true, false);
INSERT INTO public.library_hazards VALUES ('29ba89ae-b023-4799-a333-acce29102862', 'Fine particulate and dust', true, false);
INSERT INTO public.library_hazards VALUES ('05c466d4-af6b-4405-96e1-53dbea5d5b5a', 'Caught in rotating equipment', true, false);
INSERT INTO public.library_hazards VALUES ('5c1433af-833d-46c2-8343-c1681aa8274e', 'Cut by metal shavings', true, false);
INSERT INTO public.library_hazards VALUES ('fa4b2dad-0c14-4dfa-ac5d-a82b5ddceb89', 'Power saw', true, false);
INSERT INTO public.library_hazards VALUES ('98c1f174-ca8d-4c5a-98d7-827ebfc2a1c8', 'Exposure to release of stored energy', true, false);
INSERT INTO public.library_hazards VALUES ('0c5901fb-896e-4c1b-bc13-013edb2bb538', 'Struck by whipping hoses', true, false);
INSERT INTO public.library_hazards VALUES ('4774d7dc-c7a0-4bd5-a2b0-66fa7159859a', 'Hoses, clamps, and fittings coming loose', true, false);
INSERT INTO public.library_hazards VALUES ('ab3e8daf-b193-47fb-9beb-d6b399d4f775', 'Hazardous atmosphere', true, false);
INSERT INTO public.library_hazards VALUES ('5075adf0-dc06-485a-9943-113e770334c1', 'Cuts and lacerations', true, false);
INSERT INTO public.library_hazards VALUES ('8367b17d-af49-4c8b-acfb-535b72fc0b8f', 'Impaled by exposed rebar ends', true, false);
INSERT INTO public.library_hazards VALUES ('a6223133-ffa9-462c-abff-b0e109fc171b', 'Exposure to harmful substances (e.g. asbestos)', true, false);
INSERT INTO public.library_hazards VALUES ('b8ad2b92-18e3-4ba4-a833-cbad42648f0b', 'Shifting loads, pinch points', true, false);
INSERT INTO public.library_hazards VALUES ('655f79c5-8455-416d-8dfb-b286b485a653', 'Caught in between road plates', true, false);
INSERT INTO public.library_hazards VALUES ('971151da-656d-437d-a10a-eba7e4003cff', 'Pinch points to hands and fingers', true, false);
INSERT INTO public.library_hazards VALUES ('02a3567f-833e-46a4-8d62-89603dad2f65', 'Collapse of scaffold', true, false);
INSERT INTO public.library_hazards VALUES ('fa5af647-023e-4036-ae46-eea36569a010', 'Lacerations', true, false);
INSERT INTO public.library_hazards VALUES ('376234b2-1346-4e1f-9cb3-057d853b6628', 'Heavy lifting', true, false);
INSERT INTO public.library_hazards VALUES ('1720b10f-c28e-4f56-aea1-ca63db3166cf', 'Sharp objects', true, false);
INSERT INTO public.library_hazards VALUES ('f9055396-775d-4e0a-af3d-be2b60401814', 'Burns from welding and cutting', true, false);
INSERT INTO public.library_hazards VALUES ('4a572114-311a-4acd-b85d-5c4a3bceccbf', 'Struck by hammer (injuries to hands)', true, false);
INSERT INTO public.library_hazards VALUES ('29873325-60f9-4ada-8590-9ed47bdadc94', 'Struck by material or equipment', true, false);
INSERT INTO public.library_hazards VALUES ('b01022ea-430a-4ed5-ba3c-c80a4e5d517b', 'Exposure to rotating hand and power tools', true, false);
INSERT INTO public.library_hazards VALUES ('1a5bfa7b-999f-42ca-b3a3-3ab238c8abd6', 'Struck my moving equipment and material', true, false);
INSERT INTO public.library_hazards VALUES ('3f26dd05-7084-4ad2-95a6-1f6b4673e9f0', 'Material handling', true, false);
INSERT INTO public.library_hazards VALUES ('07a16322-d9f4-49b8-87a3-d30f754da7ae', 'Contact with hand and power tools', true, false);
INSERT INTO public.library_hazards VALUES ('674a48d5-b9c0-4466-84b0-1a044e17821f', 'Falling pipe stems', true, false);
INSERT INTO public.library_hazards VALUES ('cd6c66ba-a50a-4049-abe6-2fd6693e38dc', 'Radiation sickness / injury and / or biological changes', true, false);
INSERT INTO public.library_hazards VALUES ('e79c6a50-05e9-4375-9b3d-412dc5172f02', 'Heat illness', false, true);
INSERT INTO public.library_hazards VALUES ('e1ae99cc-ffd7-46cc-8bdd-2e6bffa37b8a', 'Frostbite / hypothermia', false, true);
INSERT INTO public.library_hazards VALUES ('5a7861e6-948f-451e-8f2e-0c4fc1a2aced', 'Electrocution', false, true);
INSERT INTO public.library_hazards VALUES ('de0cc258-75ed-4271-92c1-254edc1bfede', 'Fall to ground ', false, true);
INSERT INTO public.library_hazards VALUES ('5c65958a-266a-4f30-b4fa-1da14312aa54', 'Tripping on timber matting', false, true);
INSERT INTO public.library_hazards VALUES ('7ca419a8-fa36-43f3-b936-6330a7d7eb39', 'Struck by moving vehicles', false, true);
INSERT INTO public.library_hazards VALUES ('b1b09768-2194-493f-ab23-1dc0db20ddc0', 'Immediate medical intervention required', false, true);
INSERT INTO public.library_hazards VALUES ('a12b15fd-d553-4eb5-86a6-3d4af789f5c3', 'Congested work space / crowding', false, true);
INSERT INTO public.library_hazards VALUES ('9413f34f-91f8-4ae6-b7bc-c56916977337', 'Sabotage / vandalism of equipment ', false, true);
INSERT INTO public.library_hazards VALUES ('26362139-0c6e-4405-928d-e84b5d1f3895', 'Transmission of disease / venom', false, true);
INSERT INTO public.library_hazards VALUES ('b6829707-53e0-46bb-bfcd-3b749c7d7e85', 'Transmission of venom', false, true);
INSERT INTO public.library_hazards VALUES ('3f444e0f-7ea6-4256-acb6-b3a20166652a', 'Contact with wildlife / mauling / death', false, true);
INSERT INTO public.library_hazards VALUES ('7621c279-b7df-4b91-b53d-646ff65eac97', 'Fall into water body', false, true);
INSERT INTO public.library_hazards VALUES ('6cf6a4fc-b8f9-4335-97c8-c3c8347643d8', 'Drowning', false, true);
INSERT INTO public.library_hazards VALUES ('d690719f-f822-4ae5-8cff-c34299d09259', 'Moving equipment / vehicles in a congested area', false, true);
INSERT INTO public.library_hazards VALUES ('d2125a81-38bc-4eb5-95a7-0d099068532c', 'Exposure to rotating equipment', false, true);
INSERT INTO public.library_hazards VALUES ('90733cdd-2d60-4819-9738-1274af4e3f2c', 'Exposure to buried high pressure utilities', false, true);
INSERT INTO public.library_hazards VALUES ('89038c5b-a343-407d-bed6-4f8dd3e874b0', 'Slips,  trips,  and falls due to inadequate lighting', false, true);
INSERT INTO public.library_hazards VALUES ('f423ac41-c9a2-4481-b2c0-b6337ea622e0', 'Fall from heights', false, true);
INSERT INTO public.library_hazards VALUES ('c88475a5-e5fc-48a4-904c-6e54a344f647', 'Sharp edges/metal shavings', true, true);
INSERT INTO public.library_hazards VALUES ('23b011d4-4cb2-4526-9761-e247d506557a', 'Exposure to high dB', true, true);
INSERT INTO public.library_hazards VALUES ('ec37cf5b-26c9-494b-baee-b878ab1cab62', 'Impaled by nails', true, true);
INSERT INTO public.library_hazards VALUES ('179c69cf-2762-4b61-ad3b-36aee3ba9c69', 'Flying hot debris', true, false);

INSERT INTO public.library_site_condition_recommendations VALUES ('b4d9101d-28d1-4265-ab6a-22b6957638a8', 'e79c6a50-05e9-4375-9b3d-412dc5172f02', '873def37-dd23-4abe-acdb-81eab0602c08');
INSERT INTO public.library_site_condition_recommendations VALUES ('b4d9101d-28d1-4265-ab6a-22b6957638a8', 'e79c6a50-05e9-4375-9b3d-412dc5172f02', '48024368-7a73-4440-a062-5965f3156eb3');
INSERT INTO public.library_site_condition_recommendations VALUES ('b4d9101d-28d1-4265-ab6a-22b6957638a8', 'e79c6a50-05e9-4375-9b3d-412dc5172f02', '0ca8ae31-79c3-4357-b81b-bd161c2e221b');
INSERT INTO public.library_site_condition_recommendations VALUES ('b9a1bc0e-0152-41e7-b14e-10172fa09a11', 'e1ae99cc-ffd7-46cc-8bdd-2e6bffa37b8a', '873def37-dd23-4abe-acdb-81eab0602c08');
INSERT INTO public.library_site_condition_recommendations VALUES ('b9a1bc0e-0152-41e7-b14e-10172fa09a11', 'e1ae99cc-ffd7-46cc-8bdd-2e6bffa37b8a', 'cbac5c9a-ae06-4c4c-8190-c00e3136a610');
INSERT INTO public.library_site_condition_recommendations VALUES ('6ef7ba5e-cdcf-4a04-aa5d-b339fd54c6c5', '5a7861e6-948f-451e-8f2e-0c4fc1a2aced', '3305bcf8-5a86-4206-855e-604c33546100');
INSERT INTO public.library_site_condition_recommendations VALUES ('6ef7ba5e-cdcf-4a04-aa5d-b339fd54c6c5', '5a7861e6-948f-451e-8f2e-0c4fc1a2aced', '1a4fcf20-634f-4959-bf07-7baef3cbcd55');
INSERT INTO public.library_site_condition_recommendations VALUES ('0e36249c-28a7-4454-809b-33cbd4b2880f', 'de0cc258-75ed-4271-92c1-254edc1bfede', 'c9eb9013-7801-4a47-ade5-509eec23c5ae');
INSERT INTO public.library_site_condition_recommendations VALUES ('0e36249c-28a7-4454-809b-33cbd4b2880f', 'de0cc258-75ed-4271-92c1-254edc1bfede', '1f482f5a-820b-4710-8ecf-d6a816d6e96b');
INSERT INTO public.library_site_condition_recommendations VALUES ('242195fb-e4ef-4d72-ada6-d7ccb7078ec5', '5c65958a-266a-4f30-b4fa-1da14312aa54', 'a1331fdc-0331-4ef0-984a-3acaa5c3b8e7');
INSERT INTO public.library_site_condition_recommendations VALUES ('242195fb-e4ef-4d72-ada6-d7ccb7078ec5', '5c65958a-266a-4f30-b4fa-1da14312aa54', 'b860c7d1-ceb3-456a-bf46-7b78319034bc');
INSERT INTO public.library_site_condition_recommendations VALUES ('85ddce3d-d2cf-490b-be25-7f3e68997de1', '7ca419a8-fa36-43f3-b936-6330a7d7eb39', 'c8202f22-79a8-4037-b566-5c7ea9dfe935');
INSERT INTO public.library_site_condition_recommendations VALUES ('85ddce3d-d2cf-490b-be25-7f3e68997de1', '7ca419a8-fa36-43f3-b936-6330a7d7eb39', 'f52b676d-516e-4068-8878-050dfb32313f');
INSERT INTO public.library_site_condition_recommendations VALUES ('6fcc5b80-cfa5-4097-b03e-44eed04dd9dd', '7ca419a8-fa36-43f3-b936-6330a7d7eb39', 'c8202f22-79a8-4037-b566-5c7ea9dfe935');
INSERT INTO public.library_site_condition_recommendations VALUES ('6fcc5b80-cfa5-4097-b03e-44eed04dd9dd', '7ca419a8-fa36-43f3-b936-6330a7d7eb39', 'f52b676d-516e-4068-8878-050dfb32313f');
INSERT INTO public.library_site_condition_recommendations VALUES ('7774b205-ad0c-4ce4-86e1-51a2762d8602', 'b1b09768-2194-493f-ab23-1dc0db20ddc0', '7b762a64-300d-4d12-b476-679ff208b8ae');
INSERT INTO public.library_site_condition_recommendations VALUES ('7774b205-ad0c-4ce4-86e1-51a2762d8602', 'b1b09768-2194-493f-ab23-1dc0db20ddc0', '54e26d98-c66d-45fb-929c-d6c7c2dc7d31');
INSERT INTO public.library_site_condition_recommendations VALUES ('7774b205-ad0c-4ce4-86e1-51a2762d8602', 'b1b09768-2194-493f-ab23-1dc0db20ddc0', '5c405e26-7c53-4843-b6fe-3c41be279098');
INSERT INTO public.library_site_condition_recommendations VALUES ('427ab836-1d51-4535-bfa4-6f08085b9c9f', 'b1b09768-2194-493f-ab23-1dc0db20ddc0', '7b762a64-300d-4d12-b476-679ff208b8ae');
INSERT INTO public.library_site_condition_recommendations VALUES ('427ab836-1d51-4535-bfa4-6f08085b9c9f', 'b1b09768-2194-493f-ab23-1dc0db20ddc0', '54e26d98-c66d-45fb-929c-d6c7c2dc7d31');
INSERT INTO public.library_site_condition_recommendations VALUES ('427ab836-1d51-4535-bfa4-6f08085b9c9f', 'b1b09768-2194-493f-ab23-1dc0db20ddc0', '5c405e26-7c53-4843-b6fe-3c41be279098');
INSERT INTO public.library_site_condition_recommendations VALUES ('427ab836-1d51-4535-bfa4-6f08085b9c9f', 'b1b09768-2194-493f-ab23-1dc0db20ddc0', '7c1faa79-f11e-494f-92c7-e1cd11830174');
INSERT INTO public.library_site_condition_recommendations VALUES ('024ff047-1ab4-4fa5-8a4f-c1f57277a4a4', 'a12b15fd-d553-4eb5-86a6-3d4af789f5c3', '2c285dc8-124f-4ebb-b913-3ca8ebf49f5a');
INSERT INTO public.library_site_condition_recommendations VALUES ('024ff047-1ab4-4fa5-8a4f-c1f57277a4a4', 'a12b15fd-d553-4eb5-86a6-3d4af789f5c3', 'bc5a8143-674b-4c22-a6ba-7999fe27a867');
INSERT INTO public.library_site_condition_recommendations VALUES ('bb0246ec-84a9-450e-8103-b29e62ac3349', '9413f34f-91f8-4ae6-b7bc-c56916977337', 'dcbbe649-9372-4f75-9cea-14cccbd29523');
INSERT INTO public.library_site_condition_recommendations VALUES ('bb0246ec-84a9-450e-8103-b29e62ac3349', '9413f34f-91f8-4ae6-b7bc-c56916977337', '3df87226-b750-4993-934d-3bf0e7a52301');
INSERT INTO public.library_site_condition_recommendations VALUES ('bb0246ec-84a9-450e-8103-b29e62ac3349', '9413f34f-91f8-4ae6-b7bc-c56916977337', '803d7f67-8c8f-459b-80b9-7dae729caa02');
INSERT INTO public.library_site_condition_recommendations VALUES ('b61df9d0-4d8f-49ff-8b2c-34fafa950bdc', '26362139-0c6e-4405-928d-e84b5d1f3895', '23b51248-40b2-4d23-9a17-a23618f71f7b');
INSERT INTO public.library_site_condition_recommendations VALUES ('b61df9d0-4d8f-49ff-8b2c-34fafa950bdc', '26362139-0c6e-4405-928d-e84b5d1f3895', '4a13e5ed-a01f-4181-820b-22117e0558ab');
INSERT INTO public.library_site_condition_recommendations VALUES ('b61df9d0-4d8f-49ff-8b2c-34fafa950bdc', '26362139-0c6e-4405-928d-e84b5d1f3895', '26fc35ae-ab0e-42bd-aecc-70ae333e1ab4');
INSERT INTO public.library_site_condition_recommendations VALUES ('b61df9d0-4d8f-49ff-8b2c-34fafa950bdc', '26362139-0c6e-4405-928d-e84b5d1f3895', '6f005259-0fc3-4fd2-bcf7-b2bf67d44766');
INSERT INTO public.library_site_condition_recommendations VALUES ('b61df9d0-4d8f-49ff-8b2c-34fafa950bdc', '26362139-0c6e-4405-928d-e84b5d1f3895', 'c6bf3348-5b7c-4ff9-87ab-aaba79aaf4a8');
INSERT INTO public.library_site_condition_recommendations VALUES ('b61df9d0-4d8f-49ff-8b2c-34fafa950bdc', '26362139-0c6e-4405-928d-e84b5d1f3895', 'cfa2cc28-d8ed-4f62-b044-fa58f4712eb4');
INSERT INTO public.library_site_condition_recommendations VALUES ('76a65257-7697-46db-b28a-6d229bae79ba', 'b6829707-53e0-46bb-bfcd-3b749c7d7e85', 'cb16a961-0c90-4b53-8ec7-fc5be0fdd59d');
INSERT INTO public.library_site_condition_recommendations VALUES ('76a65257-7697-46db-b28a-6d229bae79ba', 'b6829707-53e0-46bb-bfcd-3b749c7d7e85', '66927a93-240a-4534-88d9-4ca43c834ef6');
INSERT INTO public.library_site_condition_recommendations VALUES ('76a65257-7697-46db-b28a-6d229bae79ba', 'b6829707-53e0-46bb-bfcd-3b749c7d7e85', '5ec8d174-e46c-44f3-832b-5e0c8020d0b4');
INSERT INTO public.library_site_condition_recommendations VALUES ('76a65257-7697-46db-b28a-6d229bae79ba', 'b6829707-53e0-46bb-bfcd-3b749c7d7e85', '257a7f05-942d-4405-8dd4-6ba5cd9ff7b3');
INSERT INTO public.library_site_condition_recommendations VALUES ('211d23ac-127a-4c5a-9c53-6c1ff6b28ee5', '3f444e0f-7ea6-4256-acb6-b3a20166652a', 'a212e2a9-cd72-4399-ac1e-73b2011fd517');
INSERT INTO public.library_site_condition_recommendations VALUES ('211d23ac-127a-4c5a-9c53-6c1ff6b28ee5', '3f444e0f-7ea6-4256-acb6-b3a20166652a', '658a85c0-091a-42e1-a39b-d0d722b56f50');
INSERT INTO public.library_site_condition_recommendations VALUES ('211d23ac-127a-4c5a-9c53-6c1ff6b28ee5', '3f444e0f-7ea6-4256-acb6-b3a20166652a', '013671f3-75d8-49a6-b325-469663b04b4b');
INSERT INTO public.library_site_condition_recommendations VALUES ('211d23ac-127a-4c5a-9c53-6c1ff6b28ee5', '3f444e0f-7ea6-4256-acb6-b3a20166652a', 'cc3f773f-b107-4fdc-8523-11c735ef28b4');
INSERT INTO public.library_site_condition_recommendations VALUES ('406e2587-94f4-4225-a727-fb4025bc5add', '7621c279-b7df-4b91-b53d-646ff65eac97', 'ddb617a0-9e06-4599-9b99-3e36e7b5ee28');
INSERT INTO public.library_site_condition_recommendations VALUES ('406e2587-94f4-4225-a727-fb4025bc5add', '7621c279-b7df-4b91-b53d-646ff65eac97', '0e9a05da-6753-42ce-aa0e-0448c397c4e8');
INSERT INTO public.library_site_condition_recommendations VALUES ('406e2587-94f4-4225-a727-fb4025bc5add', '7621c279-b7df-4b91-b53d-646ff65eac97', '0f2534da-adad-4dab-a700-8d1493f5ba82');
INSERT INTO public.library_site_condition_recommendations VALUES ('406e2587-94f4-4225-a727-fb4025bc5add', '6cf6a4fc-b8f9-4335-97c8-c3c8347643d8', '058e7079-eb40-4b9d-a02a-126102ea8322');
INSERT INTO public.library_site_condition_recommendations VALUES ('7d4e6780-6710-4249-a3ab-1765c6975e50', 'd690719f-f822-4ae5-8cff-c34299d09259', '2c285dc8-124f-4ebb-b913-3ca8ebf49f5a');
INSERT INTO public.library_site_condition_recommendations VALUES ('7d4e6780-6710-4249-a3ab-1765c6975e50', 'd690719f-f822-4ae5-8cff-c34299d09259', 'bc5a8143-674b-4c22-a6ba-7999fe27a867');
INSERT INTO public.library_site_condition_recommendations VALUES ('7d4e6780-6710-4249-a3ab-1765c6975e50', 'd690719f-f822-4ae5-8cff-c34299d09259', 'd31a11ea-37e9-44c0-8d8b-17ddf95f0850');
INSERT INTO public.library_site_condition_recommendations VALUES ('7d4e6780-6710-4249-a3ab-1765c6975e50', 'd690719f-f822-4ae5-8cff-c34299d09259', 'd6655e42-e43b-404d-bdac-e55cc37205a1');
INSERT INTO public.library_site_condition_recommendations VALUES ('7d4e6780-6710-4249-a3ab-1765c6975e50', '23b011d4-4cb2-4526-9761-e247d506557a', 'd8251088-33df-44b9-8286-3e11d80645d1');
INSERT INTO public.library_site_condition_recommendations VALUES ('7d4e6780-6710-4249-a3ab-1765c6975e50', 'd2125a81-38bc-4eb5-95a7-0d099068532c', 'ddb617a0-9e06-4599-9b99-3e36e7b5ee28');
INSERT INTO public.library_site_condition_recommendations VALUES ('7d4e6780-6710-4249-a3ab-1765c6975e50', 'd2125a81-38bc-4eb5-95a7-0d099068532c', 'd31a11ea-37e9-44c0-8d8b-17ddf95f0850');
INSERT INTO public.library_site_condition_recommendations VALUES ('8157bb4b-f85c-45a0-9fda-7ea0c5d75830', '90733cdd-2d60-4819-9738-1274af4e3f2c', '2840b102-d910-4cb3-80cc-b0aba53c74ec');
INSERT INTO public.library_site_condition_recommendations VALUES ('c0a84add-44b8-49e4-895e-9300eb711b46', '89038c5b-a343-407d-bed6-4f8dd3e874b0', 'a9b4b502-cc1b-43b6-8c7e-9e5a15e4f1e7');
INSERT INTO public.library_site_condition_recommendations VALUES ('c121e8ed-3629-42cb-b355-ae7f747569d0', 'f423ac41-c9a2-4481-b2c0-b6337ea622e0', 'ddb617a0-9e06-4599-9b99-3e36e7b5ee28');
INSERT INTO public.library_site_condition_recommendations VALUES ('c121e8ed-3629-42cb-b355-ae7f747569d0', 'f423ac41-c9a2-4481-b2c0-b6337ea622e0', '0e9a05da-6753-42ce-aa0e-0448c397c4e8');
INSERT INTO public.library_site_condition_recommendations VALUES ('c121e8ed-3629-42cb-b355-ae7f747569d0', 'f423ac41-c9a2-4481-b2c0-b6337ea622e0', '0f2534da-adad-4dab-a700-8d1493f5ba82');
INSERT INTO public.library_site_condition_recommendations VALUES ('932b4861-1901-46d2-874e-ec717b908a5a', '7ca419a8-fa36-43f3-b936-6330a7d7eb39', 'c8202f22-79a8-4037-b566-5c7ea9dfe935');
INSERT INTO public.library_site_condition_recommendations VALUES ('932b4861-1901-46d2-874e-ec717b908a5a', '7ca419a8-fa36-43f3-b936-6330a7d7eb39', 'f52b676d-516e-4068-8878-050dfb32313f');
INSERT INTO public.library_site_condition_recommendations VALUES ('85ddce3d-d2cf-490b-be25-7f3e68997de1', '7ca419a8-fa36-43f3-b936-6330a7d7eb39', '62ca2539-c0c4-4920-aca8-60e8536e725d');
INSERT INTO public.library_site_condition_recommendations VALUES ('6fcc5b80-cfa5-4097-b03e-44eed04dd9dd', '7ca419a8-fa36-43f3-b936-6330a7d7eb39', '62ca2539-c0c4-4920-aca8-60e8536e725d');
INSERT INTO public.library_site_condition_recommendations VALUES ('932b4861-1901-46d2-874e-ec717b908a5a', '7ca419a8-fa36-43f3-b936-6330a7d7eb39', '62ca2539-c0c4-4920-aca8-60e8536e725d');

INSERT INTO public.library_task_recommendations VALUES ('a36c2136-e8ad-45e7-a32e-1f515edca089', '444fc4b3-3b98-4b08-abbe-dbb799903c4c', '33e934a7-c837-4a28-b896-9e4612a6c810');
INSERT INTO public.library_task_recommendations VALUES ('a36c2136-e8ad-45e7-a32e-1f515edca089', '444fc4b3-3b98-4b08-abbe-dbb799903c4c', '09cf14aa-3069-469a-ae4a-d2bb7e50d767');
INSERT INTO public.library_task_recommendations VALUES ('a36c2136-e8ad-45e7-a32e-1f515edca089', '444fc4b3-3b98-4b08-abbe-dbb799903c4c', '5d06c932-2434-4990-8609-45afc42f9864');
INSERT INTO public.library_task_recommendations VALUES ('a36c2136-e8ad-45e7-a32e-1f515edca089', '444fc4b3-3b98-4b08-abbe-dbb799903c4c', '7921b1cb-2b96-4e55-a67f-0f22af0e95cf');
INSERT INTO public.library_task_recommendations VALUES ('a36c2136-e8ad-45e7-a32e-1f515edca089', 'b967e3e8-ca66-4039-91ee-688f33ac31d7', '8aac579e-b59c-4252-8939-c799b7f9166d');
INSERT INTO public.library_task_recommendations VALUES ('a36c2136-e8ad-45e7-a32e-1f515edca089', '179c69cf-2762-4b61-ad3b-36aee3ba9c69', '6abcda1e-947c-4f1e-b913-18bc96c23334');
INSERT INTO public.library_task_recommendations VALUES ('a36c2136-e8ad-45e7-a32e-1f515edca089', '179c69cf-2762-4b61-ad3b-36aee3ba9c69', '0b2da794-4f9a-4ec2-adc6-ddd15342ca5e');
INSERT INTO public.library_task_recommendations VALUES ('7a91aaf5-b54f-4586-ab38-66d0bb3b22bd', 'ec4c82da-0923-4040-b142-b693bf382d1a', '7921b1cb-2b96-4e55-a67f-0f22af0e95cf');
INSERT INTO public.library_task_recommendations VALUES ('7a91aaf5-b54f-4586-ab38-66d0bb3b22bd', '37731c12-55bf-4120-8c2c-57dcf0b8ecd2', '7921b1cb-2b96-4e55-a67f-0f22af0e95cf');
INSERT INTO public.library_task_recommendations VALUES ('b48e5589-9674-41eb-91f0-e4e7777cf4b2', 'd5f817c0-200a-4fc7-9738-65567b514c4c', '25ae5c04-3dab-4c7d-bf0d-2317fd997619');
INSERT INTO public.library_task_recommendations VALUES ('b48e5589-9674-41eb-91f0-e4e7777cf4b2', '12da934f-0077-40cc-823d-10956ff8954a', '7921b1cb-2b96-4e55-a67f-0f22af0e95cf');
INSERT INTO public.library_task_recommendations VALUES ('b48e5589-9674-41eb-91f0-e4e7777cf4b2', '23041379-366e-4ab2-a0db-a18b569bdafb', '8b1698a3-a055-499c-95e5-56059e3cdd89');
INSERT INTO public.library_task_recommendations VALUES ('b48e5589-9674-41eb-91f0-e4e7777cf4b2', '23041379-366e-4ab2-a0db-a18b569bdafb', '9e21d7c7-3276-406e-951e-a710c5c3f35a');
INSERT INTO public.library_task_recommendations VALUES ('b48e5589-9674-41eb-91f0-e4e7777cf4b2', '23041379-366e-4ab2-a0db-a18b569bdafb', '2cef1dab-d0bd-4c3c-a0b8-79ff3e67b6d1');
INSERT INTO public.library_task_recommendations VALUES ('b48e5589-9674-41eb-91f0-e4e7777cf4b2', '23041379-366e-4ab2-a0db-a18b569bdafb', '7921b1cb-2b96-4e55-a67f-0f22af0e95cf');
INSERT INTO public.library_task_recommendations VALUES ('f859c660-0513-4470-9d86-06c5c9643314', '444fc4b3-3b98-4b08-abbe-dbb799903c4c', '33e934a7-c837-4a28-b896-9e4612a6c810');
INSERT INTO public.library_task_recommendations VALUES ('f859c660-0513-4470-9d86-06c5c9643314', '444fc4b3-3b98-4b08-abbe-dbb799903c4c', '09cf14aa-3069-469a-ae4a-d2bb7e50d767');
INSERT INTO public.library_task_recommendations VALUES ('f859c660-0513-4470-9d86-06c5c9643314', '444fc4b3-3b98-4b08-abbe-dbb799903c4c', '5d06c932-2434-4990-8609-45afc42f9864');
INSERT INTO public.library_task_recommendations VALUES ('f859c660-0513-4470-9d86-06c5c9643314', '444fc4b3-3b98-4b08-abbe-dbb799903c4c', '7921b1cb-2b96-4e55-a67f-0f22af0e95cf');
INSERT INTO public.library_task_recommendations VALUES ('f859c660-0513-4470-9d86-06c5c9643314', 'b967e3e8-ca66-4039-91ee-688f33ac31d7', '8aac579e-b59c-4252-8939-c799b7f9166d');
INSERT INTO public.library_task_recommendations VALUES ('f859c660-0513-4470-9d86-06c5c9643314', '3c3e7da5-5a46-4ad8-a12c-533555359614', '0b2da794-4f9a-4ec2-adc6-ddd15342ca5e');
INSERT INTO public.library_task_recommendations VALUES ('f859c660-0513-4470-9d86-06c5c9643314', '3c3e7da5-5a46-4ad8-a12c-533555359614', 'b4b3b004-49a6-4471-84d6-7b6d0a4a7004');
INSERT INTO public.library_task_recommendations VALUES ('9464aee6-1ddb-4e65-94e2-6007fabeea02', '5965c7c9-3ccc-4cd6-b382-8f1b2d413ea7', 'ff161bca-e057-4045-a3fe-708b6569ab8a');
INSERT INTO public.library_task_recommendations VALUES ('9464aee6-1ddb-4e65-94e2-6007fabeea02', '5965c7c9-3ccc-4cd6-b382-8f1b2d413ea7', 'd1a3a929-254a-4dbe-82b4-2c9272a8481a');
INSERT INTO public.library_task_recommendations VALUES ('9464aee6-1ddb-4e65-94e2-6007fabeea02', '5965c7c9-3ccc-4cd6-b382-8f1b2d413ea7', 'a033267d-7322-42c8-b011-4015d68b2bc2');
INSERT INTO public.library_task_recommendations VALUES ('9464aee6-1ddb-4e65-94e2-6007fabeea02', '5965c7c9-3ccc-4cd6-b382-8f1b2d413ea7', 'b9be969d-9811-4546-8494-13f95f63fa0e');
INSERT INTO public.library_task_recommendations VALUES ('9464aee6-1ddb-4e65-94e2-6007fabeea02', '23041379-366e-4ab2-a0db-a18b569bdafb', '8b1698a3-a055-499c-95e5-56059e3cdd89');
INSERT INTO public.library_task_recommendations VALUES ('9464aee6-1ddb-4e65-94e2-6007fabeea02', '23041379-366e-4ab2-a0db-a18b569bdafb', '9e21d7c7-3276-406e-951e-a710c5c3f35a');
INSERT INTO public.library_task_recommendations VALUES ('9464aee6-1ddb-4e65-94e2-6007fabeea02', '23041379-366e-4ab2-a0db-a18b569bdafb', '2cef1dab-d0bd-4c3c-a0b8-79ff3e67b6d1');
INSERT INTO public.library_task_recommendations VALUES ('9464aee6-1ddb-4e65-94e2-6007fabeea02', '23041379-366e-4ab2-a0db-a18b569bdafb', '7921b1cb-2b96-4e55-a67f-0f22af0e95cf');
INSERT INTO public.library_task_recommendations VALUES ('ec04a3b9-8029-428d-95fe-62ae33873cd2', 'c7dfba23-7b73-4a35-a2ab-c760c3d48523', '8b781386-e309-44d5-9b8d-35230f80119a');
INSERT INTO public.library_task_recommendations VALUES ('ec04a3b9-8029-428d-95fe-62ae33873cd2', 'b9b412f5-ba59-4a22-bb4e-986489b88684', '0899d101-6a06-41f4-910e-1fbba2de1458');
INSERT INTO public.library_task_recommendations VALUES ('ec04a3b9-8029-428d-95fe-62ae33873cd2', 'b9b412f5-ba59-4a22-bb4e-986489b88684', '730d586c-f9fc-48c2-bab9-018e5474b81c');
INSERT INTO public.library_task_recommendations VALUES ('ec04a3b9-8029-428d-95fe-62ae33873cd2', 'b9b412f5-ba59-4a22-bb4e-986489b88684', '9445a787-c4cb-4fb2-8a49-1b9947f55876');
INSERT INTO public.library_task_recommendations VALUES ('ec04a3b9-8029-428d-95fe-62ae33873cd2', '63256499-6af9-4600-8afd-3e9c24b3ea63', 'da3696b1-530b-4fc0-a624-9fbc77c26b00');
INSERT INTO public.library_task_recommendations VALUES ('ec04a3b9-8029-428d-95fe-62ae33873cd2', '63256499-6af9-4600-8afd-3e9c24b3ea63', '8d9dc6bf-cb00-4d8d-bcfe-9aa498fc2de3');
INSERT INTO public.library_task_recommendations VALUES ('ec04a3b9-8029-428d-95fe-62ae33873cd2', '63256499-6af9-4600-8afd-3e9c24b3ea63', '98d73996-ac36-4dbd-8b6c-fa2682c421d4');
INSERT INTO public.library_task_recommendations VALUES ('238d46eb-72ba-47ee-8742-99ed25567366', '2330705c-290e-4010-9be4-62e7cb5d0477', '14652da3-051a-4ff9-b7d1-34ea9ed4be81');
INSERT INTO public.library_task_recommendations VALUES ('238d46eb-72ba-47ee-8742-99ed25567366', '2330705c-290e-4010-9be4-62e7cb5d0477', '62ca2539-c0c4-4920-aca8-60e8536e725d');
INSERT INTO public.library_task_recommendations VALUES ('238d46eb-72ba-47ee-8742-99ed25567366', '2330705c-290e-4010-9be4-62e7cb5d0477', '5224cf50-d219-4f8b-a5e3-7e652b6e648f');
INSERT INTO public.library_task_recommendations VALUES ('238d46eb-72ba-47ee-8742-99ed25567366', 'd869805c-e7a8-4ceb-8d04-e0e017487256', 'eb982aae-a4a6-4f8b-b5b9-418f9df86b22');
INSERT INTO public.library_task_recommendations VALUES ('238d46eb-72ba-47ee-8742-99ed25567366', 'd869805c-e7a8-4ceb-8d04-e0e017487256', '62ca2539-c0c4-4920-aca8-60e8536e725d');
INSERT INTO public.library_task_recommendations VALUES ('238d46eb-72ba-47ee-8742-99ed25567366', '23b011d4-4cb2-4526-9761-e247d506557a', 'd8251088-33df-44b9-8286-3e11d80645d1');
INSERT INTO public.library_task_recommendations VALUES ('01baa494-99c5-43bf-aa8a-53a6f4732924', '94f174da-bd95-4a23-8dda-967a04ad4547', 'ddb617a0-9e06-4599-9b99-3e36e7b5ee28');
INSERT INTO public.library_task_recommendations VALUES ('01baa494-99c5-43bf-aa8a-53a6f4732924', '94f174da-bd95-4a23-8dda-967a04ad4547', '712c64dd-9f74-4a8a-9dcd-3b55bfe5bb0c');
INSERT INTO public.library_task_recommendations VALUES ('01baa494-99c5-43bf-aa8a-53a6f4732924', '94f174da-bd95-4a23-8dda-967a04ad4547', '1f482f5a-820b-4710-8ecf-d6a816d6e96b');
INSERT INTO public.library_task_recommendations VALUES ('223b04e9-62fa-4cf9-97f7-42d7e63994f0', '0db44d38-fa65-4aa5-99bd-ab4a7ec0c880', '52182601-b5ef-4526-ad02-5d63f5b75e84');
INSERT INTO public.library_task_recommendations VALUES ('223b04e9-62fa-4cf9-97f7-42d7e63994f0', '0db44d38-fa65-4aa5-99bd-ab4a7ec0c880', '6f005259-0fc3-4fd2-bcf7-b2bf67d44766');
INSERT INTO public.library_task_recommendations VALUES ('223b04e9-62fa-4cf9-97f7-42d7e63994f0', '0db44d38-fa65-4aa5-99bd-ab4a7ec0c880', '7921b1cb-2b96-4e55-a67f-0f22af0e95cf');
INSERT INTO public.library_task_recommendations VALUES ('223b04e9-62fa-4cf9-97f7-42d7e63994f0', '700671bb-dbd0-4f31-be94-68f83ea3e63e', '62ca2539-c0c4-4920-aca8-60e8536e725d');
INSERT INTO public.library_task_recommendations VALUES ('223b04e9-62fa-4cf9-97f7-42d7e63994f0', '7924f0e9-090a-4121-9e67-ad1e0a9d5998', '0707486a-fd22-4959-887c-a0cd930ec087');
INSERT INTO public.library_task_recommendations VALUES ('223b04e9-62fa-4cf9-97f7-42d7e63994f0', '0fe9d64c-4223-4f21-bd66-ab6b38d2ed2f', '845518bd-2a56-47c7-92d7-220087939243');
INSERT INTO public.library_task_recommendations VALUES ('223b04e9-62fa-4cf9-97f7-42d7e63994f0', '0fe9d64c-4223-4f21-bd66-ab6b38d2ed2f', '62ca2539-c0c4-4920-aca8-60e8536e725d');
INSERT INTO public.library_task_recommendations VALUES ('223b04e9-62fa-4cf9-97f7-42d7e63994f0', '0fe9d64c-4223-4f21-bd66-ab6b38d2ed2f', '7921b1cb-2b96-4e55-a67f-0f22af0e95cf');
INSERT INTO public.library_task_recommendations VALUES ('9071983c-5123-475f-9f1c-351c6756a5a5', 'c7dfba23-7b73-4a35-a2ab-c760c3d48523', '8b781386-e309-44d5-9b8d-35230f80119a');
INSERT INTO public.library_task_recommendations VALUES ('9071983c-5123-475f-9f1c-351c6756a5a5', '0de4f8b2-b328-49de-9e29-2c41d96b7ee8', '8aac579e-b59c-4252-8939-c799b7f9166d');
INSERT INTO public.library_task_recommendations VALUES ('9071983c-5123-475f-9f1c-351c6756a5a5', '63256499-6af9-4600-8afd-3e9c24b3ea63', 'da3696b1-530b-4fc0-a624-9fbc77c26b00');
INSERT INTO public.library_task_recommendations VALUES ('9071983c-5123-475f-9f1c-351c6756a5a5', '63256499-6af9-4600-8afd-3e9c24b3ea63', '8d9dc6bf-cb00-4d8d-bcfe-9aa498fc2de3');
INSERT INTO public.library_task_recommendations VALUES ('9071983c-5123-475f-9f1c-351c6756a5a5', '63256499-6af9-4600-8afd-3e9c24b3ea63', '98d73996-ac36-4dbd-8b6c-fa2682c421d4');
INSERT INTO public.library_task_recommendations VALUES ('f4202f63-3ec3-442a-8c44-788d8d9c8fee', 'b2e83054-cd9b-4105-ab0f-a7af807b96b2', '2cef1dab-d0bd-4c3c-a0b8-79ff3e67b6d1');
INSERT INTO public.library_task_recommendations VALUES ('f4202f63-3ec3-442a-8c44-788d8d9c8fee', 'b2e83054-cd9b-4105-ab0f-a7af807b96b2', '0f2534da-adad-4dab-a700-8d1493f5ba82');
INSERT INTO public.library_task_recommendations VALUES ('f4202f63-3ec3-442a-8c44-788d8d9c8fee', 'ec37cf5b-26c9-494b-baee-b878ab1cab62', 'b4affcfd-2c5a-471e-bf27-61d20dac834b');
INSERT INTO public.library_task_recommendations VALUES ('f4202f63-3ec3-442a-8c44-788d8d9c8fee', 'affd787b-1e6c-4c9d-a2d4-42d38e9c72b8', '7921b1cb-2b96-4e55-a67f-0f22af0e95cf');
INSERT INTO public.library_task_recommendations VALUES ('f4202f63-3ec3-442a-8c44-788d8d9c8fee', '58c16421-62fc-4ce4-ac8f-7de43b475958', '62ca2539-c0c4-4920-aca8-60e8536e725d');
INSERT INTO public.library_task_recommendations VALUES ('f4202f63-3ec3-442a-8c44-788d8d9c8fee', '58c16421-62fc-4ce4-ac8f-7de43b475958', '7921b1cb-2b96-4e55-a67f-0f22af0e95cf');
INSERT INTO public.library_task_recommendations VALUES ('f4202f63-3ec3-442a-8c44-788d8d9c8fee', '3bea337f-0799-4658-b0c3-c60fb79b4c13', 'fdfdc2f6-af19-413b-aacc-e0819cae5f5d');
INSERT INTO public.library_task_recommendations VALUES ('f4202f63-3ec3-442a-8c44-788d8d9c8fee', '3bea337f-0799-4658-b0c3-c60fb79b4c13', '62ca2539-c0c4-4920-aca8-60e8536e725d');
INSERT INTO public.library_task_recommendations VALUES ('f4202f63-3ec3-442a-8c44-788d8d9c8fee', '3bea337f-0799-4658-b0c3-c60fb79b4c13', '845518bd-2a56-47c7-92d7-220087939243');
INSERT INTO public.library_task_recommendations VALUES ('f4202f63-3ec3-442a-8c44-788d8d9c8fee', '3bea337f-0799-4658-b0c3-c60fb79b4c13', '7921b1cb-2b96-4e55-a67f-0f22af0e95cf');
INSERT INTO public.library_task_recommendations VALUES ('29a8acf6-8312-4f26-b773-7908d67d437f', '2a4671f4-fb14-4b9f-bf4c-d45512ac0135', '9445a787-c4cb-4fb2-8a49-1b9947f55876');
INSERT INTO public.library_task_recommendations VALUES ('29a8acf6-8312-4f26-b773-7908d67d437f', '7cbd62ff-c094-4847-a980-ccaf6996adce', 'c8202f22-79a8-4037-b566-5c7ea9dfe935');
INSERT INTO public.library_task_recommendations VALUES ('29a8acf6-8312-4f26-b773-7908d67d437f', '7cbd62ff-c094-4847-a980-ccaf6996adce', '62ca2539-c0c4-4920-aca8-60e8536e725d');
INSERT INTO public.library_task_recommendations VALUES ('29a8acf6-8312-4f26-b773-7908d67d437f', '7cbd62ff-c094-4847-a980-ccaf6996adce', 'bc886bd6-602f-49d5-8508-01b987fe7ed7');
INSERT INTO public.library_task_recommendations VALUES ('29a8acf6-8312-4f26-b773-7908d67d437f', '7cbd62ff-c094-4847-a980-ccaf6996adce', 'f52b676d-516e-4068-8878-050dfb32313f');
INSERT INTO public.library_task_recommendations VALUES ('29a8acf6-8312-4f26-b773-7908d67d437f', '7cbd62ff-c094-4847-a980-ccaf6996adce', '4df673d5-943d-481f-83e7-cf0f0e6f7b47');
INSERT INTO public.library_task_recommendations VALUES ('29a8acf6-8312-4f26-b773-7908d67d437f', '7cbd62ff-c094-4847-a980-ccaf6996adce', '7921b1cb-2b96-4e55-a67f-0f22af0e95cf');
INSERT INTO public.library_task_recommendations VALUES ('29a8acf6-8312-4f26-b773-7908d67d437f', '4c9a74d2-a290-416e-ad85-ea4129cceb0a', '9ad431e2-a945-4e5a-8108-64a734717dfa');
INSERT INTO public.library_task_recommendations VALUES ('29a8acf6-8312-4f26-b773-7908d67d437f', '4c9a74d2-a290-416e-ad85-ea4129cceb0a', 'c2efdade-aac5-40c6-aa29-34687d2114f3');
INSERT INTO public.library_task_recommendations VALUES ('29a8acf6-8312-4f26-b773-7908d67d437f', '4c9a74d2-a290-416e-ad85-ea4129cceb0a', '62ca2539-c0c4-4920-aca8-60e8536e725d');
INSERT INTO public.library_task_recommendations VALUES ('29a8acf6-8312-4f26-b773-7908d67d437f', '4c9a74d2-a290-416e-ad85-ea4129cceb0a', '845518bd-2a56-47c7-92d7-220087939243');
INSERT INTO public.library_task_recommendations VALUES ('29a8acf6-8312-4f26-b773-7908d67d437f', '4c9a74d2-a290-416e-ad85-ea4129cceb0a', '7921b1cb-2b96-4e55-a67f-0f22af0e95cf');
INSERT INTO public.library_task_recommendations VALUES ('b0702e49-5604-4c8a-a0b6-8bd51ba1db68', 'f198b507-80e7-4c4d-a59b-f1f962ac3a05', '7d39bcf4-6f3d-4daa-914d-6335018fbcf8');
INSERT INTO public.library_task_recommendations VALUES ('b0702e49-5604-4c8a-a0b6-8bd51ba1db68', '4c9a74d2-a290-416e-ad85-ea4129cceb0a', '9ad431e2-a945-4e5a-8108-64a734717dfa');
INSERT INTO public.library_task_recommendations VALUES ('b0702e49-5604-4c8a-a0b6-8bd51ba1db68', '4c9a74d2-a290-416e-ad85-ea4129cceb0a', 'c2efdade-aac5-40c6-aa29-34687d2114f3');
INSERT INTO public.library_task_recommendations VALUES ('b0702e49-5604-4c8a-a0b6-8bd51ba1db68', '4c9a74d2-a290-416e-ad85-ea4129cceb0a', '62ca2539-c0c4-4920-aca8-60e8536e725d');
INSERT INTO public.library_task_recommendations VALUES ('b0702e49-5604-4c8a-a0b6-8bd51ba1db68', '4c9a74d2-a290-416e-ad85-ea4129cceb0a', '845518bd-2a56-47c7-92d7-220087939243');
INSERT INTO public.library_task_recommendations VALUES ('b0702e49-5604-4c8a-a0b6-8bd51ba1db68', '4c9a74d2-a290-416e-ad85-ea4129cceb0a', '7921b1cb-2b96-4e55-a67f-0f22af0e95cf');
INSERT INTO public.library_task_recommendations VALUES ('d8217652-973e-4216-aea5-28ced89eac26', 'bbaa12bb-0ef0-4f9e-bd91-fc8417bcba55', '4ad1bc4a-ec30-4246-8796-23315c9d9f88');
INSERT INTO public.library_task_recommendations VALUES ('d8217652-973e-4216-aea5-28ced89eac26', '31470545-a49e-4225-9963-b450699e4f33', 'f42676bc-01c7-4f57-a55b-8c07b5904c56');
INSERT INTO public.library_task_recommendations VALUES ('d8217652-973e-4216-aea5-28ced89eac26', '31470545-a49e-4225-9963-b450699e4f33', '730d586c-f9fc-48c2-bab9-018e5474b81c');
INSERT INTO public.library_task_recommendations VALUES ('ac1e15a5-7021-48a6-a88d-b9799b6355ea', '5965c7c9-3ccc-4cd6-b382-8f1b2d413ea7', 'ff161bca-e057-4045-a3fe-708b6569ab8a');
INSERT INTO public.library_task_recommendations VALUES ('ac1e15a5-7021-48a6-a88d-b9799b6355ea', '5965c7c9-3ccc-4cd6-b382-8f1b2d413ea7', 'd1a3a929-254a-4dbe-82b4-2c9272a8481a');
INSERT INTO public.library_task_recommendations VALUES ('ac1e15a5-7021-48a6-a88d-b9799b6355ea', '5965c7c9-3ccc-4cd6-b382-8f1b2d413ea7', 'a033267d-7322-42c8-b011-4015d68b2bc2');
INSERT INTO public.library_task_recommendations VALUES ('ac1e15a5-7021-48a6-a88d-b9799b6355ea', '5965c7c9-3ccc-4cd6-b382-8f1b2d413ea7', 'b9be969d-9811-4546-8494-13f95f63fa0e');
INSERT INTO public.library_task_recommendations VALUES ('ac1e15a5-7021-48a6-a88d-b9799b6355ea', 'be566662-c5ae-45e7-8f02-ea108847b10f', 'e92f3626-be91-47da-b197-77e6154f5a15');
INSERT INTO public.library_task_recommendations VALUES ('ac1e15a5-7021-48a6-a88d-b9799b6355ea', '94f174da-bd95-4a23-8dda-967a04ad4547', 'ddb617a0-9e06-4599-9b99-3e36e7b5ee28');
INSERT INTO public.library_task_recommendations VALUES ('ac1e15a5-7021-48a6-a88d-b9799b6355ea', '94f174da-bd95-4a23-8dda-967a04ad4547', '712c64dd-9f74-4a8a-9dcd-3b55bfe5bb0c');
INSERT INTO public.library_task_recommendations VALUES ('ac1e15a5-7021-48a6-a88d-b9799b6355ea', '94f174da-bd95-4a23-8dda-967a04ad4547', '1f482f5a-820b-4710-8ecf-d6a816d6e96b');
INSERT INTO public.library_task_recommendations VALUES ('ac1e15a5-7021-48a6-a88d-b9799b6355ea', '604bab16-64c3-4870-bd2e-52ea93e73e9e', '873def37-dd23-4abe-acdb-81eab0602c08');
INSERT INTO public.library_task_recommendations VALUES ('ac1e15a5-7021-48a6-a88d-b9799b6355ea', '23041379-366e-4ab2-a0db-a18b569bdafb', '8b1698a3-a055-499c-95e5-56059e3cdd89');
INSERT INTO public.library_task_recommendations VALUES ('ac1e15a5-7021-48a6-a88d-b9799b6355ea', '23041379-366e-4ab2-a0db-a18b569bdafb', '9e21d7c7-3276-406e-951e-a710c5c3f35a');
INSERT INTO public.library_task_recommendations VALUES ('ac1e15a5-7021-48a6-a88d-b9799b6355ea', '23041379-366e-4ab2-a0db-a18b569bdafb', '2cef1dab-d0bd-4c3c-a0b8-79ff3e67b6d1');
INSERT INTO public.library_task_recommendations VALUES ('ac1e15a5-7021-48a6-a88d-b9799b6355ea', '23041379-366e-4ab2-a0db-a18b569bdafb', '7921b1cb-2b96-4e55-a67f-0f22af0e95cf');
INSERT INTO public.library_task_recommendations VALUES ('ac1e15a5-7021-48a6-a88d-b9799b6355ea', '5bd09b75-9bc3-4afa-9cf4-012c4efe0dbe', 'b9be969d-9811-4546-8494-13f95f63fa0e');
INSERT INTO public.library_task_recommendations VALUES ('ac1e15a5-7021-48a6-a88d-b9799b6355ea', 'a550e66b-bedc-44e4-82fc-bb24da083a66', 'cfd7b6a5-45f2-42d2-83ce-f6426667095b');
INSERT INTO public.library_task_recommendations VALUES ('ac1e15a5-7021-48a6-a88d-b9799b6355ea', 'a550e66b-bedc-44e4-82fc-bb24da083a66', 'd9b46efa-f00e-4ac9-b550-0541dda61246');
INSERT INTO public.library_task_recommendations VALUES ('f89ac6f3-7598-490c-98e8-07b5986fcd0c', 'ec4c82da-0923-4040-b142-b693bf382d1a', '7921b1cb-2b96-4e55-a67f-0f22af0e95cf');
INSERT INTO public.library_task_recommendations VALUES ('f89ac6f3-7598-490c-98e8-07b5986fcd0c', '4c9a74d2-a290-416e-ad85-ea4129cceb0a', '9ad431e2-a945-4e5a-8108-64a734717dfa');
INSERT INTO public.library_task_recommendations VALUES ('f89ac6f3-7598-490c-98e8-07b5986fcd0c', '4c9a74d2-a290-416e-ad85-ea4129cceb0a', 'c2efdade-aac5-40c6-aa29-34687d2114f3');
INSERT INTO public.library_task_recommendations VALUES ('f89ac6f3-7598-490c-98e8-07b5986fcd0c', '4c9a74d2-a290-416e-ad85-ea4129cceb0a', '62ca2539-c0c4-4920-aca8-60e8536e725d');
INSERT INTO public.library_task_recommendations VALUES ('f89ac6f3-7598-490c-98e8-07b5986fcd0c', '4c9a74d2-a290-416e-ad85-ea4129cceb0a', '845518bd-2a56-47c7-92d7-220087939243');
INSERT INTO public.library_task_recommendations VALUES ('f89ac6f3-7598-490c-98e8-07b5986fcd0c', '4c9a74d2-a290-416e-ad85-ea4129cceb0a', '7921b1cb-2b96-4e55-a67f-0f22af0e95cf');
INSERT INTO public.library_task_recommendations VALUES ('f89ac6f3-7598-490c-98e8-07b5986fcd0c', '23041379-366e-4ab2-a0db-a18b569bdafb', '8b1698a3-a055-499c-95e5-56059e3cdd89');
INSERT INTO public.library_task_recommendations VALUES ('f89ac6f3-7598-490c-98e8-07b5986fcd0c', '23041379-366e-4ab2-a0db-a18b569bdafb', '9e21d7c7-3276-406e-951e-a710c5c3f35a');
INSERT INTO public.library_task_recommendations VALUES ('f89ac6f3-7598-490c-98e8-07b5986fcd0c', '23041379-366e-4ab2-a0db-a18b569bdafb', '2cef1dab-d0bd-4c3c-a0b8-79ff3e67b6d1');
INSERT INTO public.library_task_recommendations VALUES ('f89ac6f3-7598-490c-98e8-07b5986fcd0c', '23041379-366e-4ab2-a0db-a18b569bdafb', '7921b1cb-2b96-4e55-a67f-0f22af0e95cf');
INSERT INTO public.library_task_recommendations VALUES ('e0d4426a-400b-48b3-abdc-940648d53c28', '5965c7c9-3ccc-4cd6-b382-8f1b2d413ea7', 'ff161bca-e057-4045-a3fe-708b6569ab8a');
INSERT INTO public.library_task_recommendations VALUES ('e0d4426a-400b-48b3-abdc-940648d53c28', '5965c7c9-3ccc-4cd6-b382-8f1b2d413ea7', 'd1a3a929-254a-4dbe-82b4-2c9272a8481a');
INSERT INTO public.library_task_recommendations VALUES ('e0d4426a-400b-48b3-abdc-940648d53c28', '5965c7c9-3ccc-4cd6-b382-8f1b2d413ea7', 'a033267d-7322-42c8-b011-4015d68b2bc2');
INSERT INTO public.library_task_recommendations VALUES ('e0d4426a-400b-48b3-abdc-940648d53c28', '5965c7c9-3ccc-4cd6-b382-8f1b2d413ea7', 'b9be969d-9811-4546-8494-13f95f63fa0e');
INSERT INTO public.library_task_recommendations VALUES ('9d37a2f3-d5c4-4cbf-839c-96ef5fc4c497', '5965c7c9-3ccc-4cd6-b382-8f1b2d413ea7', 'ff161bca-e057-4045-a3fe-708b6569ab8a');
INSERT INTO public.library_task_recommendations VALUES ('9d37a2f3-d5c4-4cbf-839c-96ef5fc4c497', '5965c7c9-3ccc-4cd6-b382-8f1b2d413ea7', 'd1a3a929-254a-4dbe-82b4-2c9272a8481a');
INSERT INTO public.library_task_recommendations VALUES ('9d37a2f3-d5c4-4cbf-839c-96ef5fc4c497', '5965c7c9-3ccc-4cd6-b382-8f1b2d413ea7', 'a033267d-7322-42c8-b011-4015d68b2bc2');
INSERT INTO public.library_task_recommendations VALUES ('9d37a2f3-d5c4-4cbf-839c-96ef5fc4c497', '5965c7c9-3ccc-4cd6-b382-8f1b2d413ea7', 'b9be969d-9811-4546-8494-13f95f63fa0e');
INSERT INTO public.library_task_recommendations VALUES ('7a16673f-0ef8-4d12-8d33-9586cbfe1f54', '700671bb-dbd0-4f31-be94-68f83ea3e63e', '62ca2539-c0c4-4920-aca8-60e8536e725d');
INSERT INTO public.library_task_recommendations VALUES ('7a16673f-0ef8-4d12-8d33-9586cbfe1f54', '604bab16-64c3-4870-bd2e-52ea93e73e9e', '873def37-dd23-4abe-acdb-81eab0602c08');
INSERT INTO public.library_task_recommendations VALUES ('7b9bcd4f-cc64-48eb-8d38-ab8988dda7f6', '5965c7c9-3ccc-4cd6-b382-8f1b2d413ea7', 'ff161bca-e057-4045-a3fe-708b6569ab8a');
INSERT INTO public.library_task_recommendations VALUES ('7b9bcd4f-cc64-48eb-8d38-ab8988dda7f6', '5965c7c9-3ccc-4cd6-b382-8f1b2d413ea7', 'd1a3a929-254a-4dbe-82b4-2c9272a8481a');
INSERT INTO public.library_task_recommendations VALUES ('7b9bcd4f-cc64-48eb-8d38-ab8988dda7f6', '5965c7c9-3ccc-4cd6-b382-8f1b2d413ea7', 'a033267d-7322-42c8-b011-4015d68b2bc2');
INSERT INTO public.library_task_recommendations VALUES ('7b9bcd4f-cc64-48eb-8d38-ab8988dda7f6', '5965c7c9-3ccc-4cd6-b382-8f1b2d413ea7', 'b9be969d-9811-4546-8494-13f95f63fa0e');
INSERT INTO public.library_task_recommendations VALUES ('7b9bcd4f-cc64-48eb-8d38-ab8988dda7f6', '7cbd62ff-c094-4847-a980-ccaf6996adce', 'c8202f22-79a8-4037-b566-5c7ea9dfe935');
INSERT INTO public.library_task_recommendations VALUES ('7b9bcd4f-cc64-48eb-8d38-ab8988dda7f6', '7cbd62ff-c094-4847-a980-ccaf6996adce', '62ca2539-c0c4-4920-aca8-60e8536e725d');
INSERT INTO public.library_task_recommendations VALUES ('7b9bcd4f-cc64-48eb-8d38-ab8988dda7f6', '7cbd62ff-c094-4847-a980-ccaf6996adce', 'bc886bd6-602f-49d5-8508-01b987fe7ed7');
INSERT INTO public.library_task_recommendations VALUES ('7b9bcd4f-cc64-48eb-8d38-ab8988dda7f6', '7cbd62ff-c094-4847-a980-ccaf6996adce', 'f52b676d-516e-4068-8878-050dfb32313f');
INSERT INTO public.library_task_recommendations VALUES ('7b9bcd4f-cc64-48eb-8d38-ab8988dda7f6', '7cbd62ff-c094-4847-a980-ccaf6996adce', '4df673d5-943d-481f-83e7-cf0f0e6f7b47');
INSERT INTO public.library_task_recommendations VALUES ('7b9bcd4f-cc64-48eb-8d38-ab8988dda7f6', '7cbd62ff-c094-4847-a980-ccaf6996adce', '7921b1cb-2b96-4e55-a67f-0f22af0e95cf');
INSERT INTO public.library_task_recommendations VALUES ('7b9bcd4f-cc64-48eb-8d38-ab8988dda7f6', '5bd09b75-9bc3-4afa-9cf4-012c4efe0dbe', 'b9be969d-9811-4546-8494-13f95f63fa0e');
INSERT INTO public.library_task_recommendations VALUES ('7b9bcd4f-cc64-48eb-8d38-ab8988dda7f6', 'cc751338-928a-499a-b1dd-87b9ecc573fd', '8035cbfb-4b42-4c1f-9ae3-b8f57983660b');
INSERT INTO public.library_task_recommendations VALUES ('7b9bcd4f-cc64-48eb-8d38-ab8988dda7f6', '4c9a74d2-a290-416e-ad85-ea4129cceb0a', '9ad431e2-a945-4e5a-8108-64a734717dfa');
INSERT INTO public.library_task_recommendations VALUES ('7b9bcd4f-cc64-48eb-8d38-ab8988dda7f6', '4c9a74d2-a290-416e-ad85-ea4129cceb0a', 'c2efdade-aac5-40c6-aa29-34687d2114f3');
INSERT INTO public.library_task_recommendations VALUES ('7b9bcd4f-cc64-48eb-8d38-ab8988dda7f6', '4c9a74d2-a290-416e-ad85-ea4129cceb0a', '62ca2539-c0c4-4920-aca8-60e8536e725d');
INSERT INTO public.library_task_recommendations VALUES ('7b9bcd4f-cc64-48eb-8d38-ab8988dda7f6', '4c9a74d2-a290-416e-ad85-ea4129cceb0a', '845518bd-2a56-47c7-92d7-220087939243');
INSERT INTO public.library_task_recommendations VALUES ('7b9bcd4f-cc64-48eb-8d38-ab8988dda7f6', '4c9a74d2-a290-416e-ad85-ea4129cceb0a', '7921b1cb-2b96-4e55-a67f-0f22af0e95cf');
INSERT INTO public.library_task_recommendations VALUES ('7b9bcd4f-cc64-48eb-8d38-ab8988dda7f6', '23b011d4-4cb2-4526-9761-e247d506557a', 'd8251088-33df-44b9-8286-3e11d80645d1');
INSERT INTO public.library_task_recommendations VALUES ('ad7a3d5c-ea72-45ed-a849-96540c68d337', '78bd1d30-057a-47f0-b122-08a8c1f3e12c', 'dc925cd9-a7bd-4a68-b61b-389fe09289d9');
INSERT INTO public.library_task_recommendations VALUES ('ad7a3d5c-ea72-45ed-a849-96540c68d337', '78bd1d30-057a-47f0-b122-08a8c1f3e12c', 'b22839ca-d7a1-4308-88ab-11d617bcdbff');
INSERT INTO public.library_task_recommendations VALUES ('ad7a3d5c-ea72-45ed-a849-96540c68d337', '78bd1d30-057a-47f0-b122-08a8c1f3e12c', 'ef04b4a5-9196-4122-b6f4-0b787190dff0');
INSERT INTO public.library_task_recommendations VALUES ('590f0c15-1ff2-4de1-9488-124388f94fd3', '5965c7c9-3ccc-4cd6-b382-8f1b2d413ea7', 'ff161bca-e057-4045-a3fe-708b6569ab8a');
INSERT INTO public.library_task_recommendations VALUES ('590f0c15-1ff2-4de1-9488-124388f94fd3', '5965c7c9-3ccc-4cd6-b382-8f1b2d413ea7', 'd1a3a929-254a-4dbe-82b4-2c9272a8481a');
INSERT INTO public.library_task_recommendations VALUES ('590f0c15-1ff2-4de1-9488-124388f94fd3', '5965c7c9-3ccc-4cd6-b382-8f1b2d413ea7', 'a033267d-7322-42c8-b011-4015d68b2bc2');
INSERT INTO public.library_task_recommendations VALUES ('590f0c15-1ff2-4de1-9488-124388f94fd3', '5965c7c9-3ccc-4cd6-b382-8f1b2d413ea7', 'b9be969d-9811-4546-8494-13f95f63fa0e');
INSERT INTO public.library_task_recommendations VALUES ('35a07126-c052-4f57-b386-95581220cf05', 'e4834f5d-e71c-4140-a47d-67dcdacc3bc8', '8897d760-3e77-499b-a3b8-ef060ac5fbd9');
INSERT INTO public.library_task_recommendations VALUES ('35a07126-c052-4f57-b386-95581220cf05', '01f5f6db-6635-4090-8e0e-9c1ea24c8d82', '6c9d1d49-53f1-4baf-a382-abcb11d9f40d');
INSERT INTO public.library_task_recommendations VALUES ('35a07126-c052-4f57-b386-95581220cf05', '064e56c8-0024-4cf5-8b11-8acce96c67da', 'c2efdade-aac5-40c6-aa29-34687d2114f3');
INSERT INTO public.library_task_recommendations VALUES ('35a07126-c052-4f57-b386-95581220cf05', '325227e4-fef3-464b-a8d2-1e7da2503bff', 'b9434a7d-62cc-4dc7-9e8e-02d418af7f7a');
INSERT INTO public.library_task_recommendations VALUES ('35a07126-c052-4f57-b386-95581220cf05', '325227e4-fef3-464b-a8d2-1e7da2503bff', '6c9d1d49-53f1-4baf-a382-abcb11d9f40d');
INSERT INTO public.library_task_recommendations VALUES ('35a07126-c052-4f57-b386-95581220cf05', '325227e4-fef3-464b-a8d2-1e7da2503bff', 'c8bdcb66-e7e4-440b-aea9-6cb4fd97cd38');
INSERT INTO public.library_task_recommendations VALUES ('35a07126-c052-4f57-b386-95581220cf05', '23b011d4-4cb2-4526-9761-e247d506557a', 'd8251088-33df-44b9-8286-3e11d80645d1');
INSERT INTO public.library_task_recommendations VALUES ('1d4de35b-2025-4fd4-b9f9-e6f29548c304', '25a02bff-ad3c-4291-8f57-b7cff5018a88', '097a4aec-a6b7-4e3c-8862-b927ab19a93f');
INSERT INTO public.library_task_recommendations VALUES ('1d4de35b-2025-4fd4-b9f9-e6f29548c304', '25a02bff-ad3c-4291-8f57-b7cff5018a88', '496344fb-1c4d-4b89-bc32-9ba7b50f619e');
INSERT INTO public.library_task_recommendations VALUES ('1d4de35b-2025-4fd4-b9f9-e6f29548c304', '4c9a74d2-a290-416e-ad85-ea4129cceb0a', '9ad431e2-a945-4e5a-8108-64a734717dfa');
INSERT INTO public.library_task_recommendations VALUES ('1d4de35b-2025-4fd4-b9f9-e6f29548c304', '4c9a74d2-a290-416e-ad85-ea4129cceb0a', 'c2efdade-aac5-40c6-aa29-34687d2114f3');
INSERT INTO public.library_task_recommendations VALUES ('1d4de35b-2025-4fd4-b9f9-e6f29548c304', '4c9a74d2-a290-416e-ad85-ea4129cceb0a', '62ca2539-c0c4-4920-aca8-60e8536e725d');
INSERT INTO public.library_task_recommendations VALUES ('1d4de35b-2025-4fd4-b9f9-e6f29548c304', '4c9a74d2-a290-416e-ad85-ea4129cceb0a', '845518bd-2a56-47c7-92d7-220087939243');
INSERT INTO public.library_task_recommendations VALUES ('1d4de35b-2025-4fd4-b9f9-e6f29548c304', '4c9a74d2-a290-416e-ad85-ea4129cceb0a', '7921b1cb-2b96-4e55-a67f-0f22af0e95cf');
INSERT INTO public.library_task_recommendations VALUES ('1d4de35b-2025-4fd4-b9f9-e6f29548c304', '63256499-6af9-4600-8afd-3e9c24b3ea63', 'da3696b1-530b-4fc0-a624-9fbc77c26b00');
INSERT INTO public.library_task_recommendations VALUES ('1d4de35b-2025-4fd4-b9f9-e6f29548c304', '63256499-6af9-4600-8afd-3e9c24b3ea63', '8d9dc6bf-cb00-4d8d-bcfe-9aa498fc2de3');
INSERT INTO public.library_task_recommendations VALUES ('1d4de35b-2025-4fd4-b9f9-e6f29548c304', '63256499-6af9-4600-8afd-3e9c24b3ea63', '98d73996-ac36-4dbd-8b6c-fa2682c421d4');
INSERT INTO public.library_task_recommendations VALUES ('a3de1387-17a5-4b9f-a6ea-391990d4a199', '2330705c-290e-4010-9be4-62e7cb5d0477', '14652da3-051a-4ff9-b7d1-34ea9ed4be81');
INSERT INTO public.library_task_recommendations VALUES ('a3de1387-17a5-4b9f-a6ea-391990d4a199', '2330705c-290e-4010-9be4-62e7cb5d0477', '62ca2539-c0c4-4920-aca8-60e8536e725d');
INSERT INTO public.library_task_recommendations VALUES ('a3de1387-17a5-4b9f-a6ea-391990d4a199', '2330705c-290e-4010-9be4-62e7cb5d0477', '5224cf50-d219-4f8b-a5e3-7e652b6e648f');
INSERT INTO public.library_task_recommendations VALUES ('a3de1387-17a5-4b9f-a6ea-391990d4a199', '20b5689a-ce74-40f8-a922-e2d5dc9a91f5', '1f9a5ff0-3394-4895-b45c-089ac6643003');
INSERT INTO public.library_task_recommendations VALUES ('a3de1387-17a5-4b9f-a6ea-391990d4a199', '7cbd62ff-c094-4847-a980-ccaf6996adce', 'c8202f22-79a8-4037-b566-5c7ea9dfe935');
INSERT INTO public.library_task_recommendations VALUES ('a3de1387-17a5-4b9f-a6ea-391990d4a199', '7cbd62ff-c094-4847-a980-ccaf6996adce', '62ca2539-c0c4-4920-aca8-60e8536e725d');
INSERT INTO public.library_task_recommendations VALUES ('a3de1387-17a5-4b9f-a6ea-391990d4a199', '7cbd62ff-c094-4847-a980-ccaf6996adce', 'bc886bd6-602f-49d5-8508-01b987fe7ed7');
INSERT INTO public.library_task_recommendations VALUES ('a3de1387-17a5-4b9f-a6ea-391990d4a199', '7cbd62ff-c094-4847-a980-ccaf6996adce', 'f52b676d-516e-4068-8878-050dfb32313f');
INSERT INTO public.library_task_recommendations VALUES ('a3de1387-17a5-4b9f-a6ea-391990d4a199', '7cbd62ff-c094-4847-a980-ccaf6996adce', '4df673d5-943d-481f-83e7-cf0f0e6f7b47');
INSERT INTO public.library_task_recommendations VALUES ('a3de1387-17a5-4b9f-a6ea-391990d4a199', '7cbd62ff-c094-4847-a980-ccaf6996adce', '7921b1cb-2b96-4e55-a67f-0f22af0e95cf');
INSERT INTO public.library_task_recommendations VALUES ('a3de1387-17a5-4b9f-a6ea-391990d4a199', 'aaf65ad9-2589-488a-87bd-52697e2fdc8b', '1f9a5ff0-3394-4895-b45c-089ac6643003');
INSERT INTO public.library_task_recommendations VALUES ('a3de1387-17a5-4b9f-a6ea-391990d4a199', '23b011d4-4cb2-4526-9761-e247d506557a', 'd8251088-33df-44b9-8286-3e11d80645d1');
INSERT INTO public.library_task_recommendations VALUES ('bf77f03b-0088-4161-b20d-2e12681693a5', '7cbd62ff-c094-4847-a980-ccaf6996adce', 'c8202f22-79a8-4037-b566-5c7ea9dfe935');
INSERT INTO public.library_task_recommendations VALUES ('bf77f03b-0088-4161-b20d-2e12681693a5', '7cbd62ff-c094-4847-a980-ccaf6996adce', '62ca2539-c0c4-4920-aca8-60e8536e725d');
INSERT INTO public.library_task_recommendations VALUES ('bf77f03b-0088-4161-b20d-2e12681693a5', '7cbd62ff-c094-4847-a980-ccaf6996adce', 'bc886bd6-602f-49d5-8508-01b987fe7ed7');
INSERT INTO public.library_task_recommendations VALUES ('bf77f03b-0088-4161-b20d-2e12681693a5', '7cbd62ff-c094-4847-a980-ccaf6996adce', 'f52b676d-516e-4068-8878-050dfb32313f');
INSERT INTO public.library_task_recommendations VALUES ('bf77f03b-0088-4161-b20d-2e12681693a5', '7cbd62ff-c094-4847-a980-ccaf6996adce', '4df673d5-943d-481f-83e7-cf0f0e6f7b47');
INSERT INTO public.library_task_recommendations VALUES ('bf77f03b-0088-4161-b20d-2e12681693a5', '7cbd62ff-c094-4847-a980-ccaf6996adce', '7921b1cb-2b96-4e55-a67f-0f22af0e95cf');
INSERT INTO public.library_task_recommendations VALUES ('bf77f03b-0088-4161-b20d-2e12681693a5', 'ec4c82da-0923-4040-b142-b693bf382d1a', '7921b1cb-2b96-4e55-a67f-0f22af0e95cf');
INSERT INTO public.library_task_recommendations VALUES ('bf77f03b-0088-4161-b20d-2e12681693a5', '3bea337f-0799-4658-b0c3-c60fb79b4c13', 'fdfdc2f6-af19-413b-aacc-e0819cae5f5d');
INSERT INTO public.library_task_recommendations VALUES ('bf77f03b-0088-4161-b20d-2e12681693a5', '3bea337f-0799-4658-b0c3-c60fb79b4c13', '62ca2539-c0c4-4920-aca8-60e8536e725d');
INSERT INTO public.library_task_recommendations VALUES ('bf77f03b-0088-4161-b20d-2e12681693a5', '3bea337f-0799-4658-b0c3-c60fb79b4c13', '845518bd-2a56-47c7-92d7-220087939243');
INSERT INTO public.library_task_recommendations VALUES ('bf77f03b-0088-4161-b20d-2e12681693a5', '3bea337f-0799-4658-b0c3-c60fb79b4c13', '7921b1cb-2b96-4e55-a67f-0f22af0e95cf');
INSERT INTO public.library_task_recommendations VALUES ('bf77f03b-0088-4161-b20d-2e12681693a5', '2aee0714-eb88-4cac-9c26-35af3607fa5a', 'e767c285-3f2d-4b59-a7fa-881921ba5317');
INSERT INTO public.library_task_recommendations VALUES ('eebe5e56-d8c2-4816-b819-3ba0da0d6566', '444fc4b3-3b98-4b08-abbe-dbb799903c4c', '33e934a7-c837-4a28-b896-9e4612a6c810');
INSERT INTO public.library_task_recommendations VALUES ('eebe5e56-d8c2-4816-b819-3ba0da0d6566', '444fc4b3-3b98-4b08-abbe-dbb799903c4c', '09cf14aa-3069-469a-ae4a-d2bb7e50d767');
INSERT INTO public.library_task_recommendations VALUES ('eebe5e56-d8c2-4816-b819-3ba0da0d6566', '444fc4b3-3b98-4b08-abbe-dbb799903c4c', '5d06c932-2434-4990-8609-45afc42f9864');
INSERT INTO public.library_task_recommendations VALUES ('eebe5e56-d8c2-4816-b819-3ba0da0d6566', '444fc4b3-3b98-4b08-abbe-dbb799903c4c', '7921b1cb-2b96-4e55-a67f-0f22af0e95cf');
INSERT INTO public.library_task_recommendations VALUES ('eebe5e56-d8c2-4816-b819-3ba0da0d6566', 'bbf5dbe5-57df-4cfb-a28a-d050a496ce1d', '7921b1cb-2b96-4e55-a67f-0f22af0e95cf');
INSERT INTO public.library_task_recommendations VALUES ('eebe5e56-d8c2-4816-b819-3ba0da0d6566', 'ec4c82da-0923-4040-b142-b693bf382d1a', '7921b1cb-2b96-4e55-a67f-0f22af0e95cf');
INSERT INTO public.library_task_recommendations VALUES ('3fc9c105-f594-41be-9f24-c5c74cb495ad', '208e1317-908b-4930-a360-68a83cc5106a', '53a4afff-cfd5-4b30-89af-3d875f62722a');
INSERT INTO public.library_task_recommendations VALUES ('3fc9c105-f594-41be-9f24-c5c74cb495ad', 'be591329-a272-4e0f-8277-98df369fc821', '359a02e2-7330-4175-a5b6-ef918e7d4158');
INSERT INTO public.library_task_recommendations VALUES ('3fc9c105-f594-41be-9f24-c5c74cb495ad', '5bd09b75-9bc3-4afa-9cf4-012c4efe0dbe', 'b9be969d-9811-4546-8494-13f95f63fa0e');
INSERT INTO public.library_task_recommendations VALUES ('3fc9c105-f594-41be-9f24-c5c74cb495ad', 'ab2071b5-e299-454a-adf0-f42ac141c936', 'b9be969d-9811-4546-8494-13f95f63fa0e');
INSERT INTO public.library_task_recommendations VALUES ('3fc9c105-f594-41be-9f24-c5c74cb495ad', '23b011d4-4cb2-4526-9761-e247d506557a', 'd8251088-33df-44b9-8286-3e11d80645d1');
INSERT INTO public.library_task_recommendations VALUES ('ff20527c-5375-4bb6-91e0-b280e9d6ffca', 'd5f817c0-200a-4fc7-9738-65567b514c4c', '25ae5c04-3dab-4c7d-bf0d-2317fd997619');
INSERT INTO public.library_task_recommendations VALUES ('ff20527c-5375-4bb6-91e0-b280e9d6ffca', 'b8130b46-bc9d-43f9-8749-6e1f4d9cd4ed', '0899d101-6a06-41f4-910e-1fbba2de1458');
INSERT INTO public.library_task_recommendations VALUES ('ff20527c-5375-4bb6-91e0-b280e9d6ffca', 'b8130b46-bc9d-43f9-8749-6e1f4d9cd4ed', 'cf25cc91-be50-4117-aced-c8a8f83db846');
INSERT INTO public.library_task_recommendations VALUES ('ff20527c-5375-4bb6-91e0-b280e9d6ffca', 'b9b412f5-ba59-4a22-bb4e-986489b88684', '0899d101-6a06-41f4-910e-1fbba2de1458');
INSERT INTO public.library_task_recommendations VALUES ('ff20527c-5375-4bb6-91e0-b280e9d6ffca', 'b9b412f5-ba59-4a22-bb4e-986489b88684', '730d586c-f9fc-48c2-bab9-018e5474b81c');
INSERT INTO public.library_task_recommendations VALUES ('ff20527c-5375-4bb6-91e0-b280e9d6ffca', 'b9b412f5-ba59-4a22-bb4e-986489b88684', '9445a787-c4cb-4fb2-8a49-1b9947f55876');
INSERT INTO public.library_task_recommendations VALUES ('ff20527c-5375-4bb6-91e0-b280e9d6ffca', '23b011d4-4cb2-4526-9761-e247d506557a', 'd8251088-33df-44b9-8286-3e11d80645d1');
INSERT INTO public.library_task_recommendations VALUES ('24a278d2-7563-4030-8d0e-c68c67523290', '5965c7c9-3ccc-4cd6-b382-8f1b2d413ea7', 'ff161bca-e057-4045-a3fe-708b6569ab8a');
INSERT INTO public.library_task_recommendations VALUES ('24a278d2-7563-4030-8d0e-c68c67523290', '5965c7c9-3ccc-4cd6-b382-8f1b2d413ea7', 'd1a3a929-254a-4dbe-82b4-2c9272a8481a');
INSERT INTO public.library_task_recommendations VALUES ('24a278d2-7563-4030-8d0e-c68c67523290', '5965c7c9-3ccc-4cd6-b382-8f1b2d413ea7', 'a033267d-7322-42c8-b011-4015d68b2bc2');
INSERT INTO public.library_task_recommendations VALUES ('24a278d2-7563-4030-8d0e-c68c67523290', '5965c7c9-3ccc-4cd6-b382-8f1b2d413ea7', 'b9be969d-9811-4546-8494-13f95f63fa0e');
INSERT INTO public.library_task_recommendations VALUES ('24a278d2-7563-4030-8d0e-c68c67523290', '3bea337f-0799-4658-b0c3-c60fb79b4c13', 'fdfdc2f6-af19-413b-aacc-e0819cae5f5d');
INSERT INTO public.library_task_recommendations VALUES ('24a278d2-7563-4030-8d0e-c68c67523290', '3bea337f-0799-4658-b0c3-c60fb79b4c13', '62ca2539-c0c4-4920-aca8-60e8536e725d');
INSERT INTO public.library_task_recommendations VALUES ('24a278d2-7563-4030-8d0e-c68c67523290', '3bea337f-0799-4658-b0c3-c60fb79b4c13', '845518bd-2a56-47c7-92d7-220087939243');
INSERT INTO public.library_task_recommendations VALUES ('24a278d2-7563-4030-8d0e-c68c67523290', '3bea337f-0799-4658-b0c3-c60fb79b4c13', '7921b1cb-2b96-4e55-a67f-0f22af0e95cf');
INSERT INTO public.library_task_recommendations VALUES ('24a278d2-7563-4030-8d0e-c68c67523290', 'a14c123b-057a-4caa-88a2-aec0d378a1fe', '845518bd-2a56-47c7-92d7-220087939243');
INSERT INTO public.library_task_recommendations VALUES ('24a278d2-7563-4030-8d0e-c68c67523290', 'a14c123b-057a-4caa-88a2-aec0d378a1fe', '7921b1cb-2b96-4e55-a67f-0f22af0e95cf');
INSERT INTO public.library_task_recommendations VALUES ('9c924f91-1675-42e7-b62d-8cca55a6e4c0', 'd5f817c0-200a-4fc7-9738-65567b514c4c', '25ae5c04-3dab-4c7d-bf0d-2317fd997619');
INSERT INTO public.library_task_recommendations VALUES ('9c924f91-1675-42e7-b62d-8cca55a6e4c0', 'f198b507-80e7-4c4d-a59b-f1f962ac3a05', '7d39bcf4-6f3d-4daa-914d-6335018fbcf8');
INSERT INTO public.library_task_recommendations VALUES ('ee5fe360-3225-4deb-a51e-441ccddce65d', '444fc4b3-3b98-4b08-abbe-dbb799903c4c', '33e934a7-c837-4a28-b896-9e4612a6c810');
INSERT INTO public.library_task_recommendations VALUES ('ee5fe360-3225-4deb-a51e-441ccddce65d', '444fc4b3-3b98-4b08-abbe-dbb799903c4c', '09cf14aa-3069-469a-ae4a-d2bb7e50d767');
INSERT INTO public.library_task_recommendations VALUES ('ee5fe360-3225-4deb-a51e-441ccddce65d', '444fc4b3-3b98-4b08-abbe-dbb799903c4c', '5d06c932-2434-4990-8609-45afc42f9864');
INSERT INTO public.library_task_recommendations VALUES ('ee5fe360-3225-4deb-a51e-441ccddce65d', '444fc4b3-3b98-4b08-abbe-dbb799903c4c', '7921b1cb-2b96-4e55-a67f-0f22af0e95cf');
INSERT INTO public.library_task_recommendations VALUES ('ee5fe360-3225-4deb-a51e-441ccddce65d', '63256499-6af9-4600-8afd-3e9c24b3ea63', 'da3696b1-530b-4fc0-a624-9fbc77c26b00');
INSERT INTO public.library_task_recommendations VALUES ('ee5fe360-3225-4deb-a51e-441ccddce65d', '63256499-6af9-4600-8afd-3e9c24b3ea63', '8d9dc6bf-cb00-4d8d-bcfe-9aa498fc2de3');
INSERT INTO public.library_task_recommendations VALUES ('ee5fe360-3225-4deb-a51e-441ccddce65d', '63256499-6af9-4600-8afd-3e9c24b3ea63', '98d73996-ac36-4dbd-8b6c-fa2682c421d4');
INSERT INTO public.library_task_recommendations VALUES ('ee5fe360-3225-4deb-a51e-441ccddce65d', '87b77997-08cc-4a49-ad31-22a8353b445d', '1b79d139-38b2-44f7-aefc-e2871e2d46d9');
INSERT INTO public.library_task_recommendations VALUES ('ee5fe360-3225-4deb-a51e-441ccddce65d', 'b967e3e8-ca66-4039-91ee-688f33ac31d7', '8aac579e-b59c-4252-8939-c799b7f9166d');
INSERT INTO public.library_task_recommendations VALUES ('ee5fe360-3225-4deb-a51e-441ccddce65d', 'ec4c82da-0923-4040-b142-b693bf382d1a', '7921b1cb-2b96-4e55-a67f-0f22af0e95cf');
INSERT INTO public.library_task_recommendations VALUES ('ee5fe360-3225-4deb-a51e-441ccddce65d', 'd869805c-e7a8-4ceb-8d04-e0e017487256', 'eb982aae-a4a6-4f8b-b5b9-418f9df86b22');
INSERT INTO public.library_task_recommendations VALUES ('ee5fe360-3225-4deb-a51e-441ccddce65d', 'd869805c-e7a8-4ceb-8d04-e0e017487256', '62ca2539-c0c4-4920-aca8-60e8536e725d');
INSERT INTO public.library_task_recommendations VALUES ('ee5fe360-3225-4deb-a51e-441ccddce65d', '179c69cf-2762-4b61-ad3b-36aee3ba9c69', '6abcda1e-947c-4f1e-b913-18bc96c23334');
INSERT INTO public.library_task_recommendations VALUES ('ee5fe360-3225-4deb-a51e-441ccddce65d', '179c69cf-2762-4b61-ad3b-36aee3ba9c69', '0b2da794-4f9a-4ec2-adc6-ddd15342ca5e');
INSERT INTO public.library_task_recommendations VALUES ('aa5c660c-2a51-40c4-bbf4-4543052ec064', 'ec4c82da-0923-4040-b142-b693bf382d1a', '7921b1cb-2b96-4e55-a67f-0f22af0e95cf');
INSERT INTO public.library_task_recommendations VALUES ('aa5c660c-2a51-40c4-bbf4-4543052ec064', '63256499-6af9-4600-8afd-3e9c24b3ea63', 'da3696b1-530b-4fc0-a624-9fbc77c26b00');
INSERT INTO public.library_task_recommendations VALUES ('aa5c660c-2a51-40c4-bbf4-4543052ec064', '63256499-6af9-4600-8afd-3e9c24b3ea63', '8d9dc6bf-cb00-4d8d-bcfe-9aa498fc2de3');
INSERT INTO public.library_task_recommendations VALUES ('aa5c660c-2a51-40c4-bbf4-4543052ec064', '63256499-6af9-4600-8afd-3e9c24b3ea63', '98d73996-ac36-4dbd-8b6c-fa2682c421d4');
INSERT INTO public.library_task_recommendations VALUES ('77cc07b4-fdcf-4a2b-a5e0-cc77e8c4ecc4', '444fc4b3-3b98-4b08-abbe-dbb799903c4c', '33e934a7-c837-4a28-b896-9e4612a6c810');
INSERT INTO public.library_task_recommendations VALUES ('77cc07b4-fdcf-4a2b-a5e0-cc77e8c4ecc4', '444fc4b3-3b98-4b08-abbe-dbb799903c4c', '09cf14aa-3069-469a-ae4a-d2bb7e50d767');
INSERT INTO public.library_task_recommendations VALUES ('77cc07b4-fdcf-4a2b-a5e0-cc77e8c4ecc4', '444fc4b3-3b98-4b08-abbe-dbb799903c4c', '5d06c932-2434-4990-8609-45afc42f9864');
INSERT INTO public.library_task_recommendations VALUES ('77cc07b4-fdcf-4a2b-a5e0-cc77e8c4ecc4', '444fc4b3-3b98-4b08-abbe-dbb799903c4c', '7921b1cb-2b96-4e55-a67f-0f22af0e95cf');
INSERT INTO public.library_task_recommendations VALUES ('77cc07b4-fdcf-4a2b-a5e0-cc77e8c4ecc4', '63256499-6af9-4600-8afd-3e9c24b3ea63', 'da3696b1-530b-4fc0-a624-9fbc77c26b00');
INSERT INTO public.library_task_recommendations VALUES ('77cc07b4-fdcf-4a2b-a5e0-cc77e8c4ecc4', '63256499-6af9-4600-8afd-3e9c24b3ea63', '8d9dc6bf-cb00-4d8d-bcfe-9aa498fc2de3');
INSERT INTO public.library_task_recommendations VALUES ('77cc07b4-fdcf-4a2b-a5e0-cc77e8c4ecc4', '63256499-6af9-4600-8afd-3e9c24b3ea63', '98d73996-ac36-4dbd-8b6c-fa2682c421d4');
INSERT INTO public.library_task_recommendations VALUES ('77cc07b4-fdcf-4a2b-a5e0-cc77e8c4ecc4', 'b967e3e8-ca66-4039-91ee-688f33ac31d7', '8aac579e-b59c-4252-8939-c799b7f9166d');
INSERT INTO public.library_task_recommendations VALUES ('77cc07b4-fdcf-4a2b-a5e0-cc77e8c4ecc4', '3c3e7da5-5a46-4ad8-a12c-533555359614', '0b2da794-4f9a-4ec2-adc6-ddd15342ca5e');
INSERT INTO public.library_task_recommendations VALUES ('77cc07b4-fdcf-4a2b-a5e0-cc77e8c4ecc4', '3c3e7da5-5a46-4ad8-a12c-533555359614', 'b4b3b004-49a6-4471-84d6-7b6d0a4a7004');
INSERT INTO public.library_task_recommendations VALUES ('9748890b-d2da-4371-b324-a6570a4d22f2', '63256499-6af9-4600-8afd-3e9c24b3ea63', 'da3696b1-530b-4fc0-a624-9fbc77c26b00');
INSERT INTO public.library_task_recommendations VALUES ('9748890b-d2da-4371-b324-a6570a4d22f2', '63256499-6af9-4600-8afd-3e9c24b3ea63', '8d9dc6bf-cb00-4d8d-bcfe-9aa498fc2de3');
INSERT INTO public.library_task_recommendations VALUES ('9748890b-d2da-4371-b324-a6570a4d22f2', '63256499-6af9-4600-8afd-3e9c24b3ea63', '98d73996-ac36-4dbd-8b6c-fa2682c421d4');
INSERT INTO public.library_task_recommendations VALUES ('9748890b-d2da-4371-b324-a6570a4d22f2', '5965c7c9-3ccc-4cd6-b382-8f1b2d413ea7', 'ff161bca-e057-4045-a3fe-708b6569ab8a');
INSERT INTO public.library_task_recommendations VALUES ('9748890b-d2da-4371-b324-a6570a4d22f2', '5965c7c9-3ccc-4cd6-b382-8f1b2d413ea7', 'd1a3a929-254a-4dbe-82b4-2c9272a8481a');
INSERT INTO public.library_task_recommendations VALUES ('9748890b-d2da-4371-b324-a6570a4d22f2', '5965c7c9-3ccc-4cd6-b382-8f1b2d413ea7', 'a033267d-7322-42c8-b011-4015d68b2bc2');
INSERT INTO public.library_task_recommendations VALUES ('9748890b-d2da-4371-b324-a6570a4d22f2', '5965c7c9-3ccc-4cd6-b382-8f1b2d413ea7', 'b9be969d-9811-4546-8494-13f95f63fa0e');
INSERT INTO public.library_task_recommendations VALUES ('9748890b-d2da-4371-b324-a6570a4d22f2', '23041379-366e-4ab2-a0db-a18b569bdafb', '8b1698a3-a055-499c-95e5-56059e3cdd89');
INSERT INTO public.library_task_recommendations VALUES ('9748890b-d2da-4371-b324-a6570a4d22f2', '23041379-366e-4ab2-a0db-a18b569bdafb', '9e21d7c7-3276-406e-951e-a710c5c3f35a');
INSERT INTO public.library_task_recommendations VALUES ('9748890b-d2da-4371-b324-a6570a4d22f2', '23041379-366e-4ab2-a0db-a18b569bdafb', '2cef1dab-d0bd-4c3c-a0b8-79ff3e67b6d1');
INSERT INTO public.library_task_recommendations VALUES ('9748890b-d2da-4371-b324-a6570a4d22f2', '23041379-366e-4ab2-a0db-a18b569bdafb', '7921b1cb-2b96-4e55-a67f-0f22af0e95cf');
INSERT INTO public.library_task_recommendations VALUES ('2ce1dddc-72d6-4fae-b639-f855171abf00', '2a4671f4-fb14-4b9f-bf4c-d45512ac0135', '9445a787-c4cb-4fb2-8a49-1b9947f55876');
INSERT INTO public.library_task_recommendations VALUES ('199ce778-1eed-4a6f-9401-3fefe1b1baac', 'd5f817c0-200a-4fc7-9738-65567b514c4c', '25ae5c04-3dab-4c7d-bf0d-2317fd997619');
INSERT INTO public.library_task_recommendations VALUES ('199ce778-1eed-4a6f-9401-3fefe1b1baac', 'f198b507-80e7-4c4d-a59b-f1f962ac3a05', '7d39bcf4-6f3d-4daa-914d-6335018fbcf8');
INSERT INTO public.library_task_recommendations VALUES ('637eba71-e353-42cc-8be8-7f40ad440514', '3bea337f-0799-4658-b0c3-c60fb79b4c13', 'fdfdc2f6-af19-413b-aacc-e0819cae5f5d');
INSERT INTO public.library_task_recommendations VALUES ('637eba71-e353-42cc-8be8-7f40ad440514', '3bea337f-0799-4658-b0c3-c60fb79b4c13', '62ca2539-c0c4-4920-aca8-60e8536e725d');
INSERT INTO public.library_task_recommendations VALUES ('637eba71-e353-42cc-8be8-7f40ad440514', '3bea337f-0799-4658-b0c3-c60fb79b4c13', '845518bd-2a56-47c7-92d7-220087939243');
INSERT INTO public.library_task_recommendations VALUES ('637eba71-e353-42cc-8be8-7f40ad440514', '3bea337f-0799-4658-b0c3-c60fb79b4c13', '7921b1cb-2b96-4e55-a67f-0f22af0e95cf');
INSERT INTO public.library_task_recommendations VALUES ('637eba71-e353-42cc-8be8-7f40ad440514', '6ef6502b-8311-4338-8785-c11f7f235ecf', '7921b1cb-2b96-4e55-a67f-0f22af0e95cf');
INSERT INTO public.library_task_recommendations VALUES ('c2fed5e6-58c5-4b6b-b299-09d617f99f39', '2a4671f4-fb14-4b9f-bf4c-d45512ac0135', '9445a787-c4cb-4fb2-8a49-1b9947f55876');
INSERT INTO public.library_task_recommendations VALUES ('c2fed5e6-58c5-4b6b-b299-09d617f99f39', '63256499-6af9-4600-8afd-3e9c24b3ea63', 'da3696b1-530b-4fc0-a624-9fbc77c26b00');
INSERT INTO public.library_task_recommendations VALUES ('c2fed5e6-58c5-4b6b-b299-09d617f99f39', '63256499-6af9-4600-8afd-3e9c24b3ea63', '8d9dc6bf-cb00-4d8d-bcfe-9aa498fc2de3');
INSERT INTO public.library_task_recommendations VALUES ('c2fed5e6-58c5-4b6b-b299-09d617f99f39', '63256499-6af9-4600-8afd-3e9c24b3ea63', '98d73996-ac36-4dbd-8b6c-fa2682c421d4');
INSERT INTO public.library_task_recommendations VALUES ('c2fed5e6-58c5-4b6b-b299-09d617f99f39', '23b011d4-4cb2-4526-9761-e247d506557a', 'd8251088-33df-44b9-8286-3e11d80645d1');
INSERT INTO public.library_task_recommendations VALUES ('4880814a-ec17-4825-8757-67d8ff7862df', '3bea337f-0799-4658-b0c3-c60fb79b4c13', 'fdfdc2f6-af19-413b-aacc-e0819cae5f5d');
INSERT INTO public.library_task_recommendations VALUES ('4880814a-ec17-4825-8757-67d8ff7862df', '3bea337f-0799-4658-b0c3-c60fb79b4c13', '62ca2539-c0c4-4920-aca8-60e8536e725d');
INSERT INTO public.library_task_recommendations VALUES ('4880814a-ec17-4825-8757-67d8ff7862df', '3bea337f-0799-4658-b0c3-c60fb79b4c13', '845518bd-2a56-47c7-92d7-220087939243');
INSERT INTO public.library_task_recommendations VALUES ('4880814a-ec17-4825-8757-67d8ff7862df', '3bea337f-0799-4658-b0c3-c60fb79b4c13', '7921b1cb-2b96-4e55-a67f-0f22af0e95cf');
INSERT INTO public.library_task_recommendations VALUES ('4880814a-ec17-4825-8757-67d8ff7862df', '6ef6502b-8311-4338-8785-c11f7f235ecf', '7921b1cb-2b96-4e55-a67f-0f22af0e95cf');
INSERT INTO public.library_task_recommendations VALUES ('88b99733-ead6-4278-917f-bc1b72442a35', '5965c7c9-3ccc-4cd6-b382-8f1b2d413ea7', 'ff161bca-e057-4045-a3fe-708b6569ab8a');
INSERT INTO public.library_task_recommendations VALUES ('88b99733-ead6-4278-917f-bc1b72442a35', '5965c7c9-3ccc-4cd6-b382-8f1b2d413ea7', 'd1a3a929-254a-4dbe-82b4-2c9272a8481a');
INSERT INTO public.library_task_recommendations VALUES ('88b99733-ead6-4278-917f-bc1b72442a35', '5965c7c9-3ccc-4cd6-b382-8f1b2d413ea7', 'a033267d-7322-42c8-b011-4015d68b2bc2');
INSERT INTO public.library_task_recommendations VALUES ('88b99733-ead6-4278-917f-bc1b72442a35', '5965c7c9-3ccc-4cd6-b382-8f1b2d413ea7', 'b9be969d-9811-4546-8494-13f95f63fa0e');
INSERT INTO public.library_task_recommendations VALUES ('1e2a329c-a413-41a4-90f3-9c2d6f3fe6b3', '5965c7c9-3ccc-4cd6-b382-8f1b2d413ea7', 'ff161bca-e057-4045-a3fe-708b6569ab8a');
INSERT INTO public.library_task_recommendations VALUES ('1e2a329c-a413-41a4-90f3-9c2d6f3fe6b3', '5965c7c9-3ccc-4cd6-b382-8f1b2d413ea7', 'd1a3a929-254a-4dbe-82b4-2c9272a8481a');
INSERT INTO public.library_task_recommendations VALUES ('1e2a329c-a413-41a4-90f3-9c2d6f3fe6b3', '5965c7c9-3ccc-4cd6-b382-8f1b2d413ea7', 'a033267d-7322-42c8-b011-4015d68b2bc2');
INSERT INTO public.library_task_recommendations VALUES ('1e2a329c-a413-41a4-90f3-9c2d6f3fe6b3', '5965c7c9-3ccc-4cd6-b382-8f1b2d413ea7', 'b9be969d-9811-4546-8494-13f95f63fa0e');
INSERT INTO public.library_task_recommendations VALUES ('1e2a329c-a413-41a4-90f3-9c2d6f3fe6b3', '63256499-6af9-4600-8afd-3e9c24b3ea63', 'da3696b1-530b-4fc0-a624-9fbc77c26b00');
INSERT INTO public.library_task_recommendations VALUES ('1e2a329c-a413-41a4-90f3-9c2d6f3fe6b3', '63256499-6af9-4600-8afd-3e9c24b3ea63', '8d9dc6bf-cb00-4d8d-bcfe-9aa498fc2de3');
INSERT INTO public.library_task_recommendations VALUES ('1e2a329c-a413-41a4-90f3-9c2d6f3fe6b3', '63256499-6af9-4600-8afd-3e9c24b3ea63', '98d73996-ac36-4dbd-8b6c-fa2682c421d4');
INSERT INTO public.library_task_recommendations VALUES ('a180f2d7-213c-4b12-8bfe-6640e4c47e98', '7cbd62ff-c094-4847-a980-ccaf6996adce', 'c8202f22-79a8-4037-b566-5c7ea9dfe935');
INSERT INTO public.library_task_recommendations VALUES ('a180f2d7-213c-4b12-8bfe-6640e4c47e98', '7cbd62ff-c094-4847-a980-ccaf6996adce', '62ca2539-c0c4-4920-aca8-60e8536e725d');
INSERT INTO public.library_task_recommendations VALUES ('a180f2d7-213c-4b12-8bfe-6640e4c47e98', '7cbd62ff-c094-4847-a980-ccaf6996adce', 'bc886bd6-602f-49d5-8508-01b987fe7ed7');
INSERT INTO public.library_task_recommendations VALUES ('a180f2d7-213c-4b12-8bfe-6640e4c47e98', '7cbd62ff-c094-4847-a980-ccaf6996adce', 'f52b676d-516e-4068-8878-050dfb32313f');
INSERT INTO public.library_task_recommendations VALUES ('a180f2d7-213c-4b12-8bfe-6640e4c47e98', '7cbd62ff-c094-4847-a980-ccaf6996adce', '4df673d5-943d-481f-83e7-cf0f0e6f7b47');
INSERT INTO public.library_task_recommendations VALUES ('a180f2d7-213c-4b12-8bfe-6640e4c47e98', '7cbd62ff-c094-4847-a980-ccaf6996adce', '7921b1cb-2b96-4e55-a67f-0f22af0e95cf');
INSERT INTO public.library_task_recommendations VALUES ('a180f2d7-213c-4b12-8bfe-6640e4c47e98', '3bea337f-0799-4658-b0c3-c60fb79b4c13', 'fdfdc2f6-af19-413b-aacc-e0819cae5f5d');
INSERT INTO public.library_task_recommendations VALUES ('a180f2d7-213c-4b12-8bfe-6640e4c47e98', '3bea337f-0799-4658-b0c3-c60fb79b4c13', '62ca2539-c0c4-4920-aca8-60e8536e725d');
INSERT INTO public.library_task_recommendations VALUES ('a180f2d7-213c-4b12-8bfe-6640e4c47e98', '3bea337f-0799-4658-b0c3-c60fb79b4c13', '845518bd-2a56-47c7-92d7-220087939243');
INSERT INTO public.library_task_recommendations VALUES ('a180f2d7-213c-4b12-8bfe-6640e4c47e98', '3bea337f-0799-4658-b0c3-c60fb79b4c13', '7921b1cb-2b96-4e55-a67f-0f22af0e95cf');
INSERT INTO public.library_task_recommendations VALUES ('a180f2d7-213c-4b12-8bfe-6640e4c47e98', '0ea0c26f-3cf4-4e2d-9e1b-b8399896bbd3', '7921b1cb-2b96-4e55-a67f-0f22af0e95cf');
INSERT INTO public.library_task_recommendations VALUES ('37a72bab-91b2-41b4-bd83-107a5a4b4951', '0db44d38-fa65-4aa5-99bd-ab4a7ec0c880', '52182601-b5ef-4526-ad02-5d63f5b75e84');
INSERT INTO public.library_task_recommendations VALUES ('37a72bab-91b2-41b4-bd83-107a5a4b4951', '0db44d38-fa65-4aa5-99bd-ab4a7ec0c880', '6f005259-0fc3-4fd2-bcf7-b2bf67d44766');
INSERT INTO public.library_task_recommendations VALUES ('37a72bab-91b2-41b4-bd83-107a5a4b4951', '0db44d38-fa65-4aa5-99bd-ab4a7ec0c880', '7921b1cb-2b96-4e55-a67f-0f22af0e95cf');
INSERT INTO public.library_task_recommendations VALUES ('37a72bab-91b2-41b4-bd83-107a5a4b4951', '1c17f15a-3933-4468-b567-3e9064fde41e', '9e21d7c7-3276-406e-951e-a710c5c3f35a');
INSERT INTO public.library_task_recommendations VALUES ('37a72bab-91b2-41b4-bd83-107a5a4b4951', '7cbd62ff-c094-4847-a980-ccaf6996adce', 'c8202f22-79a8-4037-b566-5c7ea9dfe935');
INSERT INTO public.library_task_recommendations VALUES ('37a72bab-91b2-41b4-bd83-107a5a4b4951', '7cbd62ff-c094-4847-a980-ccaf6996adce', '62ca2539-c0c4-4920-aca8-60e8536e725d');
INSERT INTO public.library_task_recommendations VALUES ('37a72bab-91b2-41b4-bd83-107a5a4b4951', '7cbd62ff-c094-4847-a980-ccaf6996adce', 'bc886bd6-602f-49d5-8508-01b987fe7ed7');
INSERT INTO public.library_task_recommendations VALUES ('37a72bab-91b2-41b4-bd83-107a5a4b4951', '7cbd62ff-c094-4847-a980-ccaf6996adce', 'f52b676d-516e-4068-8878-050dfb32313f');
INSERT INTO public.library_task_recommendations VALUES ('37a72bab-91b2-41b4-bd83-107a5a4b4951', '7cbd62ff-c094-4847-a980-ccaf6996adce', '4df673d5-943d-481f-83e7-cf0f0e6f7b47');
INSERT INTO public.library_task_recommendations VALUES ('37a72bab-91b2-41b4-bd83-107a5a4b4951', '7cbd62ff-c094-4847-a980-ccaf6996adce', '7921b1cb-2b96-4e55-a67f-0f22af0e95cf');
INSERT INTO public.library_task_recommendations VALUES ('69bfb299-4543-4292-98bd-c52d05319666', '5965c7c9-3ccc-4cd6-b382-8f1b2d413ea7', 'ff161bca-e057-4045-a3fe-708b6569ab8a');
INSERT INTO public.library_task_recommendations VALUES ('69bfb299-4543-4292-98bd-c52d05319666', '5965c7c9-3ccc-4cd6-b382-8f1b2d413ea7', 'd1a3a929-254a-4dbe-82b4-2c9272a8481a');
INSERT INTO public.library_task_recommendations VALUES ('69bfb299-4543-4292-98bd-c52d05319666', '5965c7c9-3ccc-4cd6-b382-8f1b2d413ea7', 'a033267d-7322-42c8-b011-4015d68b2bc2');
INSERT INTO public.library_task_recommendations VALUES ('69bfb299-4543-4292-98bd-c52d05319666', '5965c7c9-3ccc-4cd6-b382-8f1b2d413ea7', 'b9be969d-9811-4546-8494-13f95f63fa0e');
INSERT INTO public.library_task_recommendations VALUES ('ed0a3403-fa19-460b-b2fe-32ca0d1063e1', 'c3d364df-34a4-4606-a343-77da4f35067d', 'f42676bc-01c7-4f57-a55b-8c07b5904c56');
INSERT INTO public.library_task_recommendations VALUES ('ed0a3403-fa19-460b-b2fe-32ca0d1063e1', '94f174da-bd95-4a23-8dda-967a04ad4547', 'ddb617a0-9e06-4599-9b99-3e36e7b5ee28');
INSERT INTO public.library_task_recommendations VALUES ('ed0a3403-fa19-460b-b2fe-32ca0d1063e1', '94f174da-bd95-4a23-8dda-967a04ad4547', '712c64dd-9f74-4a8a-9dcd-3b55bfe5bb0c');
INSERT INTO public.library_task_recommendations VALUES ('ed0a3403-fa19-460b-b2fe-32ca0d1063e1', '94f174da-bd95-4a23-8dda-967a04ad4547', '1f482f5a-820b-4710-8ecf-d6a816d6e96b');
INSERT INTO public.library_task_recommendations VALUES ('ed0a3403-fa19-460b-b2fe-32ca0d1063e1', 'affd787b-1e6c-4c9d-a2d4-42d38e9c72b8', '7921b1cb-2b96-4e55-a67f-0f22af0e95cf');
INSERT INTO public.library_task_recommendations VALUES ('ed0a3403-fa19-460b-b2fe-32ca0d1063e1', '4c9a74d2-a290-416e-ad85-ea4129cceb0a', '9ad431e2-a945-4e5a-8108-64a734717dfa');
INSERT INTO public.library_task_recommendations VALUES ('ed0a3403-fa19-460b-b2fe-32ca0d1063e1', '4c9a74d2-a290-416e-ad85-ea4129cceb0a', 'c2efdade-aac5-40c6-aa29-34687d2114f3');
INSERT INTO public.library_task_recommendations VALUES ('ed0a3403-fa19-460b-b2fe-32ca0d1063e1', '4c9a74d2-a290-416e-ad85-ea4129cceb0a', '62ca2539-c0c4-4920-aca8-60e8536e725d');
INSERT INTO public.library_task_recommendations VALUES ('ed0a3403-fa19-460b-b2fe-32ca0d1063e1', '4c9a74d2-a290-416e-ad85-ea4129cceb0a', '845518bd-2a56-47c7-92d7-220087939243');
INSERT INTO public.library_task_recommendations VALUES ('ed0a3403-fa19-460b-b2fe-32ca0d1063e1', '4c9a74d2-a290-416e-ad85-ea4129cceb0a', '7921b1cb-2b96-4e55-a67f-0f22af0e95cf');
INSERT INTO public.library_task_recommendations VALUES ('7b79a1b8-fe2c-4fe5-94a0-81409c033212', '2330705c-290e-4010-9be4-62e7cb5d0477', '14652da3-051a-4ff9-b7d1-34ea9ed4be81');
INSERT INTO public.library_task_recommendations VALUES ('7b79a1b8-fe2c-4fe5-94a0-81409c033212', '2330705c-290e-4010-9be4-62e7cb5d0477', '62ca2539-c0c4-4920-aca8-60e8536e725d');
INSERT INTO public.library_task_recommendations VALUES ('7b79a1b8-fe2c-4fe5-94a0-81409c033212', '2330705c-290e-4010-9be4-62e7cb5d0477', '5224cf50-d219-4f8b-a5e3-7e652b6e648f');
INSERT INTO public.library_task_recommendations VALUES ('7b79a1b8-fe2c-4fe5-94a0-81409c033212', '225a322e-3c38-4285-ace7-da31b9ea5c41', '62ca2539-c0c4-4920-aca8-60e8536e725d');
INSERT INTO public.library_task_recommendations VALUES ('7b79a1b8-fe2c-4fe5-94a0-81409c033212', '23041379-366e-4ab2-a0db-a18b569bdafb', '8b1698a3-a055-499c-95e5-56059e3cdd89');
INSERT INTO public.library_task_recommendations VALUES ('7b79a1b8-fe2c-4fe5-94a0-81409c033212', '23041379-366e-4ab2-a0db-a18b569bdafb', '9e21d7c7-3276-406e-951e-a710c5c3f35a');
INSERT INTO public.library_task_recommendations VALUES ('7b79a1b8-fe2c-4fe5-94a0-81409c033212', '23041379-366e-4ab2-a0db-a18b569bdafb', '2cef1dab-d0bd-4c3c-a0b8-79ff3e67b6d1');
INSERT INTO public.library_task_recommendations VALUES ('7b79a1b8-fe2c-4fe5-94a0-81409c033212', '23041379-366e-4ab2-a0db-a18b569bdafb', '7921b1cb-2b96-4e55-a67f-0f22af0e95cf');
INSERT INTO public.library_task_recommendations VALUES ('7b79a1b8-fe2c-4fe5-94a0-81409c033212', '58c16421-62fc-4ce4-ac8f-7de43b475958', '62ca2539-c0c4-4920-aca8-60e8536e725d');
INSERT INTO public.library_task_recommendations VALUES ('7b79a1b8-fe2c-4fe5-94a0-81409c033212', '58c16421-62fc-4ce4-ac8f-7de43b475958', '7921b1cb-2b96-4e55-a67f-0f22af0e95cf');
INSERT INTO public.library_task_recommendations VALUES ('7b79a1b8-fe2c-4fe5-94a0-81409c033212', '87edc574-5a43-4ca7-a154-cd933b78f505', '845518bd-2a56-47c7-92d7-220087939243');
INSERT INTO public.library_task_recommendations VALUES ('450a47f4-a174-47d4-8c46-54d2fc12555f', '2330705c-290e-4010-9be4-62e7cb5d0477', '14652da3-051a-4ff9-b7d1-34ea9ed4be81');
INSERT INTO public.library_task_recommendations VALUES ('450a47f4-a174-47d4-8c46-54d2fc12555f', '2330705c-290e-4010-9be4-62e7cb5d0477', '62ca2539-c0c4-4920-aca8-60e8536e725d');
INSERT INTO public.library_task_recommendations VALUES ('450a47f4-a174-47d4-8c46-54d2fc12555f', '2330705c-290e-4010-9be4-62e7cb5d0477', '5224cf50-d219-4f8b-a5e3-7e652b6e648f');
INSERT INTO public.library_task_recommendations VALUES ('450a47f4-a174-47d4-8c46-54d2fc12555f', '9a389c13-b759-461c-91e1-4b9841c22463', '62ca2539-c0c4-4920-aca8-60e8536e725d');
INSERT INTO public.library_task_recommendations VALUES ('450a47f4-a174-47d4-8c46-54d2fc12555f', '9a389c13-b759-461c-91e1-4b9841c22463', '7921b1cb-2b96-4e55-a67f-0f22af0e95cf');
INSERT INTO public.library_task_recommendations VALUES ('450a47f4-a174-47d4-8c46-54d2fc12555f', 'd80218dc-ca1b-4faa-b318-d9974e8ff728', '59052adf-ceb6-48af-9884-751a9cc07903');
INSERT INTO public.library_task_recommendations VALUES ('450a47f4-a174-47d4-8c46-54d2fc12555f', 'b9b412f5-ba59-4a22-bb4e-986489b88684', '0899d101-6a06-41f4-910e-1fbba2de1458');
INSERT INTO public.library_task_recommendations VALUES ('450a47f4-a174-47d4-8c46-54d2fc12555f', 'b9b412f5-ba59-4a22-bb4e-986489b88684', '730d586c-f9fc-48c2-bab9-018e5474b81c');
INSERT INTO public.library_task_recommendations VALUES ('450a47f4-a174-47d4-8c46-54d2fc12555f', 'b9b412f5-ba59-4a22-bb4e-986489b88684', '9445a787-c4cb-4fb2-8a49-1b9947f55876');
INSERT INTO public.library_task_recommendations VALUES ('450a47f4-a174-47d4-8c46-54d2fc12555f', '4c9a74d2-a290-416e-ad85-ea4129cceb0a', '9ad431e2-a945-4e5a-8108-64a734717dfa');
INSERT INTO public.library_task_recommendations VALUES ('450a47f4-a174-47d4-8c46-54d2fc12555f', '4c9a74d2-a290-416e-ad85-ea4129cceb0a', 'c2efdade-aac5-40c6-aa29-34687d2114f3');
INSERT INTO public.library_task_recommendations VALUES ('450a47f4-a174-47d4-8c46-54d2fc12555f', '4c9a74d2-a290-416e-ad85-ea4129cceb0a', '62ca2539-c0c4-4920-aca8-60e8536e725d');
INSERT INTO public.library_task_recommendations VALUES ('450a47f4-a174-47d4-8c46-54d2fc12555f', '4c9a74d2-a290-416e-ad85-ea4129cceb0a', '845518bd-2a56-47c7-92d7-220087939243');
INSERT INTO public.library_task_recommendations VALUES ('450a47f4-a174-47d4-8c46-54d2fc12555f', '4c9a74d2-a290-416e-ad85-ea4129cceb0a', '7921b1cb-2b96-4e55-a67f-0f22af0e95cf');
INSERT INTO public.library_task_recommendations VALUES ('450a47f4-a174-47d4-8c46-54d2fc12555f', '23b011d4-4cb2-4526-9761-e247d506557a', 'd8251088-33df-44b9-8286-3e11d80645d1');
INSERT INTO public.library_task_recommendations VALUES ('8d379ebc-493e-48ab-a519-a201359d0ad7', '23041379-366e-4ab2-a0db-a18b569bdafb', '8b1698a3-a055-499c-95e5-56059e3cdd89');
INSERT INTO public.library_task_recommendations VALUES ('8d379ebc-493e-48ab-a519-a201359d0ad7', '23041379-366e-4ab2-a0db-a18b569bdafb', '9e21d7c7-3276-406e-951e-a710c5c3f35a');
INSERT INTO public.library_task_recommendations VALUES ('8d379ebc-493e-48ab-a519-a201359d0ad7', '23041379-366e-4ab2-a0db-a18b569bdafb', '2cef1dab-d0bd-4c3c-a0b8-79ff3e67b6d1');
INSERT INTO public.library_task_recommendations VALUES ('8d379ebc-493e-48ab-a519-a201359d0ad7', '23041379-366e-4ab2-a0db-a18b569bdafb', '7921b1cb-2b96-4e55-a67f-0f22af0e95cf');
INSERT INTO public.library_task_recommendations VALUES ('8d379ebc-493e-48ab-a519-a201359d0ad7', '58c16421-62fc-4ce4-ac8f-7de43b475958', '62ca2539-c0c4-4920-aca8-60e8536e725d');
INSERT INTO public.library_task_recommendations VALUES ('8d379ebc-493e-48ab-a519-a201359d0ad7', '58c16421-62fc-4ce4-ac8f-7de43b475958', '7921b1cb-2b96-4e55-a67f-0f22af0e95cf');
INSERT INTO public.library_task_recommendations VALUES ('8d379ebc-493e-48ab-a519-a201359d0ad7', '7a6c1a11-c920-406f-be16-29781269b581', '5ad9c296-febb-41b1-bd83-c21910101a10');
INSERT INTO public.library_task_recommendations VALUES ('3dc04aa4-58b9-40b2-a34b-bb3c59d91120', '444fc4b3-3b98-4b08-abbe-dbb799903c4c', '33e934a7-c837-4a28-b896-9e4612a6c810');
INSERT INTO public.library_task_recommendations VALUES ('3dc04aa4-58b9-40b2-a34b-bb3c59d91120', '444fc4b3-3b98-4b08-abbe-dbb799903c4c', '09cf14aa-3069-469a-ae4a-d2bb7e50d767');
INSERT INTO public.library_task_recommendations VALUES ('3dc04aa4-58b9-40b2-a34b-bb3c59d91120', '444fc4b3-3b98-4b08-abbe-dbb799903c4c', '5d06c932-2434-4990-8609-45afc42f9864');
INSERT INTO public.library_task_recommendations VALUES ('3dc04aa4-58b9-40b2-a34b-bb3c59d91120', '444fc4b3-3b98-4b08-abbe-dbb799903c4c', '7921b1cb-2b96-4e55-a67f-0f22af0e95cf');
INSERT INTO public.library_task_recommendations VALUES ('3dc04aa4-58b9-40b2-a34b-bb3c59d91120', 'd5f817c0-200a-4fc7-9738-65567b514c4c', '25ae5c04-3dab-4c7d-bf0d-2317fd997619');
INSERT INTO public.library_task_recommendations VALUES ('3dc04aa4-58b9-40b2-a34b-bb3c59d91120', '2a4671f4-fb14-4b9f-bf4c-d45512ac0135', '9445a787-c4cb-4fb2-8a49-1b9947f55876');
INSERT INTO public.library_task_recommendations VALUES ('3dc04aa4-58b9-40b2-a34b-bb3c59d91120', '7cbd62ff-c094-4847-a980-ccaf6996adce', 'c8202f22-79a8-4037-b566-5c7ea9dfe935');
INSERT INTO public.library_task_recommendations VALUES ('3dc04aa4-58b9-40b2-a34b-bb3c59d91120', '7cbd62ff-c094-4847-a980-ccaf6996adce', '62ca2539-c0c4-4920-aca8-60e8536e725d');
INSERT INTO public.library_task_recommendations VALUES ('3dc04aa4-58b9-40b2-a34b-bb3c59d91120', '7cbd62ff-c094-4847-a980-ccaf6996adce', 'bc886bd6-602f-49d5-8508-01b987fe7ed7');
INSERT INTO public.library_task_recommendations VALUES ('3dc04aa4-58b9-40b2-a34b-bb3c59d91120', '7cbd62ff-c094-4847-a980-ccaf6996adce', 'f52b676d-516e-4068-8878-050dfb32313f');
INSERT INTO public.library_task_recommendations VALUES ('3dc04aa4-58b9-40b2-a34b-bb3c59d91120', '7cbd62ff-c094-4847-a980-ccaf6996adce', '4df673d5-943d-481f-83e7-cf0f0e6f7b47');
INSERT INTO public.library_task_recommendations VALUES ('3dc04aa4-58b9-40b2-a34b-bb3c59d91120', '7cbd62ff-c094-4847-a980-ccaf6996adce', '7921b1cb-2b96-4e55-a67f-0f22af0e95cf');
INSERT INTO public.library_task_recommendations VALUES ('3dc04aa4-58b9-40b2-a34b-bb3c59d91120', '4c9a74d2-a290-416e-ad85-ea4129cceb0a', '9ad431e2-a945-4e5a-8108-64a734717dfa');
INSERT INTO public.library_task_recommendations VALUES ('3dc04aa4-58b9-40b2-a34b-bb3c59d91120', '4c9a74d2-a290-416e-ad85-ea4129cceb0a', 'c2efdade-aac5-40c6-aa29-34687d2114f3');
INSERT INTO public.library_task_recommendations VALUES ('3dc04aa4-58b9-40b2-a34b-bb3c59d91120', '4c9a74d2-a290-416e-ad85-ea4129cceb0a', '62ca2539-c0c4-4920-aca8-60e8536e725d');
INSERT INTO public.library_task_recommendations VALUES ('3dc04aa4-58b9-40b2-a34b-bb3c59d91120', '4c9a74d2-a290-416e-ad85-ea4129cceb0a', '845518bd-2a56-47c7-92d7-220087939243');
INSERT INTO public.library_task_recommendations VALUES ('3dc04aa4-58b9-40b2-a34b-bb3c59d91120', '4c9a74d2-a290-416e-ad85-ea4129cceb0a', '7921b1cb-2b96-4e55-a67f-0f22af0e95cf');
INSERT INTO public.library_task_recommendations VALUES ('c7f383d0-c01e-43fc-8d62-c262862aca69', '5bd09b75-9bc3-4afa-9cf4-012c4efe0dbe', 'b9be969d-9811-4546-8494-13f95f63fa0e');
INSERT INTO public.library_task_recommendations VALUES ('c7f383d0-c01e-43fc-8d62-c262862aca69', 'ab2071b5-e299-454a-adf0-f42ac141c936', 'b9be969d-9811-4546-8494-13f95f63fa0e');
INSERT INTO public.library_task_recommendations VALUES ('c7f383d0-c01e-43fc-8d62-c262862aca69', '34b2d6ee-34b7-4a62-bed5-2dda4e0ca0cf', '845518bd-2a56-47c7-92d7-220087939243');
INSERT INTO public.library_task_recommendations VALUES ('c7f383d0-c01e-43fc-8d62-c262862aca69', '34b2d6ee-34b7-4a62-bed5-2dda4e0ca0cf', '7921b1cb-2b96-4e55-a67f-0f22af0e95cf');
INSERT INTO public.library_task_recommendations VALUES ('48253a67-cad2-4fe0-bce8-9089465936e0', '24277cc9-c07c-40cb-916a-6fc7fb42909a', '53a4afff-cfd5-4b30-89af-3d875f62722a');
INSERT INTO public.library_task_recommendations VALUES ('48253a67-cad2-4fe0-bce8-9089465936e0', '63256499-6af9-4600-8afd-3e9c24b3ea63', 'da3696b1-530b-4fc0-a624-9fbc77c26b00');
INSERT INTO public.library_task_recommendations VALUES ('48253a67-cad2-4fe0-bce8-9089465936e0', '63256499-6af9-4600-8afd-3e9c24b3ea63', '8d9dc6bf-cb00-4d8d-bcfe-9aa498fc2de3');
INSERT INTO public.library_task_recommendations VALUES ('48253a67-cad2-4fe0-bce8-9089465936e0', '63256499-6af9-4600-8afd-3e9c24b3ea63', '98d73996-ac36-4dbd-8b6c-fa2682c421d4');
INSERT INTO public.library_task_recommendations VALUES ('48253a67-cad2-4fe0-bce8-9089465936e0', 'bcb1b595-592c-4cd0-9da1-4c4e49fbf062', '42c7d15f-00c4-49cc-bcce-7e58927d09b6');
INSERT INTO public.library_task_recommendations VALUES ('48253a67-cad2-4fe0-bce8-9089465936e0', 'bcb1b595-592c-4cd0-9da1-4c4e49fbf062', '7921b1cb-2b96-4e55-a67f-0f22af0e95cf');
INSERT INTO public.library_task_recommendations VALUES ('48253a67-cad2-4fe0-bce8-9089465936e0', 'be591329-a272-4e0f-8277-98df369fc821', '359a02e2-7330-4175-a5b6-ef918e7d4158');
INSERT INTO public.library_task_recommendations VALUES ('48253a67-cad2-4fe0-bce8-9089465936e0', '29ba89ae-b023-4799-a333-acce29102862', '5ddd6a21-1f39-45fc-af9d-1dc783eba9a5');
INSERT INTO public.library_task_recommendations VALUES ('48253a67-cad2-4fe0-bce8-9089465936e0', '23b011d4-4cb2-4526-9761-e247d506557a', 'd8251088-33df-44b9-8286-3e11d80645d1');
INSERT INTO public.library_task_recommendations VALUES ('66ef2d32-22fe-4a07-8d6c-2dde41a9df50', '63256499-6af9-4600-8afd-3e9c24b3ea63', 'da3696b1-530b-4fc0-a624-9fbc77c26b00');
INSERT INTO public.library_task_recommendations VALUES ('66ef2d32-22fe-4a07-8d6c-2dde41a9df50', '63256499-6af9-4600-8afd-3e9c24b3ea63', '8d9dc6bf-cb00-4d8d-bcfe-9aa498fc2de3');
INSERT INTO public.library_task_recommendations VALUES ('66ef2d32-22fe-4a07-8d6c-2dde41a9df50', '63256499-6af9-4600-8afd-3e9c24b3ea63', '98d73996-ac36-4dbd-8b6c-fa2682c421d4');
INSERT INTO public.library_task_recommendations VALUES ('66ef2d32-22fe-4a07-8d6c-2dde41a9df50', 'd5f817c0-200a-4fc7-9738-65567b514c4c', '25ae5c04-3dab-4c7d-bf0d-2317fd997619');
INSERT INTO public.library_task_recommendations VALUES ('66ef2d32-22fe-4a07-8d6c-2dde41a9df50', 'b8130b46-bc9d-43f9-8749-6e1f4d9cd4ed', '0899d101-6a06-41f4-910e-1fbba2de1458');
INSERT INTO public.library_task_recommendations VALUES ('66ef2d32-22fe-4a07-8d6c-2dde41a9df50', 'b8130b46-bc9d-43f9-8749-6e1f4d9cd4ed', 'cf25cc91-be50-4117-aced-c8a8f83db846');
INSERT INTO public.library_task_recommendations VALUES ('66ef2d32-22fe-4a07-8d6c-2dde41a9df50', 'b9b412f5-ba59-4a22-bb4e-986489b88684', '0899d101-6a06-41f4-910e-1fbba2de1458');
INSERT INTO public.library_task_recommendations VALUES ('66ef2d32-22fe-4a07-8d6c-2dde41a9df50', 'b9b412f5-ba59-4a22-bb4e-986489b88684', '730d586c-f9fc-48c2-bab9-018e5474b81c');
INSERT INTO public.library_task_recommendations VALUES ('66ef2d32-22fe-4a07-8d6c-2dde41a9df50', 'b9b412f5-ba59-4a22-bb4e-986489b88684', '9445a787-c4cb-4fb2-8a49-1b9947f55876');
INSERT INTO public.library_task_recommendations VALUES ('8e0a24ec-0575-4a33-a4bd-ff1795b390f3', '05c466d4-af6b-4405-96e1-53dbea5d5b5a', '9445a787-c4cb-4fb2-8a49-1b9947f55876');
INSERT INTO public.library_task_recommendations VALUES ('8e0a24ec-0575-4a33-a4bd-ff1795b390f3', '05c466d4-af6b-4405-96e1-53dbea5d5b5a', '48319073-8386-49c9-9bab-735def7b1872');
INSERT INTO public.library_task_recommendations VALUES ('8e0a24ec-0575-4a33-a4bd-ff1795b390f3', '5c1433af-833d-46c2-8343-c1681aa8274e', '730d586c-f9fc-48c2-bab9-018e5474b81c');
INSERT INTO public.library_task_recommendations VALUES ('27a4547a-3167-4087-be03-cc7568097936', 'f198b507-80e7-4c4d-a59b-f1f962ac3a05', '7d39bcf4-6f3d-4daa-914d-6335018fbcf8');
INSERT INTO public.library_task_recommendations VALUES ('27a4547a-3167-4087-be03-cc7568097936', 'd5f817c0-200a-4fc7-9738-65567b514c4c', '25ae5c04-3dab-4c7d-bf0d-2317fd997619');
INSERT INTO public.library_task_recommendations VALUES ('27a4547a-3167-4087-be03-cc7568097936', '94f174da-bd95-4a23-8dda-967a04ad4547', 'ddb617a0-9e06-4599-9b99-3e36e7b5ee28');
INSERT INTO public.library_task_recommendations VALUES ('27a4547a-3167-4087-be03-cc7568097936', '94f174da-bd95-4a23-8dda-967a04ad4547', '712c64dd-9f74-4a8a-9dcd-3b55bfe5bb0c');
INSERT INTO public.library_task_recommendations VALUES ('27a4547a-3167-4087-be03-cc7568097936', '94f174da-bd95-4a23-8dda-967a04ad4547', '1f482f5a-820b-4710-8ecf-d6a816d6e96b');
INSERT INTO public.library_task_recommendations VALUES ('9ef25e64-91ba-430d-9e24-e0d6f9ad561b', '98c1f174-ca8d-4c5a-98d7-827ebfc2a1c8', '610c3314-762f-4985-9701-6cfe44059cd8');
INSERT INTO public.library_task_recommendations VALUES ('9ef25e64-91ba-430d-9e24-e0d6f9ad561b', '0c5901fb-896e-4c1b-bc13-013edb2bb538', '53a4afff-cfd5-4b30-89af-3d875f62722a');
INSERT INTO public.library_task_recommendations VALUES ('9ef25e64-91ba-430d-9e24-e0d6f9ad561b', '23b011d4-4cb2-4526-9761-e247d506557a', 'd8251088-33df-44b9-8286-3e11d80645d1');
INSERT INTO public.library_task_recommendations VALUES ('22232ece-c66b-45db-9dd1-162c3c92d017', '4774d7dc-c7a0-4bd5-a2b0-66fa7159859a', '53a4afff-cfd5-4b30-89af-3d875f62722a');
INSERT INTO public.library_task_recommendations VALUES ('22232ece-c66b-45db-9dd1-162c3c92d017', 'ab3e8daf-b193-47fb-9beb-d6b399d4f775', '8241c09d-c55b-4953-984e-ca6ca8154098');
INSERT INTO public.library_task_recommendations VALUES ('22232ece-c66b-45db-9dd1-162c3c92d017', 'ab3e8daf-b193-47fb-9beb-d6b399d4f775', '8358a4b3-7972-441d-918f-dbdb6b8a836f');
INSERT INTO public.library_task_recommendations VALUES ('22232ece-c66b-45db-9dd1-162c3c92d017', '23b011d4-4cb2-4526-9761-e247d506557a', 'd8251088-33df-44b9-8286-3e11d80645d1');
INSERT INTO public.library_task_recommendations VALUES ('d280ee9d-ad2d-4a83-8af8-f61bca0a7057', '5075adf0-dc06-485a-9943-113e770334c1', '730d586c-f9fc-48c2-bab9-018e5474b81c');
INSERT INTO public.library_task_recommendations VALUES ('d280ee9d-ad2d-4a83-8af8-f61bca0a7057', '8367b17d-af49-4c8b-acfb-535b72fc0b8f', '253829fa-56ea-40a7-a938-cceee82cd7d6');
INSERT INTO public.library_task_recommendations VALUES ('d280ee9d-ad2d-4a83-8af8-f61bca0a7057', 'f198b507-80e7-4c4d-a59b-f1f962ac3a05', '7d39bcf4-6f3d-4daa-914d-6335018fbcf8');
INSERT INTO public.library_task_recommendations VALUES ('d280ee9d-ad2d-4a83-8af8-f61bca0a7057', 'affd787b-1e6c-4c9d-a2d4-42d38e9c72b8', '7921b1cb-2b96-4e55-a67f-0f22af0e95cf');
INSERT INTO public.library_task_recommendations VALUES ('422df780-6c14-4321-8525-32853c93b712', 'a6223133-ffa9-462c-abff-b0e109fc171b', '8b781386-e309-44d5-9b8d-35230f80119a');
INSERT INTO public.library_task_recommendations VALUES ('422df780-6c14-4321-8525-32853c93b712', 'a6223133-ffa9-462c-abff-b0e109fc171b', '23d96813-1901-4a25-b6d7-5579a2799a10');
INSERT INTO public.library_task_recommendations VALUES ('a1b21057-f86f-466a-bdce-1a2fafc4bfdd', 'a6223133-ffa9-462c-abff-b0e109fc171b', '8b781386-e309-44d5-9b8d-35230f80119a');
INSERT INTO public.library_task_recommendations VALUES ('a1b21057-f86f-466a-bdce-1a2fafc4bfdd', 'a6223133-ffa9-462c-abff-b0e109fc171b', '23d96813-1901-4a25-b6d7-5579a2799a10');
INSERT INTO public.library_task_recommendations VALUES ('a1b21057-f86f-466a-bdce-1a2fafc4bfdd', '63256499-6af9-4600-8afd-3e9c24b3ea63', 'da3696b1-530b-4fc0-a624-9fbc77c26b00');
INSERT INTO public.library_task_recommendations VALUES ('a1b21057-f86f-466a-bdce-1a2fafc4bfdd', '63256499-6af9-4600-8afd-3e9c24b3ea63', '8d9dc6bf-cb00-4d8d-bcfe-9aa498fc2de3');
INSERT INTO public.library_task_recommendations VALUES ('a1b21057-f86f-466a-bdce-1a2fafc4bfdd', '63256499-6af9-4600-8afd-3e9c24b3ea63', '98d73996-ac36-4dbd-8b6c-fa2682c421d4');
INSERT INTO public.library_task_recommendations VALUES ('20758fec-c71a-4954-b1fa-6284e6782afc', '2330705c-290e-4010-9be4-62e7cb5d0477', '14652da3-051a-4ff9-b7d1-34ea9ed4be81');
INSERT INTO public.library_task_recommendations VALUES ('20758fec-c71a-4954-b1fa-6284e6782afc', '2330705c-290e-4010-9be4-62e7cb5d0477', '62ca2539-c0c4-4920-aca8-60e8536e725d');
INSERT INTO public.library_task_recommendations VALUES ('20758fec-c71a-4954-b1fa-6284e6782afc', '2330705c-290e-4010-9be4-62e7cb5d0477', '5224cf50-d219-4f8b-a5e3-7e652b6e648f');
INSERT INTO public.library_task_recommendations VALUES ('20758fec-c71a-4954-b1fa-6284e6782afc', 'b8ad2b92-18e3-4ba4-a833-cbad42648f0b', '7921b1cb-2b96-4e55-a67f-0f22af0e95cf');
INSERT INTO public.library_task_recommendations VALUES ('20758fec-c71a-4954-b1fa-6284e6782afc', '3bea337f-0799-4658-b0c3-c60fb79b4c13', 'fdfdc2f6-af19-413b-aacc-e0819cae5f5d');
INSERT INTO public.library_task_recommendations VALUES ('20758fec-c71a-4954-b1fa-6284e6782afc', '3bea337f-0799-4658-b0c3-c60fb79b4c13', '62ca2539-c0c4-4920-aca8-60e8536e725d');
INSERT INTO public.library_task_recommendations VALUES ('20758fec-c71a-4954-b1fa-6284e6782afc', '3bea337f-0799-4658-b0c3-c60fb79b4c13', '845518bd-2a56-47c7-92d7-220087939243');
INSERT INTO public.library_task_recommendations VALUES ('20758fec-c71a-4954-b1fa-6284e6782afc', '3bea337f-0799-4658-b0c3-c60fb79b4c13', '7921b1cb-2b96-4e55-a67f-0f22af0e95cf');
INSERT INTO public.library_task_recommendations VALUES ('20758fec-c71a-4954-b1fa-6284e6782afc', '7cbd62ff-c094-4847-a980-ccaf6996adce', 'c8202f22-79a8-4037-b566-5c7ea9dfe935');
INSERT INTO public.library_task_recommendations VALUES ('20758fec-c71a-4954-b1fa-6284e6782afc', '7cbd62ff-c094-4847-a980-ccaf6996adce', '62ca2539-c0c4-4920-aca8-60e8536e725d');
INSERT INTO public.library_task_recommendations VALUES ('20758fec-c71a-4954-b1fa-6284e6782afc', '7cbd62ff-c094-4847-a980-ccaf6996adce', 'bc886bd6-602f-49d5-8508-01b987fe7ed7');
INSERT INTO public.library_task_recommendations VALUES ('20758fec-c71a-4954-b1fa-6284e6782afc', '7cbd62ff-c094-4847-a980-ccaf6996adce', 'f52b676d-516e-4068-8878-050dfb32313f');
INSERT INTO public.library_task_recommendations VALUES ('20758fec-c71a-4954-b1fa-6284e6782afc', '7cbd62ff-c094-4847-a980-ccaf6996adce', '4df673d5-943d-481f-83e7-cf0f0e6f7b47');
INSERT INTO public.library_task_recommendations VALUES ('20758fec-c71a-4954-b1fa-6284e6782afc', '7cbd62ff-c094-4847-a980-ccaf6996adce', '7921b1cb-2b96-4e55-a67f-0f22af0e95cf');
INSERT INTO public.library_task_recommendations VALUES ('13973c9b-95e5-424c-b2ca-930682b57cbd', '2330705c-290e-4010-9be4-62e7cb5d0477', '14652da3-051a-4ff9-b7d1-34ea9ed4be81');
INSERT INTO public.library_task_recommendations VALUES ('13973c9b-95e5-424c-b2ca-930682b57cbd', '2330705c-290e-4010-9be4-62e7cb5d0477', '62ca2539-c0c4-4920-aca8-60e8536e725d');
INSERT INTO public.library_task_recommendations VALUES ('13973c9b-95e5-424c-b2ca-930682b57cbd', '2330705c-290e-4010-9be4-62e7cb5d0477', '5224cf50-d219-4f8b-a5e3-7e652b6e648f');
INSERT INTO public.library_task_recommendations VALUES ('13973c9b-95e5-424c-b2ca-930682b57cbd', 'b8ad2b92-18e3-4ba4-a833-cbad42648f0b', '7921b1cb-2b96-4e55-a67f-0f22af0e95cf');
INSERT INTO public.library_task_recommendations VALUES ('13973c9b-95e5-424c-b2ca-930682b57cbd', '3bea337f-0799-4658-b0c3-c60fb79b4c13', 'fdfdc2f6-af19-413b-aacc-e0819cae5f5d');
INSERT INTO public.library_task_recommendations VALUES ('13973c9b-95e5-424c-b2ca-930682b57cbd', '3bea337f-0799-4658-b0c3-c60fb79b4c13', '62ca2539-c0c4-4920-aca8-60e8536e725d');
INSERT INTO public.library_task_recommendations VALUES ('13973c9b-95e5-424c-b2ca-930682b57cbd', '3bea337f-0799-4658-b0c3-c60fb79b4c13', '845518bd-2a56-47c7-92d7-220087939243');
INSERT INTO public.library_task_recommendations VALUES ('13973c9b-95e5-424c-b2ca-930682b57cbd', '3bea337f-0799-4658-b0c3-c60fb79b4c13', '7921b1cb-2b96-4e55-a67f-0f22af0e95cf');
INSERT INTO public.library_task_recommendations VALUES ('13973c9b-95e5-424c-b2ca-930682b57cbd', '7cbd62ff-c094-4847-a980-ccaf6996adce', 'c8202f22-79a8-4037-b566-5c7ea9dfe935');
INSERT INTO public.library_task_recommendations VALUES ('13973c9b-95e5-424c-b2ca-930682b57cbd', '7cbd62ff-c094-4847-a980-ccaf6996adce', '62ca2539-c0c4-4920-aca8-60e8536e725d');
INSERT INTO public.library_task_recommendations VALUES ('13973c9b-95e5-424c-b2ca-930682b57cbd', '7cbd62ff-c094-4847-a980-ccaf6996adce', 'bc886bd6-602f-49d5-8508-01b987fe7ed7');
INSERT INTO public.library_task_recommendations VALUES ('13973c9b-95e5-424c-b2ca-930682b57cbd', '7cbd62ff-c094-4847-a980-ccaf6996adce', 'f52b676d-516e-4068-8878-050dfb32313f');
INSERT INTO public.library_task_recommendations VALUES ('13973c9b-95e5-424c-b2ca-930682b57cbd', '7cbd62ff-c094-4847-a980-ccaf6996adce', '4df673d5-943d-481f-83e7-cf0f0e6f7b47');
INSERT INTO public.library_task_recommendations VALUES ('13973c9b-95e5-424c-b2ca-930682b57cbd', '7cbd62ff-c094-4847-a980-ccaf6996adce', '7921b1cb-2b96-4e55-a67f-0f22af0e95cf');
INSERT INTO public.library_task_recommendations VALUES ('a6c64af7-4968-452e-9501-b2b1f050cbf6', '2330705c-290e-4010-9be4-62e7cb5d0477', '14652da3-051a-4ff9-b7d1-34ea9ed4be81');
INSERT INTO public.library_task_recommendations VALUES ('a6c64af7-4968-452e-9501-b2b1f050cbf6', '2330705c-290e-4010-9be4-62e7cb5d0477', '62ca2539-c0c4-4920-aca8-60e8536e725d');
INSERT INTO public.library_task_recommendations VALUES ('a6c64af7-4968-452e-9501-b2b1f050cbf6', '2330705c-290e-4010-9be4-62e7cb5d0477', '5224cf50-d219-4f8b-a5e3-7e652b6e648f');
INSERT INTO public.library_task_recommendations VALUES ('a6c64af7-4968-452e-9501-b2b1f050cbf6', '225a322e-3c38-4285-ace7-da31b9ea5c41', '62ca2539-c0c4-4920-aca8-60e8536e725d');
INSERT INTO public.library_task_recommendations VALUES ('a6c64af7-4968-452e-9501-b2b1f050cbf6', '58c16421-62fc-4ce4-ac8f-7de43b475958', '62ca2539-c0c4-4920-aca8-60e8536e725d');
INSERT INTO public.library_task_recommendations VALUES ('a6c64af7-4968-452e-9501-b2b1f050cbf6', '58c16421-62fc-4ce4-ac8f-7de43b475958', '7921b1cb-2b96-4e55-a67f-0f22af0e95cf');
INSERT INTO public.library_task_recommendations VALUES ('a6c64af7-4968-452e-9501-b2b1f050cbf6', '655f79c5-8455-416d-8dfb-b286b485a653', '845518bd-2a56-47c7-92d7-220087939243');
INSERT INTO public.library_task_recommendations VALUES ('4609fbd4-c55b-4cdc-9302-7c0a8794643f', '02a3567f-833e-46a4-8d62-89603dad2f65', '00cf6e41-877a-480a-974a-7eea86e66486');
INSERT INTO public.library_task_recommendations VALUES ('4609fbd4-c55b-4cdc-9302-7c0a8794643f', '94f174da-bd95-4a23-8dda-967a04ad4547', 'ddb617a0-9e06-4599-9b99-3e36e7b5ee28');
INSERT INTO public.library_task_recommendations VALUES ('4609fbd4-c55b-4cdc-9302-7c0a8794643f', '94f174da-bd95-4a23-8dda-967a04ad4547', '712c64dd-9f74-4a8a-9dcd-3b55bfe5bb0c');
INSERT INTO public.library_task_recommendations VALUES ('4609fbd4-c55b-4cdc-9302-7c0a8794643f', '94f174da-bd95-4a23-8dda-967a04ad4547', '1f482f5a-820b-4710-8ecf-d6a816d6e96b');
INSERT INTO public.library_task_recommendations VALUES ('4609fbd4-c55b-4cdc-9302-7c0a8794643f', '4c9a74d2-a290-416e-ad85-ea4129cceb0a', '9ad431e2-a945-4e5a-8108-64a734717dfa');
INSERT INTO public.library_task_recommendations VALUES ('4609fbd4-c55b-4cdc-9302-7c0a8794643f', '4c9a74d2-a290-416e-ad85-ea4129cceb0a', 'c2efdade-aac5-40c6-aa29-34687d2114f3');
INSERT INTO public.library_task_recommendations VALUES ('4609fbd4-c55b-4cdc-9302-7c0a8794643f', '4c9a74d2-a290-416e-ad85-ea4129cceb0a', '62ca2539-c0c4-4920-aca8-60e8536e725d');
INSERT INTO public.library_task_recommendations VALUES ('4609fbd4-c55b-4cdc-9302-7c0a8794643f', '4c9a74d2-a290-416e-ad85-ea4129cceb0a', '845518bd-2a56-47c7-92d7-220087939243');
INSERT INTO public.library_task_recommendations VALUES ('4609fbd4-c55b-4cdc-9302-7c0a8794643f', '4c9a74d2-a290-416e-ad85-ea4129cceb0a', '7921b1cb-2b96-4e55-a67f-0f22af0e95cf');
INSERT INTO public.library_task_recommendations VALUES ('4609fbd4-c55b-4cdc-9302-7c0a8794643f', '971151da-656d-437d-a10a-eba7e4003cff', '7bd1b8f8-020a-46bd-bff0-d4fba5910cac');
INSERT INTO public.library_task_recommendations VALUES ('9d9464e3-c15d-4653-b2dc-25959015bb61', 'fa5af647-023e-4036-ae46-eea36569a010', '730d586c-f9fc-48c2-bab9-018e5474b81c');
INSERT INTO public.library_task_recommendations VALUES ('9d9464e3-c15d-4653-b2dc-25959015bb61', '7cbd62ff-c094-4847-a980-ccaf6996adce', 'c8202f22-79a8-4037-b566-5c7ea9dfe935');
INSERT INTO public.library_task_recommendations VALUES ('9d9464e3-c15d-4653-b2dc-25959015bb61', '7cbd62ff-c094-4847-a980-ccaf6996adce', '62ca2539-c0c4-4920-aca8-60e8536e725d');
INSERT INTO public.library_task_recommendations VALUES ('9d9464e3-c15d-4653-b2dc-25959015bb61', '7cbd62ff-c094-4847-a980-ccaf6996adce', 'bc886bd6-602f-49d5-8508-01b987fe7ed7');
INSERT INTO public.library_task_recommendations VALUES ('9d9464e3-c15d-4653-b2dc-25959015bb61', '7cbd62ff-c094-4847-a980-ccaf6996adce', 'f52b676d-516e-4068-8878-050dfb32313f');
INSERT INTO public.library_task_recommendations VALUES ('9d9464e3-c15d-4653-b2dc-25959015bb61', '7cbd62ff-c094-4847-a980-ccaf6996adce', '4df673d5-943d-481f-83e7-cf0f0e6f7b47');
INSERT INTO public.library_task_recommendations VALUES ('9d9464e3-c15d-4653-b2dc-25959015bb61', '7cbd62ff-c094-4847-a980-ccaf6996adce', '7921b1cb-2b96-4e55-a67f-0f22af0e95cf');
INSERT INTO public.library_task_recommendations VALUES ('9d9464e3-c15d-4653-b2dc-25959015bb61', 'f198b507-80e7-4c4d-a59b-f1f962ac3a05', '7d39bcf4-6f3d-4daa-914d-6335018fbcf8');
INSERT INTO public.library_task_recommendations VALUES ('23631748-7c0c-48f0-b0f8-e7e7bc676c18', '1720b10f-c28e-4f56-aea1-ca63db3166cf', '730d586c-f9fc-48c2-bab9-018e5474b81c');
INSERT INTO public.library_task_recommendations VALUES ('23631748-7c0c-48f0-b0f8-e7e7bc676c18', '2a4671f4-fb14-4b9f-bf4c-d45512ac0135', '9445a787-c4cb-4fb2-8a49-1b9947f55876');
INSERT INTO public.library_task_recommendations VALUES ('23631748-7c0c-48f0-b0f8-e7e7bc676c18', '94f174da-bd95-4a23-8dda-967a04ad4547', 'ddb617a0-9e06-4599-9b99-3e36e7b5ee28');
INSERT INTO public.library_task_recommendations VALUES ('23631748-7c0c-48f0-b0f8-e7e7bc676c18', '94f174da-bd95-4a23-8dda-967a04ad4547', '712c64dd-9f74-4a8a-9dcd-3b55bfe5bb0c');
INSERT INTO public.library_task_recommendations VALUES ('23631748-7c0c-48f0-b0f8-e7e7bc676c18', '94f174da-bd95-4a23-8dda-967a04ad4547', '1f482f5a-820b-4710-8ecf-d6a816d6e96b');
INSERT INTO public.library_task_recommendations VALUES ('23631748-7c0c-48f0-b0f8-e7e7bc676c18', '23041379-366e-4ab2-a0db-a18b569bdafb', '8b1698a3-a055-499c-95e5-56059e3cdd89');
INSERT INTO public.library_task_recommendations VALUES ('23631748-7c0c-48f0-b0f8-e7e7bc676c18', '23041379-366e-4ab2-a0db-a18b569bdafb', '9e21d7c7-3276-406e-951e-a710c5c3f35a');
INSERT INTO public.library_task_recommendations VALUES ('23631748-7c0c-48f0-b0f8-e7e7bc676c18', '23041379-366e-4ab2-a0db-a18b569bdafb', '2cef1dab-d0bd-4c3c-a0b8-79ff3e67b6d1');
INSERT INTO public.library_task_recommendations VALUES ('23631748-7c0c-48f0-b0f8-e7e7bc676c18', '23041379-366e-4ab2-a0db-a18b569bdafb', '7921b1cb-2b96-4e55-a67f-0f22af0e95cf');
INSERT INTO public.library_task_recommendations VALUES ('23631748-7c0c-48f0-b0f8-e7e7bc676c18', 'f9055396-775d-4e0a-af3d-be2b60401814', 'ea323b12-7f98-4064-873c-92886cef07ec');
INSERT INTO public.library_task_recommendations VALUES ('23631748-7c0c-48f0-b0f8-e7e7bc676c18', '3bea337f-0799-4658-b0c3-c60fb79b4c13', 'fdfdc2f6-af19-413b-aacc-e0819cae5f5d');
INSERT INTO public.library_task_recommendations VALUES ('23631748-7c0c-48f0-b0f8-e7e7bc676c18', '3bea337f-0799-4658-b0c3-c60fb79b4c13', '62ca2539-c0c4-4920-aca8-60e8536e725d');
INSERT INTO public.library_task_recommendations VALUES ('23631748-7c0c-48f0-b0f8-e7e7bc676c18', '3bea337f-0799-4658-b0c3-c60fb79b4c13', '845518bd-2a56-47c7-92d7-220087939243');
INSERT INTO public.library_task_recommendations VALUES ('23631748-7c0c-48f0-b0f8-e7e7bc676c18', '3bea337f-0799-4658-b0c3-c60fb79b4c13', '7921b1cb-2b96-4e55-a67f-0f22af0e95cf');
INSERT INTO public.library_task_recommendations VALUES ('23631748-7c0c-48f0-b0f8-e7e7bc676c18', '23b011d4-4cb2-4526-9761-e247d506557a', 'd8251088-33df-44b9-8286-3e11d80645d1');
INSERT INTO public.library_task_recommendations VALUES ('ed717165-b18b-4f07-ba6a-f4a4e046123b', '4a572114-311a-4acd-b85d-5c4a3bceccbf', '7bd1b8f8-020a-46bd-bff0-d4fba5910cac');
INSERT INTO public.library_task_recommendations VALUES ('ed717165-b18b-4f07-ba6a-f4a4e046123b', '4a572114-311a-4acd-b85d-5c4a3bceccbf', 'f03198ec-d56a-434b-aa72-f21a7e80eed2');
INSERT INTO public.library_task_recommendations VALUES ('ed717165-b18b-4f07-ba6a-f4a4e046123b', '1c17f15a-3933-4468-b567-3e9064fde41e', '9e21d7c7-3276-406e-951e-a710c5c3f35a');
INSERT INTO public.library_task_recommendations VALUES ('ed717165-b18b-4f07-ba6a-f4a4e046123b', '7cbd62ff-c094-4847-a980-ccaf6996adce', 'c8202f22-79a8-4037-b566-5c7ea9dfe935');
INSERT INTO public.library_task_recommendations VALUES ('ed717165-b18b-4f07-ba6a-f4a4e046123b', '7cbd62ff-c094-4847-a980-ccaf6996adce', '62ca2539-c0c4-4920-aca8-60e8536e725d');
INSERT INTO public.library_task_recommendations VALUES ('ed717165-b18b-4f07-ba6a-f4a4e046123b', '7cbd62ff-c094-4847-a980-ccaf6996adce', 'bc886bd6-602f-49d5-8508-01b987fe7ed7');
INSERT INTO public.library_task_recommendations VALUES ('ed717165-b18b-4f07-ba6a-f4a4e046123b', '7cbd62ff-c094-4847-a980-ccaf6996adce', 'f52b676d-516e-4068-8878-050dfb32313f');
INSERT INTO public.library_task_recommendations VALUES ('ed717165-b18b-4f07-ba6a-f4a4e046123b', '7cbd62ff-c094-4847-a980-ccaf6996adce', '4df673d5-943d-481f-83e7-cf0f0e6f7b47');
INSERT INTO public.library_task_recommendations VALUES ('ed717165-b18b-4f07-ba6a-f4a4e046123b', '7cbd62ff-c094-4847-a980-ccaf6996adce', '7921b1cb-2b96-4e55-a67f-0f22af0e95cf');
INSERT INTO public.library_task_recommendations VALUES ('ed717165-b18b-4f07-ba6a-f4a4e046123b', '0db44d38-fa65-4aa5-99bd-ab4a7ec0c880', '52182601-b5ef-4526-ad02-5d63f5b75e84');
INSERT INTO public.library_task_recommendations VALUES ('ed717165-b18b-4f07-ba6a-f4a4e046123b', '0db44d38-fa65-4aa5-99bd-ab4a7ec0c880', '6f005259-0fc3-4fd2-bcf7-b2bf67d44766');
INSERT INTO public.library_task_recommendations VALUES ('ed717165-b18b-4f07-ba6a-f4a4e046123b', '0db44d38-fa65-4aa5-99bd-ab4a7ec0c880', '7921b1cb-2b96-4e55-a67f-0f22af0e95cf');
INSERT INTO public.library_task_recommendations VALUES ('c0e9be57-d54a-4b59-8710-3ff9d964e414', '5965c7c9-3ccc-4cd6-b382-8f1b2d413ea7', 'ff161bca-e057-4045-a3fe-708b6569ab8a');
INSERT INTO public.library_task_recommendations VALUES ('c0e9be57-d54a-4b59-8710-3ff9d964e414', '5965c7c9-3ccc-4cd6-b382-8f1b2d413ea7', 'd1a3a929-254a-4dbe-82b4-2c9272a8481a');
INSERT INTO public.library_task_recommendations VALUES ('c0e9be57-d54a-4b59-8710-3ff9d964e414', '5965c7c9-3ccc-4cd6-b382-8f1b2d413ea7', 'a033267d-7322-42c8-b011-4015d68b2bc2');
INSERT INTO public.library_task_recommendations VALUES ('c0e9be57-d54a-4b59-8710-3ff9d964e414', '5965c7c9-3ccc-4cd6-b382-8f1b2d413ea7', 'b9be969d-9811-4546-8494-13f95f63fa0e');
INSERT INTO public.library_task_recommendations VALUES ('c0e9be57-d54a-4b59-8710-3ff9d964e414', '63256499-6af9-4600-8afd-3e9c24b3ea63', 'da3696b1-530b-4fc0-a624-9fbc77c26b00');
INSERT INTO public.library_task_recommendations VALUES ('c0e9be57-d54a-4b59-8710-3ff9d964e414', '63256499-6af9-4600-8afd-3e9c24b3ea63', '8d9dc6bf-cb00-4d8d-bcfe-9aa498fc2de3');
INSERT INTO public.library_task_recommendations VALUES ('c0e9be57-d54a-4b59-8710-3ff9d964e414', '63256499-6af9-4600-8afd-3e9c24b3ea63', '98d73996-ac36-4dbd-8b6c-fa2682c421d4');
INSERT INTO public.library_task_recommendations VALUES ('c0e9be57-d54a-4b59-8710-3ff9d964e414', '0de4f8b2-b328-49de-9e29-2c41d96b7ee8', '8aac579e-b59c-4252-8939-c799b7f9166d');
INSERT INTO public.library_task_recommendations VALUES ('c0e9be57-d54a-4b59-8710-3ff9d964e414', '4c9a74d2-a290-416e-ad85-ea4129cceb0a', '9ad431e2-a945-4e5a-8108-64a734717dfa');
INSERT INTO public.library_task_recommendations VALUES ('c0e9be57-d54a-4b59-8710-3ff9d964e414', '4c9a74d2-a290-416e-ad85-ea4129cceb0a', 'c2efdade-aac5-40c6-aa29-34687d2114f3');
INSERT INTO public.library_task_recommendations VALUES ('c0e9be57-d54a-4b59-8710-3ff9d964e414', '4c9a74d2-a290-416e-ad85-ea4129cceb0a', '62ca2539-c0c4-4920-aca8-60e8536e725d');
INSERT INTO public.library_task_recommendations VALUES ('c0e9be57-d54a-4b59-8710-3ff9d964e414', '4c9a74d2-a290-416e-ad85-ea4129cceb0a', '845518bd-2a56-47c7-92d7-220087939243');
INSERT INTO public.library_task_recommendations VALUES ('c0e9be57-d54a-4b59-8710-3ff9d964e414', '4c9a74d2-a290-416e-ad85-ea4129cceb0a', '7921b1cb-2b96-4e55-a67f-0f22af0e95cf');
INSERT INTO public.library_task_recommendations VALUES ('c0e9be57-d54a-4b59-8710-3ff9d964e414', '29873325-60f9-4ada-8590-9ed47bdadc94', '7921b1cb-2b96-4e55-a67f-0f22af0e95cf');
INSERT INTO public.library_task_recommendations VALUES ('c0406c51-8e6f-4e27-bf72-cf80ac508277', '2330705c-290e-4010-9be4-62e7cb5d0477', '14652da3-051a-4ff9-b7d1-34ea9ed4be81');
INSERT INTO public.library_task_recommendations VALUES ('c0406c51-8e6f-4e27-bf72-cf80ac508277', '2330705c-290e-4010-9be4-62e7cb5d0477', '62ca2539-c0c4-4920-aca8-60e8536e725d');
INSERT INTO public.library_task_recommendations VALUES ('c0406c51-8e6f-4e27-bf72-cf80ac508277', '2330705c-290e-4010-9be4-62e7cb5d0477', '5224cf50-d219-4f8b-a5e3-7e652b6e648f');
INSERT INTO public.library_task_recommendations VALUES ('c0406c51-8e6f-4e27-bf72-cf80ac508277', '1a5bfa7b-999f-42ca-b3a3-3ab238c8abd6', '62ca2539-c0c4-4920-aca8-60e8536e725d');
INSERT INTO public.library_task_recommendations VALUES ('c0406c51-8e6f-4e27-bf72-cf80ac508277', '1a5bfa7b-999f-42ca-b3a3-3ab238c8abd6', '7921b1cb-2b96-4e55-a67f-0f22af0e95cf');
INSERT INTO public.library_task_recommendations VALUES ('c0406c51-8e6f-4e27-bf72-cf80ac508277', '05c466d4-af6b-4405-96e1-53dbea5d5b5a', '9445a787-c4cb-4fb2-8a49-1b9947f55876');
INSERT INTO public.library_task_recommendations VALUES ('c0406c51-8e6f-4e27-bf72-cf80ac508277', '05c466d4-af6b-4405-96e1-53dbea5d5b5a', '48319073-8386-49c9-9bab-735def7b1872');
INSERT INTO public.library_task_recommendations VALUES ('c0406c51-8e6f-4e27-bf72-cf80ac508277', '01f5f6db-6635-4090-8e0e-9c1ea24c8d82', '6c9d1d49-53f1-4baf-a382-abcb11d9f40d');
INSERT INTO public.library_task_recommendations VALUES ('c0406c51-8e6f-4e27-bf72-cf80ac508277', '325227e4-fef3-464b-a8d2-1e7da2503bff', 'b9434a7d-62cc-4dc7-9e8e-02d418af7f7a');
INSERT INTO public.library_task_recommendations VALUES ('c0406c51-8e6f-4e27-bf72-cf80ac508277', '325227e4-fef3-464b-a8d2-1e7da2503bff', '6c9d1d49-53f1-4baf-a382-abcb11d9f40d');
INSERT INTO public.library_task_recommendations VALUES ('c0406c51-8e6f-4e27-bf72-cf80ac508277', '325227e4-fef3-464b-a8d2-1e7da2503bff', 'c8bdcb66-e7e4-440b-aea9-6cb4fd97cd38');
INSERT INTO public.library_task_recommendations VALUES ('e7c23039-78b3-46be-ab03-844a3140f358', '07a16322-d9f4-49b8-87a3-d30f754da7ae', '5ebf83da-3097-4739-8f5c-28fb21a4e124');
INSERT INTO public.library_task_recommendations VALUES ('e7c23039-78b3-46be-ab03-844a3140f358', '4c9a74d2-a290-416e-ad85-ea4129cceb0a', '9ad431e2-a945-4e5a-8108-64a734717dfa');
INSERT INTO public.library_task_recommendations VALUES ('e7c23039-78b3-46be-ab03-844a3140f358', '4c9a74d2-a290-416e-ad85-ea4129cceb0a', 'c2efdade-aac5-40c6-aa29-34687d2114f3');
INSERT INTO public.library_task_recommendations VALUES ('e7c23039-78b3-46be-ab03-844a3140f358', '4c9a74d2-a290-416e-ad85-ea4129cceb0a', '62ca2539-c0c4-4920-aca8-60e8536e725d');
INSERT INTO public.library_task_recommendations VALUES ('e7c23039-78b3-46be-ab03-844a3140f358', '4c9a74d2-a290-416e-ad85-ea4129cceb0a', '845518bd-2a56-47c7-92d7-220087939243');
INSERT INTO public.library_task_recommendations VALUES ('e7c23039-78b3-46be-ab03-844a3140f358', '4c9a74d2-a290-416e-ad85-ea4129cceb0a', '7921b1cb-2b96-4e55-a67f-0f22af0e95cf');
INSERT INTO public.library_task_recommendations VALUES ('e7c23039-78b3-46be-ab03-844a3140f358', '3f26dd05-7084-4ad2-95a6-1f6b4673e9f0', '08bbff19-ce5b-47c1-a680-4cd5d6d8866f');
INSERT INTO public.library_task_recommendations VALUES ('2593f81a-3c6a-4916-8590-51fc9b934207', 'd5f817c0-200a-4fc7-9738-65567b514c4c', '25ae5c04-3dab-4c7d-bf0d-2317fd997619');
INSERT INTO public.library_task_recommendations VALUES ('2593f81a-3c6a-4916-8590-51fc9b934207', 'f198b507-80e7-4c4d-a59b-f1f962ac3a05', '7d39bcf4-6f3d-4daa-914d-6335018fbcf8');
INSERT INTO public.library_task_recommendations VALUES ('b1738bbd-1570-482d-91ee-ad64ccfb3aea', '7cbd62ff-c094-4847-a980-ccaf6996adce', 'c8202f22-79a8-4037-b566-5c7ea9dfe935');
INSERT INTO public.library_task_recommendations VALUES ('b1738bbd-1570-482d-91ee-ad64ccfb3aea', '7cbd62ff-c094-4847-a980-ccaf6996adce', '62ca2539-c0c4-4920-aca8-60e8536e725d');
INSERT INTO public.library_task_recommendations VALUES ('b1738bbd-1570-482d-91ee-ad64ccfb3aea', '7cbd62ff-c094-4847-a980-ccaf6996adce', 'bc886bd6-602f-49d5-8508-01b987fe7ed7');
INSERT INTO public.library_task_recommendations VALUES ('b1738bbd-1570-482d-91ee-ad64ccfb3aea', '7cbd62ff-c094-4847-a980-ccaf6996adce', 'f52b676d-516e-4068-8878-050dfb32313f');
INSERT INTO public.library_task_recommendations VALUES ('b1738bbd-1570-482d-91ee-ad64ccfb3aea', '7cbd62ff-c094-4847-a980-ccaf6996adce', '4df673d5-943d-481f-83e7-cf0f0e6f7b47');
INSERT INTO public.library_task_recommendations VALUES ('b1738bbd-1570-482d-91ee-ad64ccfb3aea', '7cbd62ff-c094-4847-a980-ccaf6996adce', '7921b1cb-2b96-4e55-a67f-0f22af0e95cf');
INSERT INTO public.library_task_recommendations VALUES ('85c2c126-7d1c-4e39-8d73-03ebbf894804', '63256499-6af9-4600-8afd-3e9c24b3ea63', 'da3696b1-530b-4fc0-a624-9fbc77c26b00');
INSERT INTO public.library_task_recommendations VALUES ('85c2c126-7d1c-4e39-8d73-03ebbf894804', '63256499-6af9-4600-8afd-3e9c24b3ea63', '8d9dc6bf-cb00-4d8d-bcfe-9aa498fc2de3');
INSERT INTO public.library_task_recommendations VALUES ('85c2c126-7d1c-4e39-8d73-03ebbf894804', '63256499-6af9-4600-8afd-3e9c24b3ea63', '98d73996-ac36-4dbd-8b6c-fa2682c421d4');
INSERT INTO public.library_task_recommendations VALUES ('85c2c126-7d1c-4e39-8d73-03ebbf894804', 'a14c123b-057a-4caa-88a2-aec0d378a1fe', '845518bd-2a56-47c7-92d7-220087939243');
INSERT INTO public.library_task_recommendations VALUES ('85c2c126-7d1c-4e39-8d73-03ebbf894804', 'a14c123b-057a-4caa-88a2-aec0d378a1fe', '7921b1cb-2b96-4e55-a67f-0f22af0e95cf');
INSERT INTO public.library_task_recommendations VALUES ('85c2c126-7d1c-4e39-8d73-03ebbf894804', '3bea337f-0799-4658-b0c3-c60fb79b4c13', 'fdfdc2f6-af19-413b-aacc-e0819cae5f5d');
INSERT INTO public.library_task_recommendations VALUES ('85c2c126-7d1c-4e39-8d73-03ebbf894804', '3bea337f-0799-4658-b0c3-c60fb79b4c13', '62ca2539-c0c4-4920-aca8-60e8536e725d');
INSERT INTO public.library_task_recommendations VALUES ('85c2c126-7d1c-4e39-8d73-03ebbf894804', '3bea337f-0799-4658-b0c3-c60fb79b4c13', '845518bd-2a56-47c7-92d7-220087939243');
INSERT INTO public.library_task_recommendations VALUES ('85c2c126-7d1c-4e39-8d73-03ebbf894804', '3bea337f-0799-4658-b0c3-c60fb79b4c13', '7921b1cb-2b96-4e55-a67f-0f22af0e95cf');
INSERT INTO public.library_task_recommendations VALUES ('85c2c126-7d1c-4e39-8d73-03ebbf894804', '2a4671f4-fb14-4b9f-bf4c-d45512ac0135', '9445a787-c4cb-4fb2-8a49-1b9947f55876');
INSERT INTO public.library_task_recommendations VALUES ('195f89bf-b80a-4853-8c73-972017ba8a50', '2330705c-290e-4010-9be4-62e7cb5d0477', '14652da3-051a-4ff9-b7d1-34ea9ed4be81');
INSERT INTO public.library_task_recommendations VALUES ('195f89bf-b80a-4853-8c73-972017ba8a50', '2330705c-290e-4010-9be4-62e7cb5d0477', '62ca2539-c0c4-4920-aca8-60e8536e725d');
INSERT INTO public.library_task_recommendations VALUES ('195f89bf-b80a-4853-8c73-972017ba8a50', '2330705c-290e-4010-9be4-62e7cb5d0477', '5224cf50-d219-4f8b-a5e3-7e652b6e648f');
INSERT INTO public.library_task_recommendations VALUES ('195f89bf-b80a-4853-8c73-972017ba8a50', '1a5bfa7b-999f-42ca-b3a3-3ab238c8abd6', '62ca2539-c0c4-4920-aca8-60e8536e725d');
INSERT INTO public.library_task_recommendations VALUES ('195f89bf-b80a-4853-8c73-972017ba8a50', '1a5bfa7b-999f-42ca-b3a3-3ab238c8abd6', '7921b1cb-2b96-4e55-a67f-0f22af0e95cf');
INSERT INTO public.library_task_recommendations VALUES ('195f89bf-b80a-4853-8c73-972017ba8a50', '05c466d4-af6b-4405-96e1-53dbea5d5b5a', '9445a787-c4cb-4fb2-8a49-1b9947f55876');
INSERT INTO public.library_task_recommendations VALUES ('195f89bf-b80a-4853-8c73-972017ba8a50', '05c466d4-af6b-4405-96e1-53dbea5d5b5a', '48319073-8386-49c9-9bab-735def7b1872');
INSERT INTO public.library_task_recommendations VALUES ('195f89bf-b80a-4853-8c73-972017ba8a50', '674a48d5-b9c0-4466-84b0-1a044e17821f', '62ca2539-c0c4-4920-aca8-60e8536e725d');
INSERT INTO public.library_task_recommendations VALUES ('195f89bf-b80a-4853-8c73-972017ba8a50', '325227e4-fef3-464b-a8d2-1e7da2503bff', 'b9434a7d-62cc-4dc7-9e8e-02d418af7f7a');
INSERT INTO public.library_task_recommendations VALUES ('195f89bf-b80a-4853-8c73-972017ba8a50', '325227e4-fef3-464b-a8d2-1e7da2503bff', '6c9d1d49-53f1-4baf-a382-abcb11d9f40d');
INSERT INTO public.library_task_recommendations VALUES ('195f89bf-b80a-4853-8c73-972017ba8a50', '325227e4-fef3-464b-a8d2-1e7da2503bff', 'c8bdcb66-e7e4-440b-aea9-6cb4fd97cd38');
INSERT INTO public.library_task_recommendations VALUES ('07236ab1-19c5-439d-8403-d5d544f31ab5', 'cd6c66ba-a50a-4049-abe6-2fd6693e38dc', '4092d3b1-67d7-495b-84b4-de224a1b9894');
INSERT INTO public.library_task_recommendations VALUES ('07236ab1-19c5-439d-8403-d5d544f31ab5', 'cd6c66ba-a50a-4049-abe6-2fd6693e38dc', '7921b1cb-2b96-4e55-a67f-0f22af0e95cf');
INSERT INTO public.library_task_recommendations VALUES ('07236ab1-19c5-439d-8403-d5d544f31ab5', 'cd6c66ba-a50a-4049-abe6-2fd6693e38dc', 'f5fb0d9d-1e01-42b7-835e-7c5e46482119');
INSERT INTO public.library_task_recommendations VALUES ('07236ab1-19c5-439d-8403-d5d544f31ab5', 'cd6c66ba-a50a-4049-abe6-2fd6693e38dc', 'a1944ad5-2895-436f-afa9-9a752dd81ecc');
INSERT INTO public.library_task_recommendations VALUES ('07236ab1-19c5-439d-8403-d5d544f31ab5', 'cd6c66ba-a50a-4049-abe6-2fd6693e38dc', 'b4380ba8-f086-4c83-b3f6-876d94d00239');
INSERT INTO public.library_task_recommendations VALUES ('beb35c74-0e4e-443c-8061-b91eb35d4bed', '63256499-6af9-4600-8afd-3e9c24b3ea63', 'da3696b1-530b-4fc0-a624-9fbc77c26b00');
INSERT INTO public.library_task_recommendations VALUES ('beb35c74-0e4e-443c-8061-b91eb35d4bed', '63256499-6af9-4600-8afd-3e9c24b3ea63', '8d9dc6bf-cb00-4d8d-bcfe-9aa498fc2de3');
INSERT INTO public.library_task_recommendations VALUES ('beb35c74-0e4e-443c-8061-b91eb35d4bed', '63256499-6af9-4600-8afd-3e9c24b3ea63', '98d73996-ac36-4dbd-8b6c-fa2682c421d4');
INSERT INTO public.library_task_recommendations VALUES ('beb35c74-0e4e-443c-8061-b91eb35d4bed', 'cd6c66ba-a50a-4049-abe6-2fd6693e38dc', '4092d3b1-67d7-495b-84b4-de224a1b9894');
INSERT INTO public.library_task_recommendations VALUES ('beb35c74-0e4e-443c-8061-b91eb35d4bed', 'cd6c66ba-a50a-4049-abe6-2fd6693e38dc', '7921b1cb-2b96-4e55-a67f-0f22af0e95cf');
INSERT INTO public.library_task_recommendations VALUES ('beb35c74-0e4e-443c-8061-b91eb35d4bed', 'cd6c66ba-a50a-4049-abe6-2fd6693e38dc', 'f5fb0d9d-1e01-42b7-835e-7c5e46482119');
INSERT INTO public.library_task_recommendations VALUES ('beb35c74-0e4e-443c-8061-b91eb35d4bed', 'cd6c66ba-a50a-4049-abe6-2fd6693e38dc', 'a1944ad5-2895-436f-afa9-9a752dd81ecc');
INSERT INTO public.library_task_recommendations VALUES ('beb35c74-0e4e-443c-8061-b91eb35d4bed', 'cd6c66ba-a50a-4049-abe6-2fd6693e38dc', 'b4380ba8-f086-4c83-b3f6-876d94d00239');
INSERT INTO public.library_task_recommendations VALUES ('335ca6b6-798b-4a21-9825-5cb499154f45', '5965c7c9-3ccc-4cd6-b382-8f1b2d413ea7', 'ff161bca-e057-4045-a3fe-708b6569ab8a');
INSERT INTO public.library_task_recommendations VALUES ('335ca6b6-798b-4a21-9825-5cb499154f45', '5965c7c9-3ccc-4cd6-b382-8f1b2d413ea7', 'd1a3a929-254a-4dbe-82b4-2c9272a8481a');
INSERT INTO public.library_task_recommendations VALUES ('335ca6b6-798b-4a21-9825-5cb499154f45', '5965c7c9-3ccc-4cd6-b382-8f1b2d413ea7', 'a033267d-7322-42c8-b011-4015d68b2bc2');
INSERT INTO public.library_task_recommendations VALUES ('335ca6b6-798b-4a21-9825-5cb499154f45', '5965c7c9-3ccc-4cd6-b382-8f1b2d413ea7', 'b9be969d-9811-4546-8494-13f95f63fa0e');
INSERT INTO public.library_task_recommendations VALUES ('f4202f63-3ec3-442a-8c44-788d8d9c8fee', '3bea337f-0799-4658-b0c3-c60fb79b4c13', '5ad9c296-febb-41b1-bd83-c21910101a10');
INSERT INTO public.library_task_recommendations VALUES ('bf77f03b-0088-4161-b20d-2e12681693a5', '3bea337f-0799-4658-b0c3-c60fb79b4c13', '5ad9c296-febb-41b1-bd83-c21910101a10');
INSERT INTO public.library_task_recommendations VALUES ('24a278d2-7563-4030-8d0e-c68c67523290', '3bea337f-0799-4658-b0c3-c60fb79b4c13', '5ad9c296-febb-41b1-bd83-c21910101a10');
INSERT INTO public.library_task_recommendations VALUES ('637eba71-e353-42cc-8be8-7f40ad440514', '3bea337f-0799-4658-b0c3-c60fb79b4c13', '5ad9c296-febb-41b1-bd83-c21910101a10');
INSERT INTO public.library_task_recommendations VALUES ('4880814a-ec17-4825-8757-67d8ff7862df', '3bea337f-0799-4658-b0c3-c60fb79b4c13', '5ad9c296-febb-41b1-bd83-c21910101a10');
INSERT INTO public.library_task_recommendations VALUES ('a180f2d7-213c-4b12-8bfe-6640e4c47e98', '3bea337f-0799-4658-b0c3-c60fb79b4c13', '5ad9c296-febb-41b1-bd83-c21910101a10');
INSERT INTO public.library_task_recommendations VALUES ('20758fec-c71a-4954-b1fa-6284e6782afc', '3bea337f-0799-4658-b0c3-c60fb79b4c13', '5ad9c296-febb-41b1-bd83-c21910101a10');
INSERT INTO public.library_task_recommendations VALUES ('13973c9b-95e5-424c-b2ca-930682b57cbd', '3bea337f-0799-4658-b0c3-c60fb79b4c13', '5ad9c296-febb-41b1-bd83-c21910101a10');
INSERT INTO public.library_task_recommendations VALUES ('23631748-7c0c-48f0-b0f8-e7e7bc676c18', '3bea337f-0799-4658-b0c3-c60fb79b4c13', '5ad9c296-febb-41b1-bd83-c21910101a10');
INSERT INTO public.library_task_recommendations VALUES ('85c2c126-7d1c-4e39-8d73-03ebbf894804', '3bea337f-0799-4658-b0c3-c60fb79b4c13', '5ad9c296-febb-41b1-bd83-c21910101a10');
INSERT INTO public.library_task_recommendations VALUES ('c2fed5e6-58c5-4b6b-b299-09d617f99f39', 'e8b47167-e74b-48cd-85bb-5bc367f33732', '5ad9c296-febb-41b1-bd83-c21910101a10');
INSERT INTO public.library_task_recommendations VALUES ('c2fed5e6-58c5-4b6b-b299-09d617f99f39', 'e8b47167-e74b-48cd-85bb-5bc367f33732', '845518bd-2a56-47c7-92d7-220087939243');
INSERT INTO public.library_task_recommendations VALUES ('f4202f63-3ec3-442a-8c44-788d8d9c8fee', 'affd787b-1e6c-4c9d-a2d4-42d38e9c72b8', '7bd1b8f8-020a-46bd-bff0-d4fba5910cac');
INSERT INTO public.library_task_recommendations VALUES ('29a8acf6-8312-4f26-b773-7908d67d437f', '2a4671f4-fb14-4b9f-bf4c-d45512ac0135', '7bd1b8f8-020a-46bd-bff0-d4fba5910cac');
INSERT INTO public.library_task_recommendations VALUES ('29a8acf6-8312-4f26-b773-7908d67d437f', '2a4671f4-fb14-4b9f-bf4c-d45512ac0135', '7921b1cb-2b96-4e55-a67f-0f22af0e95cf');
INSERT INTO public.library_task_recommendations VALUES ('2ce1dddc-72d6-4fae-b639-f855171abf00', '2a4671f4-fb14-4b9f-bf4c-d45512ac0135', '7bd1b8f8-020a-46bd-bff0-d4fba5910cac');
INSERT INTO public.library_task_recommendations VALUES ('2ce1dddc-72d6-4fae-b639-f855171abf00', '2a4671f4-fb14-4b9f-bf4c-d45512ac0135', '7921b1cb-2b96-4e55-a67f-0f22af0e95cf');
INSERT INTO public.library_task_recommendations VALUES ('c2fed5e6-58c5-4b6b-b299-09d617f99f39', '2a4671f4-fb14-4b9f-bf4c-d45512ac0135', '7bd1b8f8-020a-46bd-bff0-d4fba5910cac');
INSERT INTO public.library_task_recommendations VALUES ('c2fed5e6-58c5-4b6b-b299-09d617f99f39', '2a4671f4-fb14-4b9f-bf4c-d45512ac0135', '7921b1cb-2b96-4e55-a67f-0f22af0e95cf');
INSERT INTO public.library_task_recommendations VALUES ('ed0a3403-fa19-460b-b2fe-32ca0d1063e1', 'affd787b-1e6c-4c9d-a2d4-42d38e9c72b8', '7bd1b8f8-020a-46bd-bff0-d4fba5910cac');
INSERT INTO public.library_task_recommendations VALUES ('8d379ebc-493e-48ab-a519-a201359d0ad7', '049a8013-e4c4-4bda-9dde-7a20f317c201', '7bd1b8f8-020a-46bd-bff0-d4fba5910cac');
INSERT INTO public.library_task_recommendations VALUES ('8d379ebc-493e-48ab-a519-a201359d0ad7', '049a8013-e4c4-4bda-9dde-7a20f317c201', '7921b1cb-2b96-4e55-a67f-0f22af0e95cf');
INSERT INTO public.library_task_recommendations VALUES ('3dc04aa4-58b9-40b2-a34b-bb3c59d91120', '2a4671f4-fb14-4b9f-bf4c-d45512ac0135', '7bd1b8f8-020a-46bd-bff0-d4fba5910cac');
INSERT INTO public.library_task_recommendations VALUES ('3dc04aa4-58b9-40b2-a34b-bb3c59d91120', '2a4671f4-fb14-4b9f-bf4c-d45512ac0135', '7921b1cb-2b96-4e55-a67f-0f22af0e95cf');
INSERT INTO public.library_task_recommendations VALUES ('d280ee9d-ad2d-4a83-8af8-f61bca0a7057', 'affd787b-1e6c-4c9d-a2d4-42d38e9c72b8', '7bd1b8f8-020a-46bd-bff0-d4fba5910cac');
INSERT INTO public.library_task_recommendations VALUES ('23631748-7c0c-48f0-b0f8-e7e7bc676c18', '2a4671f4-fb14-4b9f-bf4c-d45512ac0135', '7bd1b8f8-020a-46bd-bff0-d4fba5910cac');
INSERT INTO public.library_task_recommendations VALUES ('23631748-7c0c-48f0-b0f8-e7e7bc676c18', '2a4671f4-fb14-4b9f-bf4c-d45512ac0135', '7921b1cb-2b96-4e55-a67f-0f22af0e95cf');
INSERT INTO public.library_task_recommendations VALUES ('85c2c126-7d1c-4e39-8d73-03ebbf894804', '2a4671f4-fb14-4b9f-bf4c-d45512ac0135', '7bd1b8f8-020a-46bd-bff0-d4fba5910cac');
INSERT INTO public.library_task_recommendations VALUES ('85c2c126-7d1c-4e39-8d73-03ebbf894804', '2a4671f4-fb14-4b9f-bf4c-d45512ac0135', '7921b1cb-2b96-4e55-a67f-0f22af0e95cf');
INSERT INTO public.library_task_recommendations VALUES ('a36c2136-e8ad-45e7-a32e-1f515edca089', '444fc4b3-3b98-4b08-abbe-dbb799903c4c', 'f42676bc-01c7-4f57-a55b-8c07b5904c56');
INSERT INTO public.library_task_recommendations VALUES ('f859c660-0513-4470-9d86-06c5c9643314', '444fc4b3-3b98-4b08-abbe-dbb799903c4c', 'f42676bc-01c7-4f57-a55b-8c07b5904c56');
INSERT INTO public.library_task_recommendations VALUES ('eebe5e56-d8c2-4816-b819-3ba0da0d6566', '444fc4b3-3b98-4b08-abbe-dbb799903c4c', 'f42676bc-01c7-4f57-a55b-8c07b5904c56');
INSERT INTO public.library_task_recommendations VALUES ('ee5fe360-3225-4deb-a51e-441ccddce65d', '444fc4b3-3b98-4b08-abbe-dbb799903c4c', 'f42676bc-01c7-4f57-a55b-8c07b5904c56');
INSERT INTO public.library_task_recommendations VALUES ('77cc07b4-fdcf-4a2b-a5e0-cc77e8c4ecc4', '444fc4b3-3b98-4b08-abbe-dbb799903c4c', 'f42676bc-01c7-4f57-a55b-8c07b5904c56');
INSERT INTO public.library_task_recommendations VALUES ('3dc04aa4-58b9-40b2-a34b-bb3c59d91120', '444fc4b3-3b98-4b08-abbe-dbb799903c4c', 'f42676bc-01c7-4f57-a55b-8c07b5904c56');
INSERT INTO public.library_task_recommendations VALUES ('238d46eb-72ba-47ee-8742-99ed25567366', '1f35e6ad-063b-44dd-ae08-f8405750ea57', '62ca2539-c0c4-4920-aca8-60e8536e725d');
INSERT INTO public.library_task_recommendations VALUES ('238d46eb-72ba-47ee-8742-99ed25567366', '1f35e6ad-063b-44dd-ae08-f8405750ea57', '845518bd-2a56-47c7-92d7-220087939243');
INSERT INTO public.library_task_recommendations VALUES ('238d46eb-72ba-47ee-8742-99ed25567366', '1f35e6ad-063b-44dd-ae08-f8405750ea57', '7921b1cb-2b96-4e55-a67f-0f22af0e95cf');
INSERT INTO public.library_task_recommendations VALUES ('01baa494-99c5-43bf-aa8a-53a6f4732924', '10702f3f-726a-448a-bef6-c160ed05f58b', '62ca2539-c0c4-4920-aca8-60e8536e725d');
INSERT INTO public.library_task_recommendations VALUES ('01baa494-99c5-43bf-aa8a-53a6f4732924', '10702f3f-726a-448a-bef6-c160ed05f58b', '845518bd-2a56-47c7-92d7-220087939243');
INSERT INTO public.library_task_recommendations VALUES ('01baa494-99c5-43bf-aa8a-53a6f4732924', '10702f3f-726a-448a-bef6-c160ed05f58b', '7921b1cb-2b96-4e55-a67f-0f22af0e95cf');
INSERT INTO public.library_task_recommendations VALUES ('f4202f63-3ec3-442a-8c44-788d8d9c8fee', '58c16421-62fc-4ce4-ac8f-7de43b475958', '845518bd-2a56-47c7-92d7-220087939243');
INSERT INTO public.library_task_recommendations VALUES ('29a8acf6-8312-4f26-b773-7908d67d437f', '7cbd62ff-c094-4847-a980-ccaf6996adce', '845518bd-2a56-47c7-92d7-220087939243');
INSERT INTO public.library_task_recommendations VALUES ('7a16673f-0ef8-4d12-8d33-9586cbfe1f54', '6c792f6a-1f89-431a-8a75-944d37d05c44', '62ca2539-c0c4-4920-aca8-60e8536e725d');
INSERT INTO public.library_task_recommendations VALUES ('7a16673f-0ef8-4d12-8d33-9586cbfe1f54', '6c792f6a-1f89-431a-8a75-944d37d05c44', '845518bd-2a56-47c7-92d7-220087939243');
INSERT INTO public.library_task_recommendations VALUES ('7a16673f-0ef8-4d12-8d33-9586cbfe1f54', '6c792f6a-1f89-431a-8a75-944d37d05c44', '7921b1cb-2b96-4e55-a67f-0f22af0e95cf');
INSERT INTO public.library_task_recommendations VALUES ('7b9bcd4f-cc64-48eb-8d38-ab8988dda7f6', '7cbd62ff-c094-4847-a980-ccaf6996adce', '845518bd-2a56-47c7-92d7-220087939243');
INSERT INTO public.library_task_recommendations VALUES ('a3de1387-17a5-4b9f-a6ea-391990d4a199', '7cbd62ff-c094-4847-a980-ccaf6996adce', '845518bd-2a56-47c7-92d7-220087939243');
INSERT INTO public.library_task_recommendations VALUES ('bf77f03b-0088-4161-b20d-2e12681693a5', '7cbd62ff-c094-4847-a980-ccaf6996adce', '845518bd-2a56-47c7-92d7-220087939243');
INSERT INTO public.library_task_recommendations VALUES ('a180f2d7-213c-4b12-8bfe-6640e4c47e98', '7cbd62ff-c094-4847-a980-ccaf6996adce', '845518bd-2a56-47c7-92d7-220087939243');
INSERT INTO public.library_task_recommendations VALUES ('37a72bab-91b2-41b4-bd83-107a5a4b4951', '7cbd62ff-c094-4847-a980-ccaf6996adce', '845518bd-2a56-47c7-92d7-220087939243');
INSERT INTO public.library_task_recommendations VALUES ('ed0a3403-fa19-460b-b2fe-32ca0d1063e1', '6c792f6a-1f89-431a-8a75-944d37d05c44', '62ca2539-c0c4-4920-aca8-60e8536e725d');
INSERT INTO public.library_task_recommendations VALUES ('ed0a3403-fa19-460b-b2fe-32ca0d1063e1', '6c792f6a-1f89-431a-8a75-944d37d05c44', '845518bd-2a56-47c7-92d7-220087939243');
INSERT INTO public.library_task_recommendations VALUES ('ed0a3403-fa19-460b-b2fe-32ca0d1063e1', '6c792f6a-1f89-431a-8a75-944d37d05c44', '7921b1cb-2b96-4e55-a67f-0f22af0e95cf');
INSERT INTO public.library_task_recommendations VALUES ('7b79a1b8-fe2c-4fe5-94a0-81409c033212', '58c16421-62fc-4ce4-ac8f-7de43b475958', '845518bd-2a56-47c7-92d7-220087939243');
INSERT INTO public.library_task_recommendations VALUES ('8d379ebc-493e-48ab-a519-a201359d0ad7', '58c16421-62fc-4ce4-ac8f-7de43b475958', '845518bd-2a56-47c7-92d7-220087939243');
INSERT INTO public.library_task_recommendations VALUES ('3dc04aa4-58b9-40b2-a34b-bb3c59d91120', '7cbd62ff-c094-4847-a980-ccaf6996adce', '845518bd-2a56-47c7-92d7-220087939243');
INSERT INTO public.library_task_recommendations VALUES ('20758fec-c71a-4954-b1fa-6284e6782afc', '7cbd62ff-c094-4847-a980-ccaf6996adce', '845518bd-2a56-47c7-92d7-220087939243');
INSERT INTO public.library_task_recommendations VALUES ('13973c9b-95e5-424c-b2ca-930682b57cbd', '7cbd62ff-c094-4847-a980-ccaf6996adce', '845518bd-2a56-47c7-92d7-220087939243');
INSERT INTO public.library_task_recommendations VALUES ('a6c64af7-4968-452e-9501-b2b1f050cbf6', '58c16421-62fc-4ce4-ac8f-7de43b475958', '845518bd-2a56-47c7-92d7-220087939243');
INSERT INTO public.library_task_recommendations VALUES ('9d9464e3-c15d-4653-b2dc-25959015bb61', '7cbd62ff-c094-4847-a980-ccaf6996adce', '845518bd-2a56-47c7-92d7-220087939243');
INSERT INTO public.library_task_recommendations VALUES ('ed717165-b18b-4f07-ba6a-f4a4e046123b', '7cbd62ff-c094-4847-a980-ccaf6996adce', '845518bd-2a56-47c7-92d7-220087939243');
INSERT INTO public.library_task_recommendations VALUES ('b1738bbd-1570-482d-91ee-ad64ccfb3aea', '7cbd62ff-c094-4847-a980-ccaf6996adce', '845518bd-2a56-47c7-92d7-220087939243');
INSERT INTO public.library_task_recommendations VALUES ('29a8acf6-8312-4f26-b773-7908d67d437f', '4c9a74d2-a290-416e-ad85-ea4129cceb0a', '7bd1b8f8-020a-46bd-bff0-d4fba5910cac');
INSERT INTO public.library_task_recommendations VALUES ('b0702e49-5604-4c8a-a0b6-8bd51ba1db68', '4c9a74d2-a290-416e-ad85-ea4129cceb0a', '7bd1b8f8-020a-46bd-bff0-d4fba5910cac');
INSERT INTO public.library_task_recommendations VALUES ('f89ac6f3-7598-490c-98e8-07b5986fcd0c', '4c9a74d2-a290-416e-ad85-ea4129cceb0a', '7bd1b8f8-020a-46bd-bff0-d4fba5910cac');
INSERT INTO public.library_task_recommendations VALUES ('7b9bcd4f-cc64-48eb-8d38-ab8988dda7f6', '4c9a74d2-a290-416e-ad85-ea4129cceb0a', '7bd1b8f8-020a-46bd-bff0-d4fba5910cac');
INSERT INTO public.library_task_recommendations VALUES ('1d4de35b-2025-4fd4-b9f9-e6f29548c304', '4c9a74d2-a290-416e-ad85-ea4129cceb0a', '7bd1b8f8-020a-46bd-bff0-d4fba5910cac');
INSERT INTO public.library_task_recommendations VALUES ('ed0a3403-fa19-460b-b2fe-32ca0d1063e1', '4c9a74d2-a290-416e-ad85-ea4129cceb0a', '7bd1b8f8-020a-46bd-bff0-d4fba5910cac');
INSERT INTO public.library_task_recommendations VALUES ('450a47f4-a174-47d4-8c46-54d2fc12555f', '4c9a74d2-a290-416e-ad85-ea4129cceb0a', '7bd1b8f8-020a-46bd-bff0-d4fba5910cac');
INSERT INTO public.library_task_recommendations VALUES ('3dc04aa4-58b9-40b2-a34b-bb3c59d91120', '4c9a74d2-a290-416e-ad85-ea4129cceb0a', '7bd1b8f8-020a-46bd-bff0-d4fba5910cac');
INSERT INTO public.library_task_recommendations VALUES ('4609fbd4-c55b-4cdc-9302-7c0a8794643f', '4c9a74d2-a290-416e-ad85-ea4129cceb0a', '7bd1b8f8-020a-46bd-bff0-d4fba5910cac');
INSERT INTO public.library_task_recommendations VALUES ('c0e9be57-d54a-4b59-8710-3ff9d964e414', '4c9a74d2-a290-416e-ad85-ea4129cceb0a', '7bd1b8f8-020a-46bd-bff0-d4fba5910cac');
INSERT INTO public.library_task_recommendations VALUES ('e7c23039-78b3-46be-ab03-844a3140f358', '4c9a74d2-a290-416e-ad85-ea4129cceb0a', '7bd1b8f8-020a-46bd-bff0-d4fba5910cac');
INSERT INTO public.library_task_recommendations VALUES ('b48e5589-9674-41eb-91f0-e4e7777cf4b2', 'd5f817c0-200a-4fc7-9738-65567b514c4c', 'f42676bc-01c7-4f57-a55b-8c07b5904c56');
INSERT INTO public.library_task_recommendations VALUES ('29a8acf6-8312-4f26-b773-7908d67d437f', 'e6798938-30da-4aab-bc3e-9a8b6ab73759', 'f42676bc-01c7-4f57-a55b-8c07b5904c56');
INSERT INTO public.library_task_recommendations VALUES ('b0702e49-5604-4c8a-a0b6-8bd51ba1db68', 'e6798938-30da-4aab-bc3e-9a8b6ab73759', 'f42676bc-01c7-4f57-a55b-8c07b5904c56');
INSERT INTO public.library_task_recommendations VALUES ('e0d4426a-400b-48b3-abdc-940648d53c28', '9d1e99b6-e939-4a57-bb13-ab69dc901053', 'f42676bc-01c7-4f57-a55b-8c07b5904c56');
INSERT INTO public.library_task_recommendations VALUES ('7b9bcd4f-cc64-48eb-8d38-ab8988dda7f6', '9d1e99b6-e939-4a57-bb13-ab69dc901053', 'f42676bc-01c7-4f57-a55b-8c07b5904c56');
INSERT INTO public.library_task_recommendations VALUES ('ff20527c-5375-4bb6-91e0-b280e9d6ffca', 'd5f817c0-200a-4fc7-9738-65567b514c4c', 'f42676bc-01c7-4f57-a55b-8c07b5904c56');
INSERT INTO public.library_task_recommendations VALUES ('9c924f91-1675-42e7-b62d-8cca55a6e4c0', 'd5f817c0-200a-4fc7-9738-65567b514c4c', 'f42676bc-01c7-4f57-a55b-8c07b5904c56');
INSERT INTO public.library_task_recommendations VALUES ('199ce778-1eed-4a6f-9401-3fefe1b1baac', 'd5f817c0-200a-4fc7-9738-65567b514c4c', 'f42676bc-01c7-4f57-a55b-8c07b5904c56');
INSERT INTO public.library_task_recommendations VALUES ('3dc04aa4-58b9-40b2-a34b-bb3c59d91120', 'd5f817c0-200a-4fc7-9738-65567b514c4c', 'f42676bc-01c7-4f57-a55b-8c07b5904c56');
INSERT INTO public.library_task_recommendations VALUES ('3dc04aa4-58b9-40b2-a34b-bb3c59d91120', 'e6798938-30da-4aab-bc3e-9a8b6ab73759', 'f42676bc-01c7-4f57-a55b-8c07b5904c56');
INSERT INTO public.library_task_recommendations VALUES ('66ef2d32-22fe-4a07-8d6c-2dde41a9df50', 'd5f817c0-200a-4fc7-9738-65567b514c4c', 'f42676bc-01c7-4f57-a55b-8c07b5904c56');
INSERT INTO public.library_task_recommendations VALUES ('27a4547a-3167-4087-be03-cc7568097936', 'd5f817c0-200a-4fc7-9738-65567b514c4c', 'f42676bc-01c7-4f57-a55b-8c07b5904c56');
INSERT INTO public.library_task_recommendations VALUES ('2593f81a-3c6a-4916-8590-51fc9b934207', 'd5f817c0-200a-4fc7-9738-65567b514c4c', 'f42676bc-01c7-4f57-a55b-8c07b5904c56');
INSERT INTO public.library_task_recommendations VALUES ('29a8acf6-8312-4f26-b773-7908d67d437f', '4c9a74d2-a290-416e-ad85-ea4129cceb0a', '5ad9c296-febb-41b1-bd83-c21910101a10');
INSERT INTO public.library_task_recommendations VALUES ('b0702e49-5604-4c8a-a0b6-8bd51ba1db68', '4c9a74d2-a290-416e-ad85-ea4129cceb0a', '5ad9c296-febb-41b1-bd83-c21910101a10');
INSERT INTO public.library_task_recommendations VALUES ('f89ac6f3-7598-490c-98e8-07b5986fcd0c', '4c9a74d2-a290-416e-ad85-ea4129cceb0a', '5ad9c296-febb-41b1-bd83-c21910101a10');
INSERT INTO public.library_task_recommendations VALUES ('7b9bcd4f-cc64-48eb-8d38-ab8988dda7f6', '4c9a74d2-a290-416e-ad85-ea4129cceb0a', '5ad9c296-febb-41b1-bd83-c21910101a10');
INSERT INTO public.library_task_recommendations VALUES ('1d4de35b-2025-4fd4-b9f9-e6f29548c304', '4c9a74d2-a290-416e-ad85-ea4129cceb0a', '5ad9c296-febb-41b1-bd83-c21910101a10');
INSERT INTO public.library_task_recommendations VALUES ('ed0a3403-fa19-460b-b2fe-32ca0d1063e1', '4c9a74d2-a290-416e-ad85-ea4129cceb0a', '5ad9c296-febb-41b1-bd83-c21910101a10');
INSERT INTO public.library_task_recommendations VALUES ('450a47f4-a174-47d4-8c46-54d2fc12555f', '4c9a74d2-a290-416e-ad85-ea4129cceb0a', '5ad9c296-febb-41b1-bd83-c21910101a10');
INSERT INTO public.library_task_recommendations VALUES ('3dc04aa4-58b9-40b2-a34b-bb3c59d91120', '4c9a74d2-a290-416e-ad85-ea4129cceb0a', '5ad9c296-febb-41b1-bd83-c21910101a10');
INSERT INTO public.library_task_recommendations VALUES ('4609fbd4-c55b-4cdc-9302-7c0a8794643f', '4c9a74d2-a290-416e-ad85-ea4129cceb0a', '5ad9c296-febb-41b1-bd83-c21910101a10');
INSERT INTO public.library_task_recommendations VALUES ('c0e9be57-d54a-4b59-8710-3ff9d964e414', '4c9a74d2-a290-416e-ad85-ea4129cceb0a', '5ad9c296-febb-41b1-bd83-c21910101a10');
INSERT INTO public.library_task_recommendations VALUES ('e7c23039-78b3-46be-ab03-844a3140f358', '4c9a74d2-a290-416e-ad85-ea4129cceb0a', '5ad9c296-febb-41b1-bd83-c21910101a10');
INSERT INTO public.library_task_recommendations VALUES ('a36c2136-e8ad-45e7-a32e-1f515edca089', '444fc4b3-3b98-4b08-abbe-dbb799903c4c', '7bd1b8f8-020a-46bd-bff0-d4fba5910cac');
INSERT INTO public.library_task_recommendations VALUES ('7a91aaf5-b54f-4586-ab38-66d0bb3b22bd', 'ec4c82da-0923-4040-b142-b693bf382d1a', '7bd1b8f8-020a-46bd-bff0-d4fba5910cac');
INSERT INTO public.library_task_recommendations VALUES ('b48e5589-9674-41eb-91f0-e4e7777cf4b2', 'c88475a5-e5fc-48a4-904c-6e54a344f647', '7bd1b8f8-020a-46bd-bff0-d4fba5910cac');
INSERT INTO public.library_task_recommendations VALUES ('f859c660-0513-4470-9d86-06c5c9643314', '444fc4b3-3b98-4b08-abbe-dbb799903c4c', '7bd1b8f8-020a-46bd-bff0-d4fba5910cac');
INSERT INTO public.library_task_recommendations VALUES ('9464aee6-1ddb-4e65-94e2-6007fabeea02', '87abca2a-fa66-40c2-b203-7ebfc9b0bbae', '7bd1b8f8-020a-46bd-bff0-d4fba5910cac');
INSERT INTO public.library_task_recommendations VALUES ('f89ac6f3-7598-490c-98e8-07b5986fcd0c', 'ec4c82da-0923-4040-b142-b693bf382d1a', '7bd1b8f8-020a-46bd-bff0-d4fba5910cac');
INSERT INTO public.library_task_recommendations VALUES ('bf77f03b-0088-4161-b20d-2e12681693a5', 'ec4c82da-0923-4040-b142-b693bf382d1a', '7bd1b8f8-020a-46bd-bff0-d4fba5910cac');
INSERT INTO public.library_task_recommendations VALUES ('eebe5e56-d8c2-4816-b819-3ba0da0d6566', '444fc4b3-3b98-4b08-abbe-dbb799903c4c', '7bd1b8f8-020a-46bd-bff0-d4fba5910cac');
INSERT INTO public.library_task_recommendations VALUES ('eebe5e56-d8c2-4816-b819-3ba0da0d6566', 'ec4c82da-0923-4040-b142-b693bf382d1a', '7bd1b8f8-020a-46bd-bff0-d4fba5910cac');
INSERT INTO public.library_task_recommendations VALUES ('eebe5e56-d8c2-4816-b819-3ba0da0d6566', 'f5122c82-f343-4f0d-93fd-fc4d64c9cb8b', '7bd1b8f8-020a-46bd-bff0-d4fba5910cac');
INSERT INTO public.library_task_recommendations VALUES ('ee5fe360-3225-4deb-a51e-441ccddce65d', '444fc4b3-3b98-4b08-abbe-dbb799903c4c', '7bd1b8f8-020a-46bd-bff0-d4fba5910cac');
INSERT INTO public.library_task_recommendations VALUES ('ee5fe360-3225-4deb-a51e-441ccddce65d', 'ec4c82da-0923-4040-b142-b693bf382d1a', '7bd1b8f8-020a-46bd-bff0-d4fba5910cac');
INSERT INTO public.library_task_recommendations VALUES ('aa5c660c-2a51-40c4-bbf4-4543052ec064', 'ec4c82da-0923-4040-b142-b693bf382d1a', '7bd1b8f8-020a-46bd-bff0-d4fba5910cac');
INSERT INTO public.library_task_recommendations VALUES ('77cc07b4-fdcf-4a2b-a5e0-cc77e8c4ecc4', '444fc4b3-3b98-4b08-abbe-dbb799903c4c', '7bd1b8f8-020a-46bd-bff0-d4fba5910cac');
INSERT INTO public.library_task_recommendations VALUES ('9748890b-d2da-4371-b324-a6570a4d22f2', '87abca2a-fa66-40c2-b203-7ebfc9b0bbae', '7bd1b8f8-020a-46bd-bff0-d4fba5910cac');
INSERT INTO public.library_task_recommendations VALUES ('450a47f4-a174-47d4-8c46-54d2fc12555f', '87abca2a-fa66-40c2-b203-7ebfc9b0bbae', '7bd1b8f8-020a-46bd-bff0-d4fba5910cac');
INSERT INTO public.library_task_recommendations VALUES ('3dc04aa4-58b9-40b2-a34b-bb3c59d91120', '444fc4b3-3b98-4b08-abbe-dbb799903c4c', '7bd1b8f8-020a-46bd-bff0-d4fba5910cac');
INSERT INTO public.library_task_recommendations VALUES ('2ce1dddc-72d6-4fae-b639-f855171abf00', '4336636d-093e-43b4-97ac-10b32ba19dc0', 'b9434a7d-62cc-4dc7-9e8e-02d418af7f7a');
INSERT INTO public.library_task_recommendations VALUES ('238d46eb-72ba-47ee-8742-99ed25567366', 'd869805c-e7a8-4ceb-8d04-e0e017487256', '845518bd-2a56-47c7-92d7-220087939243');
INSERT INTO public.library_task_recommendations VALUES ('223b04e9-62fa-4cf9-97f7-42d7e63994f0', '700671bb-dbd0-4f31-be94-68f83ea3e63e', '845518bd-2a56-47c7-92d7-220087939243');
INSERT INTO public.library_task_recommendations VALUES ('7a16673f-0ef8-4d12-8d33-9586cbfe1f54', '700671bb-dbd0-4f31-be94-68f83ea3e63e', '845518bd-2a56-47c7-92d7-220087939243');
INSERT INTO public.library_task_recommendations VALUES ('ee5fe360-3225-4deb-a51e-441ccddce65d', 'd869805c-e7a8-4ceb-8d04-e0e017487256', '845518bd-2a56-47c7-92d7-220087939243');
INSERT INTO public.library_task_recommendations VALUES ('7b79a1b8-fe2c-4fe5-94a0-81409c033212', '225a322e-3c38-4285-ace7-da31b9ea5c41', '845518bd-2a56-47c7-92d7-220087939243');
INSERT INTO public.library_task_recommendations VALUES ('450a47f4-a174-47d4-8c46-54d2fc12555f', '9a389c13-b759-461c-91e1-4b9841c22463', '845518bd-2a56-47c7-92d7-220087939243');
INSERT INTO public.library_task_recommendations VALUES ('8d379ebc-493e-48ab-a519-a201359d0ad7', '7a6c1a11-c920-406f-be16-29781269b581', '845518bd-2a56-47c7-92d7-220087939243');
INSERT INTO public.library_task_recommendations VALUES ('48253a67-cad2-4fe0-bce8-9089465936e0', 'bcb1b595-592c-4cd0-9da1-4c4e49fbf062', '845518bd-2a56-47c7-92d7-220087939243');
INSERT INTO public.library_task_recommendations VALUES ('8e0a24ec-0575-4a33-a4bd-ff1795b390f3', '05c466d4-af6b-4405-96e1-53dbea5d5b5a', '845518bd-2a56-47c7-92d7-220087939243');
INSERT INTO public.library_task_recommendations VALUES ('22232ece-c66b-45db-9dd1-162c3c92d017', '4774d7dc-c7a0-4bd5-a2b0-66fa7159859a', '845518bd-2a56-47c7-92d7-220087939243');
INSERT INTO public.library_task_recommendations VALUES ('a6c64af7-4968-452e-9501-b2b1f050cbf6', '225a322e-3c38-4285-ace7-da31b9ea5c41', '845518bd-2a56-47c7-92d7-220087939243');
INSERT INTO public.library_task_recommendations VALUES ('c0406c51-8e6f-4e27-bf72-cf80ac508277', '1a5bfa7b-999f-42ca-b3a3-3ab238c8abd6', '845518bd-2a56-47c7-92d7-220087939243');
INSERT INTO public.library_task_recommendations VALUES ('c0406c51-8e6f-4e27-bf72-cf80ac508277', '05c466d4-af6b-4405-96e1-53dbea5d5b5a', '845518bd-2a56-47c7-92d7-220087939243');
INSERT INTO public.library_task_recommendations VALUES ('195f89bf-b80a-4853-8c73-972017ba8a50', '1a5bfa7b-999f-42ca-b3a3-3ab238c8abd6', '845518bd-2a56-47c7-92d7-220087939243');
INSERT INTO public.library_task_recommendations VALUES ('195f89bf-b80a-4853-8c73-972017ba8a50', '05c466d4-af6b-4405-96e1-53dbea5d5b5a', '845518bd-2a56-47c7-92d7-220087939243');
INSERT INTO public.library_task_recommendations VALUES ('195f89bf-b80a-4853-8c73-972017ba8a50', '674a48d5-b9c0-4466-84b0-1a044e17821f', '845518bd-2a56-47c7-92d7-220087939243');
INSERT INTO public.library_task_recommendations VALUES ('c0e9be57-d54a-4b59-8710-3ff9d964e414', 'b01022ea-430a-4ed5-ba3c-c80a4e5d517b', '9445a787-c4cb-4fb2-8a49-1b9947f55876');
INSERT INTO public.library_task_recommendations VALUES ('9464aee6-1ddb-4e65-94e2-6007fabeea02', '87abca2a-fa66-40c2-b203-7ebfc9b0bbae', '7921b1cb-2b96-4e55-a67f-0f22af0e95cf');
INSERT INTO public.library_task_recommendations VALUES ('238d46eb-72ba-47ee-8742-99ed25567366', 'd869805c-e7a8-4ceb-8d04-e0e017487256', '7921b1cb-2b96-4e55-a67f-0f22af0e95cf');
INSERT INTO public.library_task_recommendations VALUES ('223b04e9-62fa-4cf9-97f7-42d7e63994f0', '700671bb-dbd0-4f31-be94-68f83ea3e63e', '7921b1cb-2b96-4e55-a67f-0f22af0e95cf');
INSERT INTO public.library_task_recommendations VALUES ('ac1e15a5-7021-48a6-a88d-b9799b6355ea', '604bab16-64c3-4870-bd2e-52ea93e73e9e', '7921b1cb-2b96-4e55-a67f-0f22af0e95cf');
INSERT INTO public.library_task_recommendations VALUES ('7a16673f-0ef8-4d12-8d33-9586cbfe1f54', '700671bb-dbd0-4f31-be94-68f83ea3e63e', '7921b1cb-2b96-4e55-a67f-0f22af0e95cf');
INSERT INTO public.library_task_recommendations VALUES ('7a16673f-0ef8-4d12-8d33-9586cbfe1f54', '604bab16-64c3-4870-bd2e-52ea93e73e9e', '7921b1cb-2b96-4e55-a67f-0f22af0e95cf');
INSERT INTO public.library_task_recommendations VALUES ('9c924f91-1675-42e7-b62d-8cca55a6e4c0', 'ed7bfa03-5c1e-4c69-9695-33266dbe21fe', '7921b1cb-2b96-4e55-a67f-0f22af0e95cf');
INSERT INTO public.library_task_recommendations VALUES ('ee5fe360-3225-4deb-a51e-441ccddce65d', 'd869805c-e7a8-4ceb-8d04-e0e017487256', '7921b1cb-2b96-4e55-a67f-0f22af0e95cf');
INSERT INTO public.library_task_recommendations VALUES ('9748890b-d2da-4371-b324-a6570a4d22f2', '87abca2a-fa66-40c2-b203-7ebfc9b0bbae', '7921b1cb-2b96-4e55-a67f-0f22af0e95cf');
INSERT INTO public.library_task_recommendations VALUES ('199ce778-1eed-4a6f-9401-3fefe1b1baac', 'ed7bfa03-5c1e-4c69-9695-33266dbe21fe', '7921b1cb-2b96-4e55-a67f-0f22af0e95cf');
INSERT INTO public.library_task_recommendations VALUES ('37a72bab-91b2-41b4-bd83-107a5a4b4951', '1c17f15a-3933-4468-b567-3e9064fde41e', '7921b1cb-2b96-4e55-a67f-0f22af0e95cf');
INSERT INTO public.library_task_recommendations VALUES ('7b79a1b8-fe2c-4fe5-94a0-81409c033212', '225a322e-3c38-4285-ace7-da31b9ea5c41', '7921b1cb-2b96-4e55-a67f-0f22af0e95cf');
INSERT INTO public.library_task_recommendations VALUES ('7b79a1b8-fe2c-4fe5-94a0-81409c033212', '87edc574-5a43-4ca7-a154-cd933b78f505', '7921b1cb-2b96-4e55-a67f-0f22af0e95cf');
INSERT INTO public.library_task_recommendations VALUES ('450a47f4-a174-47d4-8c46-54d2fc12555f', '87abca2a-fa66-40c2-b203-7ebfc9b0bbae', '7921b1cb-2b96-4e55-a67f-0f22af0e95cf');
INSERT INTO public.library_task_recommendations VALUES ('27a4547a-3167-4087-be03-cc7568097936', 'fa4b2dad-0c14-4dfa-ac5d-a82b5ddceb89', '7921b1cb-2b96-4e55-a67f-0f22af0e95cf');
INSERT INTO public.library_task_recommendations VALUES ('a6c64af7-4968-452e-9501-b2b1f050cbf6', '225a322e-3c38-4285-ace7-da31b9ea5c41', '7921b1cb-2b96-4e55-a67f-0f22af0e95cf');
INSERT INTO public.library_task_recommendations VALUES ('a6c64af7-4968-452e-9501-b2b1f050cbf6', '655f79c5-8455-416d-8dfb-b286b485a653', '7921b1cb-2b96-4e55-a67f-0f22af0e95cf');
INSERT INTO public.library_task_recommendations VALUES ('ed717165-b18b-4f07-ba6a-f4a4e046123b', '1c17f15a-3933-4468-b567-3e9064fde41e', '7921b1cb-2b96-4e55-a67f-0f22af0e95cf');
INSERT INTO public.library_task_recommendations VALUES ('2593f81a-3c6a-4916-8590-51fc9b934207', 'ed7bfa03-5c1e-4c69-9695-33266dbe21fe', '7921b1cb-2b96-4e55-a67f-0f22af0e95cf');
INSERT INTO public.library_task_recommendations VALUES ('195f89bf-b80a-4853-8c73-972017ba8a50', '674a48d5-b9c0-4466-84b0-1a044e17821f', '7921b1cb-2b96-4e55-a67f-0f22af0e95cf');
INSERT INTO public.library_task_recommendations VALUES ('29a8acf6-8312-4f26-b773-7908d67d437f', 'e6798938-30da-4aab-bc3e-9a8b6ab73759', '33e934a7-c837-4a28-b896-9e4612a6c810');
INSERT INTO public.library_task_recommendations VALUES ('b0702e49-5604-4c8a-a0b6-8bd51ba1db68', 'e6798938-30da-4aab-bc3e-9a8b6ab73759', '33e934a7-c837-4a28-b896-9e4612a6c810');
INSERT INTO public.library_task_recommendations VALUES ('3dc04aa4-58b9-40b2-a34b-bb3c59d91120', 'e6798938-30da-4aab-bc3e-9a8b6ab73759', '33e934a7-c837-4a28-b896-9e4612a6c810');
INSERT INTO public.library_task_recommendations VALUES ('b0702e49-5604-4c8a-a0b6-8bd51ba1db68', 'f198b507-80e7-4c4d-a59b-f1f962ac3a05', 'cf25cc91-be50-4117-aced-c8a8f83db846');
INSERT INTO public.library_task_recommendations VALUES ('9c924f91-1675-42e7-b62d-8cca55a6e4c0', 'f198b507-80e7-4c4d-a59b-f1f962ac3a05', 'cf25cc91-be50-4117-aced-c8a8f83db846');
INSERT INTO public.library_task_recommendations VALUES ('199ce778-1eed-4a6f-9401-3fefe1b1baac', 'f198b507-80e7-4c4d-a59b-f1f962ac3a05', 'cf25cc91-be50-4117-aced-c8a8f83db846');
INSERT INTO public.library_task_recommendations VALUES ('27a4547a-3167-4087-be03-cc7568097936', 'f198b507-80e7-4c4d-a59b-f1f962ac3a05', 'cf25cc91-be50-4117-aced-c8a8f83db846');
INSERT INTO public.library_task_recommendations VALUES ('d280ee9d-ad2d-4a83-8af8-f61bca0a7057', 'f198b507-80e7-4c4d-a59b-f1f962ac3a05', 'cf25cc91-be50-4117-aced-c8a8f83db846');
INSERT INTO public.library_task_recommendations VALUES ('9d9464e3-c15d-4653-b2dc-25959015bb61', 'f198b507-80e7-4c4d-a59b-f1f962ac3a05', 'cf25cc91-be50-4117-aced-c8a8f83db846');
INSERT INTO public.library_task_recommendations VALUES ('2593f81a-3c6a-4916-8590-51fc9b934207', 'f198b507-80e7-4c4d-a59b-f1f962ac3a05', 'cf25cc91-be50-4117-aced-c8a8f83db846');
INSERT INTO public.library_task_recommendations VALUES ('e0d4426a-400b-48b3-abdc-940648d53c28', '9d1e99b6-e939-4a57-bb13-ab69dc901053', '7bd1b8f8-020a-46bd-bff0-d4fba5910cac');
INSERT INTO public.library_task_recommendations VALUES ('7b9bcd4f-cc64-48eb-8d38-ab8988dda7f6', '9d1e99b6-e939-4a57-bb13-ab69dc901053', '7bd1b8f8-020a-46bd-bff0-d4fba5910cac');
INSERT INTO public.library_task_recommendations VALUES ('29a8acf6-8312-4f26-b773-7908d67d437f', '2a4671f4-fb14-4b9f-bf4c-d45512ac0135', 'cf25cc91-be50-4117-aced-c8a8f83db846');
INSERT INTO public.library_task_recommendations VALUES ('2ce1dddc-72d6-4fae-b639-f855171abf00', '2a4671f4-fb14-4b9f-bf4c-d45512ac0135', 'cf25cc91-be50-4117-aced-c8a8f83db846');
INSERT INTO public.library_task_recommendations VALUES ('c2fed5e6-58c5-4b6b-b299-09d617f99f39', '2a4671f4-fb14-4b9f-bf4c-d45512ac0135', 'cf25cc91-be50-4117-aced-c8a8f83db846');
INSERT INTO public.library_task_recommendations VALUES ('3dc04aa4-58b9-40b2-a34b-bb3c59d91120', '2a4671f4-fb14-4b9f-bf4c-d45512ac0135', 'cf25cc91-be50-4117-aced-c8a8f83db846');
INSERT INTO public.library_task_recommendations VALUES ('23631748-7c0c-48f0-b0f8-e7e7bc676c18', '2a4671f4-fb14-4b9f-bf4c-d45512ac0135', 'cf25cc91-be50-4117-aced-c8a8f83db846');
INSERT INTO public.library_task_recommendations VALUES ('85c2c126-7d1c-4e39-8d73-03ebbf894804', '2a4671f4-fb14-4b9f-bf4c-d45512ac0135', 'cf25cc91-be50-4117-aced-c8a8f83db846');
INSERT INTO public.library_task_recommendations VALUES ('29a8acf6-8312-4f26-b773-7908d67d437f', 'c76648c4-5473-41e7-9058-7e5b079cf1d4', '08bbff19-ce5b-47c1-a680-4cd5d6d8866f');
INSERT INTO public.library_task_recommendations VALUES ('b0702e49-5604-4c8a-a0b6-8bd51ba1db68', 'f198b507-80e7-4c4d-a59b-f1f962ac3a05', '08bbff19-ce5b-47c1-a680-4cd5d6d8866f');
INSERT INTO public.library_task_recommendations VALUES ('35a07126-c052-4f57-b386-95581220cf05', 'c76648c4-5473-41e7-9058-7e5b079cf1d4', '08bbff19-ce5b-47c1-a680-4cd5d6d8866f');
INSERT INTO public.library_task_recommendations VALUES ('eebe5e56-d8c2-4816-b819-3ba0da0d6566', 'c76648c4-5473-41e7-9058-7e5b079cf1d4', '08bbff19-ce5b-47c1-a680-4cd5d6d8866f');
INSERT INTO public.library_task_recommendations VALUES ('9c924f91-1675-42e7-b62d-8cca55a6e4c0', 'f198b507-80e7-4c4d-a59b-f1f962ac3a05', '08bbff19-ce5b-47c1-a680-4cd5d6d8866f');
INSERT INTO public.library_task_recommendations VALUES ('199ce778-1eed-4a6f-9401-3fefe1b1baac', 'f198b507-80e7-4c4d-a59b-f1f962ac3a05', '08bbff19-ce5b-47c1-a680-4cd5d6d8866f');
INSERT INTO public.library_task_recommendations VALUES ('8d379ebc-493e-48ab-a519-a201359d0ad7', 'a066ef73-a9ab-452e-bdfc-c7cf5a9cf725', '08bbff19-ce5b-47c1-a680-4cd5d6d8866f');
INSERT INTO public.library_task_recommendations VALUES ('3dc04aa4-58b9-40b2-a34b-bb3c59d91120', 'c76648c4-5473-41e7-9058-7e5b079cf1d4', '08bbff19-ce5b-47c1-a680-4cd5d6d8866f');
INSERT INTO public.library_task_recommendations VALUES ('27a4547a-3167-4087-be03-cc7568097936', 'f198b507-80e7-4c4d-a59b-f1f962ac3a05', '08bbff19-ce5b-47c1-a680-4cd5d6d8866f');
INSERT INTO public.library_task_recommendations VALUES ('d280ee9d-ad2d-4a83-8af8-f61bca0a7057', 'f198b507-80e7-4c4d-a59b-f1f962ac3a05', '08bbff19-ce5b-47c1-a680-4cd5d6d8866f');
INSERT INTO public.library_task_recommendations VALUES ('9d9464e3-c15d-4653-b2dc-25959015bb61', 'f198b507-80e7-4c4d-a59b-f1f962ac3a05', '08bbff19-ce5b-47c1-a680-4cd5d6d8866f');
INSERT INTO public.library_task_recommendations VALUES ('23631748-7c0c-48f0-b0f8-e7e7bc676c18', '376234b2-1346-4e1f-9cb3-057d853b6628', '08bbff19-ce5b-47c1-a680-4cd5d6d8866f');
INSERT INTO public.library_task_recommendations VALUES ('2593f81a-3c6a-4916-8590-51fc9b934207', 'f198b507-80e7-4c4d-a59b-f1f962ac3a05', '08bbff19-ce5b-47c1-a680-4cd5d6d8866f');
INSERT INTO public.library_task_recommendations VALUES ('ed0a3403-fa19-460b-b2fe-32ca0d1063e1', 'c3d364df-34a4-4606-a343-77da4f35067d', '9445a787-c4cb-4fb2-8a49-1b9947f55876');
INSERT INTO public.library_task_recommendations VALUES ('238d46eb-72ba-47ee-8742-99ed25567366', 'a62c25ba-41a9-4850-b0de-23a33b0e50d2', 'f42676bc-01c7-4f57-a55b-8c07b5904c56');
INSERT INTO public.library_task_recommendations VALUES ('29a8acf6-8312-4f26-b773-7908d67d437f', 'a62c25ba-41a9-4850-b0de-23a33b0e50d2', 'f42676bc-01c7-4f57-a55b-8c07b5904c56');
INSERT INTO public.library_task_recommendations VALUES ('a36c2136-e8ad-45e7-a32e-1f515edca089', '1625a8d4-3330-4a9a-8054-f29948dde211', '0b2da794-4f9a-4ec2-adc6-ddd15342ca5e');
INSERT INTO public.library_task_recommendations VALUES ('ee5fe360-3225-4deb-a51e-441ccddce65d', '1625a8d4-3330-4a9a-8054-f29948dde211', '0b2da794-4f9a-4ec2-adc6-ddd15342ca5e');
INSERT INTO public.library_task_recommendations VALUES ('c0e9be57-d54a-4b59-8710-3ff9d964e414', 'b01022ea-430a-4ed5-ba3c-c80a4e5d517b', '8035cbfb-4b42-4c1f-9ae3-b8f57983660b');
INSERT INTO public.library_task_recommendations VALUES ('69bfb299-4543-4292-98bd-c52d05319666', '72f1cef7-3fd2-42af-8e60-c834b27d4860', '8b781386-e309-44d5-9b8d-35230f80119a');
INSERT INTO public.library_task_recommendations VALUES ('35a07126-c052-4f57-b386-95581220cf05', '01f5f6db-6635-4090-8e0e-9c1ea24c8d82', 'b9434a7d-62cc-4dc7-9e8e-02d418af7f7a');
INSERT INTO public.library_task_recommendations VALUES ('1d4de35b-2025-4fd4-b9f9-e6f29548c304', '203c1d2a-1831-4a96-b031-e106120c1b3f', 'b9434a7d-62cc-4dc7-9e8e-02d418af7f7a');
INSERT INTO public.library_task_recommendations VALUES ('c2fed5e6-58c5-4b6b-b299-09d617f99f39', '271cd95b-4725-47f2-ab54-ce40bcc6a80b', 'b9434a7d-62cc-4dc7-9e8e-02d418af7f7a');
INSERT INTO public.library_task_recommendations VALUES ('c0406c51-8e6f-4e27-bf72-cf80ac508277', '01f5f6db-6635-4090-8e0e-9c1ea24c8d82', 'b9434a7d-62cc-4dc7-9e8e-02d418af7f7a');
INSERT INTO public.library_task_recommendations VALUES ('07236ab1-19c5-439d-8403-d5d544f31ab5', 'cd6c66ba-a50a-4049-abe6-2fd6693e38dc', 'cfd7b6a5-45f2-42d2-83ce-f6426667095b');
INSERT INTO public.library_task_recommendations VALUES ('beb35c74-0e4e-443c-8061-b91eb35d4bed', 'cd6c66ba-a50a-4049-abe6-2fd6693e38dc', 'cfd7b6a5-45f2-42d2-83ce-f6426667095b');
INSERT INTO public.library_task_recommendations VALUES ('ff20527c-5375-4bb6-91e0-b280e9d6ffca', 'b8130b46-bc9d-43f9-8749-6e1f4d9cd4ed', '9445a787-c4cb-4fb2-8a49-1b9947f55876');
INSERT INTO public.library_task_recommendations VALUES ('66ef2d32-22fe-4a07-8d6c-2dde41a9df50', 'b8130b46-bc9d-43f9-8749-6e1f4d9cd4ed', '9445a787-c4cb-4fb2-8a49-1b9947f55876');
INSERT INTO public.library_task_recommendations VALUES ('a36c2136-e8ad-45e7-a32e-1f515edca089', '1625a8d4-3330-4a9a-8054-f29948dde211', 'ea323b12-7f98-4064-873c-92886cef07ec');
INSERT INTO public.library_task_recommendations VALUES ('ee5fe360-3225-4deb-a51e-441ccddce65d', '1625a8d4-3330-4a9a-8054-f29948dde211', 'ea323b12-7f98-4064-873c-92886cef07ec');
INSERT INTO public.library_task_recommendations VALUES ('b48e5589-9674-41eb-91f0-e4e7777cf4b2', '23041379-366e-4ab2-a0db-a18b569bdafb', 'b9434a7d-62cc-4dc7-9e8e-02d418af7f7a');
INSERT INTO public.library_task_recommendations VALUES ('9464aee6-1ddb-4e65-94e2-6007fabeea02', '23041379-366e-4ab2-a0db-a18b569bdafb', 'b9434a7d-62cc-4dc7-9e8e-02d418af7f7a');
INSERT INTO public.library_task_recommendations VALUES ('ac1e15a5-7021-48a6-a88d-b9799b6355ea', '23041379-366e-4ab2-a0db-a18b569bdafb', 'b9434a7d-62cc-4dc7-9e8e-02d418af7f7a');
INSERT INTO public.library_task_recommendations VALUES ('f89ac6f3-7598-490c-98e8-07b5986fcd0c', '23041379-366e-4ab2-a0db-a18b569bdafb', 'b9434a7d-62cc-4dc7-9e8e-02d418af7f7a');
INSERT INTO public.library_task_recommendations VALUES ('9748890b-d2da-4371-b324-a6570a4d22f2', '23041379-366e-4ab2-a0db-a18b569bdafb', 'b9434a7d-62cc-4dc7-9e8e-02d418af7f7a');
INSERT INTO public.library_task_recommendations VALUES ('7b79a1b8-fe2c-4fe5-94a0-81409c033212', '23041379-366e-4ab2-a0db-a18b569bdafb', 'b9434a7d-62cc-4dc7-9e8e-02d418af7f7a');
INSERT INTO public.library_task_recommendations VALUES ('8d379ebc-493e-48ab-a519-a201359d0ad7', '23041379-366e-4ab2-a0db-a18b569bdafb', 'b9434a7d-62cc-4dc7-9e8e-02d418af7f7a');
INSERT INTO public.library_task_recommendations VALUES ('23631748-7c0c-48f0-b0f8-e7e7bc676c18', '23041379-366e-4ab2-a0db-a18b569bdafb', 'b9434a7d-62cc-4dc7-9e8e-02d418af7f7a');
INSERT INTO public.library_task_recommendations VALUES ('22232ece-c66b-45db-9dd1-162c3c92d017', 'ab3e8daf-b193-47fb-9beb-d6b399d4f775', '1b79d139-38b2-44f7-aefc-e2871e2d46d9');
INSERT INTO public.library_task_recommendations VALUES ('b0702e49-5604-4c8a-a0b6-8bd51ba1db68', 'f34fdc2d-5dc2-4db2-852a-275f50fbc580', '5ddd6a21-1f39-45fc-af9d-1dc783eba9a5');
INSERT INTO public.library_task_recommendations VALUES ('23631748-7c0c-48f0-b0f8-e7e7bc676c18', 'f9055396-775d-4e0a-af3d-be2b60401814', '0b2da794-4f9a-4ec2-adc6-ddd15342ca5e');
INSERT INTO public.library_task_recommendations VALUES ('3fc9c105-f594-41be-9f24-c5c74cb495ad', 'be591329-a272-4e0f-8277-98df369fc821', 'd1a3a929-254a-4dbe-82b4-2c9272a8481a');
INSERT INTO public.library_task_recommendations VALUES ('48253a67-cad2-4fe0-bce8-9089465936e0', 'be591329-a272-4e0f-8277-98df369fc821', 'd1a3a929-254a-4dbe-82b4-2c9272a8481a');
INSERT INTO public.library_task_recommendations VALUES ('b48e5589-9674-41eb-91f0-e4e7777cf4b2', 'd5f817c0-200a-4fc7-9738-65567b514c4c', '6abcda1e-947c-4f1e-b913-18bc96c23334');
INSERT INTO public.library_task_recommendations VALUES ('ff20527c-5375-4bb6-91e0-b280e9d6ffca', 'd5f817c0-200a-4fc7-9738-65567b514c4c', '6abcda1e-947c-4f1e-b913-18bc96c23334');
INSERT INTO public.library_task_recommendations VALUES ('9c924f91-1675-42e7-b62d-8cca55a6e4c0', 'd5f817c0-200a-4fc7-9738-65567b514c4c', '6abcda1e-947c-4f1e-b913-18bc96c23334');
INSERT INTO public.library_task_recommendations VALUES ('199ce778-1eed-4a6f-9401-3fefe1b1baac', 'd5f817c0-200a-4fc7-9738-65567b514c4c', '6abcda1e-947c-4f1e-b913-18bc96c23334');
INSERT INTO public.library_task_recommendations VALUES ('3dc04aa4-58b9-40b2-a34b-bb3c59d91120', 'd5f817c0-200a-4fc7-9738-65567b514c4c', '6abcda1e-947c-4f1e-b913-18bc96c23334');
INSERT INTO public.library_task_recommendations VALUES ('66ef2d32-22fe-4a07-8d6c-2dde41a9df50', 'd5f817c0-200a-4fc7-9738-65567b514c4c', '6abcda1e-947c-4f1e-b913-18bc96c23334');
INSERT INTO public.library_task_recommendations VALUES ('27a4547a-3167-4087-be03-cc7568097936', 'd5f817c0-200a-4fc7-9738-65567b514c4c', '6abcda1e-947c-4f1e-b913-18bc96c23334');
INSERT INTO public.library_task_recommendations VALUES ('2593f81a-3c6a-4916-8590-51fc9b934207', 'd5f817c0-200a-4fc7-9738-65567b514c4c', '6abcda1e-947c-4f1e-b913-18bc96c23334');
INSERT INTO public.library_task_recommendations VALUES ('ee5fe360-3225-4deb-a51e-441ccddce65d', '87b77997-08cc-4a49-ad31-22a8353b445d', 'cfd7b6a5-45f2-42d2-83ce-f6426667095b');
INSERT INTO public.library_task_recommendations VALUES ('238d46eb-72ba-47ee-8742-99ed25567366', '2330705c-290e-4010-9be4-62e7cb5d0477', 'f5fb0d9d-1e01-42b7-835e-7c5e46482119');
INSERT INTO public.library_task_recommendations VALUES ('a3de1387-17a5-4b9f-a6ea-391990d4a199', '2330705c-290e-4010-9be4-62e7cb5d0477', 'f5fb0d9d-1e01-42b7-835e-7c5e46482119');
INSERT INTO public.library_task_recommendations VALUES ('7b79a1b8-fe2c-4fe5-94a0-81409c033212', '2330705c-290e-4010-9be4-62e7cb5d0477', 'f5fb0d9d-1e01-42b7-835e-7c5e46482119');
INSERT INTO public.library_task_recommendations VALUES ('450a47f4-a174-47d4-8c46-54d2fc12555f', '2330705c-290e-4010-9be4-62e7cb5d0477', 'f5fb0d9d-1e01-42b7-835e-7c5e46482119');
INSERT INTO public.library_task_recommendations VALUES ('20758fec-c71a-4954-b1fa-6284e6782afc', '2330705c-290e-4010-9be4-62e7cb5d0477', 'f5fb0d9d-1e01-42b7-835e-7c5e46482119');
INSERT INTO public.library_task_recommendations VALUES ('13973c9b-95e5-424c-b2ca-930682b57cbd', '2330705c-290e-4010-9be4-62e7cb5d0477', 'f5fb0d9d-1e01-42b7-835e-7c5e46482119');
INSERT INTO public.library_task_recommendations VALUES ('a6c64af7-4968-452e-9501-b2b1f050cbf6', '2330705c-290e-4010-9be4-62e7cb5d0477', 'f5fb0d9d-1e01-42b7-835e-7c5e46482119');
INSERT INTO public.library_task_recommendations VALUES ('c0406c51-8e6f-4e27-bf72-cf80ac508277', '2330705c-290e-4010-9be4-62e7cb5d0477', 'f5fb0d9d-1e01-42b7-835e-7c5e46482119');
INSERT INTO public.library_task_recommendations VALUES ('195f89bf-b80a-4853-8c73-972017ba8a50', '2330705c-290e-4010-9be4-62e7cb5d0477', 'f5fb0d9d-1e01-42b7-835e-7c5e46482119');
INSERT INTO public.library_task_recommendations VALUES ('23631748-7c0c-48f0-b0f8-e7e7bc676c18', 'f9055396-775d-4e0a-af3d-be2b60401814', '09cf14aa-3069-469a-ae4a-d2bb7e50d767');
INSERT INTO public.library_task_recommendations VALUES ('35a07126-c052-4f57-b386-95581220cf05', '450e2223-58da-431c-8cc1-e09b001e4764', 'f42676bc-01c7-4f57-a55b-8c07b5904c56');
INSERT INTO public.library_task_recommendations VALUES ('7b9bcd4f-cc64-48eb-8d38-ab8988dda7f6', 'cc751338-928a-499a-b1dd-87b9ecc573fd', '9445a787-c4cb-4fb2-8a49-1b9947f55876');
INSERT INTO public.library_task_recommendations VALUES ('223b04e9-62fa-4cf9-97f7-42d7e63994f0', '7924f0e9-090a-4121-9e67-ad1e0a9d5998', '730d586c-f9fc-48c2-bab9-018e5474b81c');
INSERT INTO public.library_task_recommendations VALUES ('9464aee6-1ddb-4e65-94e2-6007fabeea02', '87abca2a-fa66-40c2-b203-7ebfc9b0bbae', '33e934a7-c837-4a28-b896-9e4612a6c810');
INSERT INTO public.library_task_recommendations VALUES ('9748890b-d2da-4371-b324-a6570a4d22f2', '87abca2a-fa66-40c2-b203-7ebfc9b0bbae', '33e934a7-c837-4a28-b896-9e4612a6c810');
INSERT INTO public.library_task_recommendations VALUES ('450a47f4-a174-47d4-8c46-54d2fc12555f', '87abca2a-fa66-40c2-b203-7ebfc9b0bbae', '33e934a7-c837-4a28-b896-9e4612a6c810');
INSERT INTO public.library_task_recommendations VALUES ('27a4547a-3167-4087-be03-cc7568097936', 'fa4b2dad-0c14-4dfa-ac5d-a82b5ddceb89', '9445a787-c4cb-4fb2-8a49-1b9947f55876');
INSERT INTO public.library_task_recommendations VALUES ('9071983c-5123-475f-9f1c-351c6756a5a5', '0de4f8b2-b328-49de-9e29-2c41d96b7ee8', '33e934a7-c837-4a28-b896-9e4612a6c810');
INSERT INTO public.library_task_recommendations VALUES ('e0d4426a-400b-48b3-abdc-940648d53c28', '9d1e99b6-e939-4a57-bb13-ab69dc901053', '33e934a7-c837-4a28-b896-9e4612a6c810');
INSERT INTO public.library_task_recommendations VALUES ('7b9bcd4f-cc64-48eb-8d38-ab8988dda7f6', '9d1e99b6-e939-4a57-bb13-ab69dc901053', '33e934a7-c837-4a28-b896-9e4612a6c810');
INSERT INTO public.library_task_recommendations VALUES ('c0e9be57-d54a-4b59-8710-3ff9d964e414', '0de4f8b2-b328-49de-9e29-2c41d96b7ee8', '33e934a7-c837-4a28-b896-9e4612a6c810');
INSERT INTO public.library_task_recommendations VALUES ('29a8acf6-8312-4f26-b773-7908d67d437f', '4c9a74d2-a290-416e-ad85-ea4129cceb0a', '8897d760-3e77-499b-a3b8-ef060ac5fbd9');
INSERT INTO public.library_task_recommendations VALUES ('b0702e49-5604-4c8a-a0b6-8bd51ba1db68', '4c9a74d2-a290-416e-ad85-ea4129cceb0a', '8897d760-3e77-499b-a3b8-ef060ac5fbd9');
INSERT INTO public.library_task_recommendations VALUES ('f89ac6f3-7598-490c-98e8-07b5986fcd0c', '4c9a74d2-a290-416e-ad85-ea4129cceb0a', '8897d760-3e77-499b-a3b8-ef060ac5fbd9');
INSERT INTO public.library_task_recommendations VALUES ('7b9bcd4f-cc64-48eb-8d38-ab8988dda7f6', '4c9a74d2-a290-416e-ad85-ea4129cceb0a', '8897d760-3e77-499b-a3b8-ef060ac5fbd9');
INSERT INTO public.library_task_recommendations VALUES ('1d4de35b-2025-4fd4-b9f9-e6f29548c304', '4c9a74d2-a290-416e-ad85-ea4129cceb0a', '8897d760-3e77-499b-a3b8-ef060ac5fbd9');
INSERT INTO public.library_task_recommendations VALUES ('ed0a3403-fa19-460b-b2fe-32ca0d1063e1', '4c9a74d2-a290-416e-ad85-ea4129cceb0a', '8897d760-3e77-499b-a3b8-ef060ac5fbd9');
INSERT INTO public.library_task_recommendations VALUES ('450a47f4-a174-47d4-8c46-54d2fc12555f', '4c9a74d2-a290-416e-ad85-ea4129cceb0a', '8897d760-3e77-499b-a3b8-ef060ac5fbd9');
INSERT INTO public.library_task_recommendations VALUES ('3dc04aa4-58b9-40b2-a34b-bb3c59d91120', '4c9a74d2-a290-416e-ad85-ea4129cceb0a', '8897d760-3e77-499b-a3b8-ef060ac5fbd9');
INSERT INTO public.library_task_recommendations VALUES ('4609fbd4-c55b-4cdc-9302-7c0a8794643f', '4c9a74d2-a290-416e-ad85-ea4129cceb0a', '8897d760-3e77-499b-a3b8-ef060ac5fbd9');
INSERT INTO public.library_task_recommendations VALUES ('c0e9be57-d54a-4b59-8710-3ff9d964e414', '4c9a74d2-a290-416e-ad85-ea4129cceb0a', '8897d760-3e77-499b-a3b8-ef060ac5fbd9');
INSERT INTO public.library_task_recommendations VALUES ('e7c23039-78b3-46be-ab03-844a3140f358', '4c9a74d2-a290-416e-ad85-ea4129cceb0a', '8897d760-3e77-499b-a3b8-ef060ac5fbd9');
INSERT INTO public.library_task_recommendations VALUES ('ac1e15a5-7021-48a6-a88d-b9799b6355ea', '604bab16-64c3-4870-bd2e-52ea93e73e9e', '7bd1b8f8-020a-46bd-bff0-d4fba5910cac');
INSERT INTO public.library_task_recommendations VALUES ('7a16673f-0ef8-4d12-8d33-9586cbfe1f54', '604bab16-64c3-4870-bd2e-52ea93e73e9e', '7bd1b8f8-020a-46bd-bff0-d4fba5910cac');
INSERT INTO public.library_task_recommendations VALUES ('e0d4426a-400b-48b3-abdc-940648d53c28', '9d1e99b6-e939-4a57-bb13-ab69dc901053', '8aac579e-b59c-4252-8939-c799b7f9166d');
INSERT INTO public.library_task_recommendations VALUES ('7b9bcd4f-cc64-48eb-8d38-ab8988dda7f6', '9d1e99b6-e939-4a57-bb13-ab69dc901053', '8aac579e-b59c-4252-8939-c799b7f9166d');
INSERT INTO public.library_task_recommendations VALUES ('ad7a3d5c-ea72-45ed-a849-96540c68d337', '78bd1d30-057a-47f0-b122-08a8c1f3e12c', '62ca2539-c0c4-4920-aca8-60e8536e725d');
INSERT INTO public.library_task_recommendations VALUES ('d8217652-973e-4216-aea5-28ced89eac26', 'bbaa12bb-0ef0-4f9e-bd91-fc8417bcba55', '7bd1b8f8-020a-46bd-bff0-d4fba5910cac');
INSERT INTO public.library_task_recommendations VALUES ('35a07126-c052-4f57-b386-95581220cf05', '79548b0a-9a11-4a9f-bd66-e1aa601a77d8', '7bd1b8f8-020a-46bd-bff0-d4fba5910cac');
INSERT INTO public.library_task_recommendations VALUES ('9c924f91-1675-42e7-b62d-8cca55a6e4c0', 'ed7bfa03-5c1e-4c69-9695-33266dbe21fe', '7bd1b8f8-020a-46bd-bff0-d4fba5910cac');
INSERT INTO public.library_task_recommendations VALUES ('199ce778-1eed-4a6f-9401-3fefe1b1baac', 'ed7bfa03-5c1e-4c69-9695-33266dbe21fe', '7bd1b8f8-020a-46bd-bff0-d4fba5910cac');
INSERT INTO public.library_task_recommendations VALUES ('2593f81a-3c6a-4916-8590-51fc9b934207', 'ed7bfa03-5c1e-4c69-9695-33266dbe21fe', '7bd1b8f8-020a-46bd-bff0-d4fba5910cac');
INSERT INTO public.library_task_recommendations VALUES ('a36c2136-e8ad-45e7-a32e-1f515edca089', '444fc4b3-3b98-4b08-abbe-dbb799903c4c', 'ea323b12-7f98-4064-873c-92886cef07ec');
INSERT INTO public.library_task_recommendations VALUES ('f859c660-0513-4470-9d86-06c5c9643314', '444fc4b3-3b98-4b08-abbe-dbb799903c4c', 'ea323b12-7f98-4064-873c-92886cef07ec');
INSERT INTO public.library_task_recommendations VALUES ('eebe5e56-d8c2-4816-b819-3ba0da0d6566', '444fc4b3-3b98-4b08-abbe-dbb799903c4c', 'ea323b12-7f98-4064-873c-92886cef07ec');
INSERT INTO public.library_task_recommendations VALUES ('ee5fe360-3225-4deb-a51e-441ccddce65d', '444fc4b3-3b98-4b08-abbe-dbb799903c4c', 'ea323b12-7f98-4064-873c-92886cef07ec');
INSERT INTO public.library_task_recommendations VALUES ('77cc07b4-fdcf-4a2b-a5e0-cc77e8c4ecc4', '444fc4b3-3b98-4b08-abbe-dbb799903c4c', 'ea323b12-7f98-4064-873c-92886cef07ec');
INSERT INTO public.library_task_recommendations VALUES ('3dc04aa4-58b9-40b2-a34b-bb3c59d91120', '444fc4b3-3b98-4b08-abbe-dbb799903c4c', 'ea323b12-7f98-4064-873c-92886cef07ec');
INSERT INTO public.library_task_recommendations VALUES ('01baa494-99c5-43bf-aa8a-53a6f4732924', '94f174da-bd95-4a23-8dda-967a04ad4547', '0f2534da-adad-4dab-a700-8d1493f5ba82');
INSERT INTO public.library_task_recommendations VALUES ('ac1e15a5-7021-48a6-a88d-b9799b6355ea', '94f174da-bd95-4a23-8dda-967a04ad4547', '0f2534da-adad-4dab-a700-8d1493f5ba82');
INSERT INTO public.library_task_recommendations VALUES ('ed0a3403-fa19-460b-b2fe-32ca0d1063e1', '94f174da-bd95-4a23-8dda-967a04ad4547', '0f2534da-adad-4dab-a700-8d1493f5ba82');
INSERT INTO public.library_task_recommendations VALUES ('27a4547a-3167-4087-be03-cc7568097936', '94f174da-bd95-4a23-8dda-967a04ad4547', '0f2534da-adad-4dab-a700-8d1493f5ba82');
INSERT INTO public.library_task_recommendations VALUES ('4609fbd4-c55b-4cdc-9302-7c0a8794643f', '94f174da-bd95-4a23-8dda-967a04ad4547', '0f2534da-adad-4dab-a700-8d1493f5ba82');
INSERT INTO public.library_task_recommendations VALUES ('23631748-7c0c-48f0-b0f8-e7e7bc676c18', '94f174da-bd95-4a23-8dda-967a04ad4547', '0f2534da-adad-4dab-a700-8d1493f5ba82');
INSERT INTO public.library_task_recommendations VALUES ('23631748-7c0c-48f0-b0f8-e7e7bc676c18', 'f9055396-775d-4e0a-af3d-be2b60401814', '33e934a7-c837-4a28-b896-9e4612a6c810');
INSERT INTO public.library_task_recommendations VALUES ('450a47f4-a174-47d4-8c46-54d2fc12555f', 'd80218dc-ca1b-4faa-b318-d9974e8ff728', '53a4afff-cfd5-4b30-89af-3d875f62722a');
INSERT INTO public.library_task_recommendations VALUES ('3fc9c105-f594-41be-9f24-c5c74cb495ad', 'ab2071b5-e299-454a-adf0-f42ac141c936', 'cfd7b6a5-45f2-42d2-83ce-f6426667095b');
INSERT INTO public.library_task_recommendations VALUES ('c7f383d0-c01e-43fc-8d62-c262862aca69', 'ab2071b5-e299-454a-adf0-f42ac141c936', 'cfd7b6a5-45f2-42d2-83ce-f6426667095b');
INSERT INTO public.library_task_recommendations VALUES ('a3de1387-17a5-4b9f-a6ea-391990d4a199', '20b5689a-ce74-40f8-a922-e2d5dc9a91f5', '25ae5c04-3dab-4c7d-bf0d-2317fd997619');
INSERT INTO public.library_task_recommendations VALUES ('ac1e15a5-7021-48a6-a88d-b9799b6355ea', '5bd09b75-9bc3-4afa-9cf4-012c4efe0dbe', 'ff161bca-e057-4045-a3fe-708b6569ab8a');
INSERT INTO public.library_task_recommendations VALUES ('7b9bcd4f-cc64-48eb-8d38-ab8988dda7f6', '5bd09b75-9bc3-4afa-9cf4-012c4efe0dbe', 'ff161bca-e057-4045-a3fe-708b6569ab8a');
INSERT INTO public.library_task_recommendations VALUES ('3fc9c105-f594-41be-9f24-c5c74cb495ad', '5bd09b75-9bc3-4afa-9cf4-012c4efe0dbe', 'ff161bca-e057-4045-a3fe-708b6569ab8a');
INSERT INTO public.library_task_recommendations VALUES ('3fc9c105-f594-41be-9f24-c5c74cb495ad', 'ab2071b5-e299-454a-adf0-f42ac141c936', 'ff161bca-e057-4045-a3fe-708b6569ab8a');
INSERT INTO public.library_task_recommendations VALUES ('c7f383d0-c01e-43fc-8d62-c262862aca69', '5bd09b75-9bc3-4afa-9cf4-012c4efe0dbe', 'ff161bca-e057-4045-a3fe-708b6569ab8a');
INSERT INTO public.library_task_recommendations VALUES ('c7f383d0-c01e-43fc-8d62-c262862aca69', 'ab2071b5-e299-454a-adf0-f42ac141c936', 'ff161bca-e057-4045-a3fe-708b6569ab8a');
INSERT INTO public.rm_calc_parameters VALUES ('contractor_safety_history_near_miss', '0.001', NULL);
INSERT INTO public.rm_calc_parameters VALUES ('contractor_safety_history_first_aid', '0.007', NULL);
INSERT INTO public.rm_calc_parameters VALUES ('contractor_safety_history_recordable', '0.033', NULL);
INSERT INTO public.rm_calc_parameters VALUES ('contractor_safety_history_restricted', '0.033', NULL);
INSERT INTO public.rm_calc_parameters VALUES ('contractor_safety_history_lost_time', '0.067', NULL);
INSERT INTO public.rm_calc_parameters VALUES ('contractor_safety_history_p_sif', '0.10', NULL);
INSERT INTO public.rm_calc_parameters VALUES ('contractor_safety_history_sif', '0.10', NULL);
INSERT INTO public.rm_calc_parameters VALUES ('contractor_project_execution_cph_weight_low', '0', NULL);
INSERT INTO public.rm_calc_parameters VALUES ('contractor_project_execution_cph_weight_high', '1', NULL);
INSERT INTO public.rm_calc_parameters VALUES ('contractor_project_execution_exp_factor_1', '1', NULL);
INSERT INTO public.rm_calc_parameters VALUES ('contractor_project_execution_exp_factor_2', '0.5', NULL);
INSERT INTO public.rm_calc_parameters VALUES ('contractor_project_execution_exp_factor_n', '0', NULL);
INSERT INTO public.rm_calc_parameters VALUES ('sef_obs_number_threshold', '4', NULL);
INSERT INTO public.rm_calc_parameters VALUES ('sef_esd_number_threshold', '4', NULL);
INSERT INTO public.rm_calc_parameters VALUES ('sef_obs_number_value_below', '1', NULL);
INSERT INTO public.rm_calc_parameters VALUES ('sef_obs_number_value_above', '0', NULL);
INSERT INTO public.rm_calc_parameters VALUES ('sef_esd_number_value_below', '1', NULL);
INSERT INTO public.rm_calc_parameters VALUES ('sef_esd_number_value_above', '0', NULL);
INSERT INTO public.rm_calc_parameters VALUES ('sef_obs_timing_threshold_first', '0.25', NULL);
INSERT INTO public.rm_calc_parameters VALUES ('sef_obs_timing_threshold_second', '0.5', NULL);
INSERT INTO public.rm_calc_parameters VALUES ('sef_obs_timing_threshold_third', '0.75', NULL);
INSERT INTO public.rm_calc_parameters VALUES ('sef_obs_timing_value_first', '0', NULL);
INSERT INTO public.rm_calc_parameters VALUES ('sef_obs_timing_value_second', '1', NULL);
INSERT INTO public.rm_calc_parameters VALUES ('sef_obs_timing_value_third', '1.5', NULL);
INSERT INTO public.rm_calc_parameters VALUES ('sef_obs_timing_value_fourth', '2', NULL);
INSERT INTO public.rm_calc_parameters VALUES ('sef_esd_timing_threshold_first', '0.25', NULL);
INSERT INTO public.rm_calc_parameters VALUES ('sef_esd_timing_threshold_second', '0.5', NULL);
INSERT INTO public.rm_calc_parameters VALUES ('sef_esd_timing_threshold_third', '0.75', NULL);
INSERT INTO public.rm_calc_parameters VALUES ('sef_esd_timing_value_first', '0', NULL);
INSERT INTO public.rm_calc_parameters VALUES ('sef_esd_timing_value_second', '1', NULL);
INSERT INTO public.rm_calc_parameters VALUES ('sef_esd_timing_value_third', '1.5', NULL);
INSERT INTO public.rm_calc_parameters VALUES ('sef_esd_timing_value_fourth', '2', NULL);
INSERT INTO public.rm_calc_parameters VALUES ('sef_obs_month_fraction', '0.75', NULL);
INSERT INTO public.rm_calc_parameters VALUES ('sef_esd_month_fraction', '0.75', NULL);
INSERT INTO public.rm_calc_parameters VALUES ('project_safety_climate_multiplier_w_sef', '0.20', NULL);
INSERT INTO public.rm_calc_parameters VALUES ('project_safety_climate_multiplier_w_csr', '0.80', NULL);
INSERT INTO public.rm_calc_parameters VALUES ('task_specific_safety_climate_multiplier_near_miss', '0.001', NULL);
INSERT INTO public.rm_calc_parameters VALUES ('task_specific_safety_climate_multiplier_first_aid', '0.007', NULL);
INSERT INTO public.rm_calc_parameters VALUES ('task_specific_safety_climate_multiplier_recordable', '0.033', NULL);
INSERT INTO public.rm_calc_parameters VALUES ('task_specific_safety_climate_multiplier_restricted', '0.033', NULL);
INSERT INTO public.rm_calc_parameters VALUES ('task_specific_safety_climate_multiplier_lost_time', '0.067', NULL);
INSERT INTO public.rm_calc_parameters VALUES ('task_specific_safety_climate_multiplier_p_sif', '0.10', NULL);
INSERT INTO public.rm_calc_parameters VALUES ('task_specific_safety_climate_multiplier_sif', '0.10', NULL);
INSERT INTO public.rm_calc_parameters VALUES ('total_task_risk_score_ranking_low', '85.0', NULL);
INSERT INTO public.rm_calc_parameters VALUES ('total_task_risk_score_ranking_medium', '210.0', NULL);
INSERT INTO public.rm_calc_parameters VALUES ('task_specific_risk_score_ranking_low', '85.0', NULL);
INSERT INTO public.rm_calc_parameters VALUES ('task_specific_risk_score_ranking_medium', '210.0', NULL);
INSERT INTO public.rm_calc_parameters VALUES ('project_risk_score_ranking_low', '100.0', NULL);
INSERT INTO public.rm_calc_parameters VALUES ('project_risk_score_ranking_medium', '250.0', NULL);
INSERT INTO public.rm_calc_parameters VALUES ('project_location_risk_score_ranking_low', '100.0', NULL);
INSERT INTO public.rm_calc_parameters VALUES ('project_location_risk_score_ranking_medium', '250.0', NULL);
